2025-02-07 05:56:00 - DEBUG - Changing event name from creating-client-class.iot-data to creating-client-class.iot-data-plane
2025-02-07 05:56:00 - DEBUG - Changing event name from creating-client-class.iot-data to creating-client-class.iot-data-plane
2025-02-07 05:56:00 - DEBUG - Changing event name from creating-client-class.iot-data to creating-client-class.iot-data-plane
2025-02-07 05:56:00 - DEBUG - Changing event name from creating-client-class.iot-data to creating-client-class.iot-data-plane
2025-02-07 05:56:00 - DEBUG - Changing event name from creating-client-class.iot-data to creating-client-class.iot-data-plane
2025-02-07 05:56:00 - DEBUG - Changing event name from before-call.apigateway to before-call.api-gateway
2025-02-07 05:56:00 - DEBUG - Changing event name from creating-client-class.iot-data to creating-client-class.iot-data-plane
2025-02-07 05:56:00 - DEBUG - Changing event name from before-call.apigateway to before-call.api-gateway
2025-02-07 05:56:00 - DEBUG - Changing event name from creating-client-class.iot-data to creating-client-class.iot-data-plane
2025-02-07 05:56:00 - DEBUG - Changing event name from before-call.apigateway to before-call.api-gateway
2025-02-07 05:56:00 - DEBUG - Changing event name from before-call.apigateway to before-call.api-gateway
2025-02-07 05:56:00 - DEBUG - Changing event name from request-created.machinelearning.Predict to request-created.machine-learning.Predict
2025-02-07 05:56:00 - DEBUG - Changing event name from request-created.machinelearning.Predict to request-created.machine-learning.Predict
2025-02-07 05:56:00 - DEBUG - Changing event name from request-created.machinelearning.Predict to request-created.machine-learning.Predict
2025-02-07 05:56:00 - DEBUG - Changing event name from request-created.machinelearning.Predict to request-created.machine-learning.Predict
2025-02-07 05:56:00 - DEBUG - Changing event name from before-parameter-build.autoscaling.CreateLaunchConfiguration to before-parameter-build.auto-scaling.CreateLaunchConfiguration
2025-02-07 05:56:00 - DEBUG - Changing event name from before-parameter-build.autoscaling.CreateLaunchConfiguration to before-parameter-build.auto-scaling.CreateLaunchConfiguration
2025-02-07 05:56:00 - DEBUG - Changing event name from before-parameter-build.route53 to before-parameter-build.route-53
2025-02-07 05:56:00 - DEBUG - Changing event name from before-call.apigateway to before-call.api-gateway
2025-02-07 05:56:00 - DEBUG - Changing event name from before-call.apigateway to before-call.api-gateway
2025-02-07 05:56:00 - DEBUG - Changing event name from before-parameter-build.route53 to before-parameter-build.route-53
2025-02-07 05:56:00 - DEBUG - Changing event name from before-call.apigateway to before-call.api-gateway
2025-02-07 05:56:00 - DEBUG - Changing event name from before-parameter-build.autoscaling.CreateLaunchConfiguration to before-parameter-build.auto-scaling.CreateLaunchConfiguration
2025-02-07 05:56:00 - DEBUG - Changing event name from before-parameter-build.route53 to before-parameter-build.route-53
2025-02-07 05:56:00 - DEBUG - Changing event name from before-parameter-build.autoscaling.CreateLaunchConfiguration to before-parameter-build.auto-scaling.CreateLaunchConfiguration
2025-02-07 05:56:00 - DEBUG - Changing event name from before-parameter-build.route53 to before-parameter-build.route-53
2025-02-07 05:56:00 - DEBUG - Changing event name from request-created.cloudsearchdomain.Search to request-created.cloudsearch-domain.Search
2025-02-07 05:56:00 - DEBUG - Changing event name from request-created.machinelearning.Predict to request-created.machine-learning.Predict
2025-02-07 05:56:00 - DEBUG - Changing event name from request-created.machinelearning.Predict to request-created.machine-learning.Predict
2025-02-07 05:56:00 - DEBUG - Changing event name from request-created.machinelearning.Predict to request-created.machine-learning.Predict
2025-02-07 05:56:00 - DEBUG - Changing event name from request-created.cloudsearchdomain.Search to request-created.cloudsearch-domain.Search
2025-02-07 05:56:00 - DEBUG - Changing event name from request-created.cloudsearchdomain.Search to request-created.cloudsearch-domain.Search
2025-02-07 05:56:00 - DEBUG - Changing event name from request-created.cloudsearchdomain.Search to request-created.cloudsearch-domain.Search
2025-02-07 05:56:00 - DEBUG - Changing event name from docs.*.autoscaling.CreateLaunchConfiguration.complete-section to docs.*.auto-scaling.CreateLaunchConfiguration.complete-section
2025-02-07 05:56:00 - DEBUG - Changing event name from docs.*.autoscaling.CreateLaunchConfiguration.complete-section to docs.*.auto-scaling.CreateLaunchConfiguration.complete-section
2025-02-07 05:56:00 - DEBUG - Changing event name from docs.*.autoscaling.CreateLaunchConfiguration.complete-section to docs.*.auto-scaling.CreateLaunchConfiguration.complete-section
2025-02-07 05:56:00 - DEBUG - Changing event name from before-parameter-build.autoscaling.CreateLaunchConfiguration to before-parameter-build.auto-scaling.CreateLaunchConfiguration
2025-02-07 05:56:00 - DEBUG - Changing event name from docs.*.autoscaling.CreateLaunchConfiguration.complete-section to docs.*.auto-scaling.CreateLaunchConfiguration.complete-section
2025-02-07 05:56:00 - DEBUG - Changing event name from before-parameter-build.autoscaling.CreateLaunchConfiguration to before-parameter-build.auto-scaling.CreateLaunchConfiguration
2025-02-07 05:56:00 - DEBUG - Changing event name from before-parameter-build.route53 to before-parameter-build.route-53
2025-02-07 05:56:00 - DEBUG - Changing event name from before-parameter-build.route53 to before-parameter-build.route-53
2025-02-07 05:56:00 - DEBUG - Changing event name from before-parameter-build.autoscaling.CreateLaunchConfiguration to before-parameter-build.auto-scaling.CreateLaunchConfiguration
2025-02-07 05:56:00 - DEBUG - Changing event name from request-created.cloudsearchdomain.Search to request-created.cloudsearch-domain.Search
2025-02-07 05:56:00 - DEBUG - Changing event name from before-parameter-build.route53 to before-parameter-build.route-53
2025-02-07 05:56:00 - DEBUG - Changing event name from request-created.cloudsearchdomain.Search to request-created.cloudsearch-domain.Search
2025-02-07 05:56:00 - DEBUG - Changing event name from request-created.cloudsearchdomain.Search to request-created.cloudsearch-domain.Search
2025-02-07 05:56:00 - DEBUG - Changing event name from docs.*.autoscaling.CreateLaunchConfiguration.complete-section to docs.*.auto-scaling.CreateLaunchConfiguration.complete-section
2025-02-07 05:56:00 - DEBUG - Changing event name from docs.*.autoscaling.CreateLaunchConfiguration.complete-section to docs.*.auto-scaling.CreateLaunchConfiguration.complete-section
2025-02-07 05:56:00 - DEBUG - Changing event name from before-parameter-build.logs.CreateExportTask to before-parameter-build.cloudwatch-logs.CreateExportTask
2025-02-07 05:56:00 - DEBUG - Changing event name from before-parameter-build.logs.CreateExportTask to before-parameter-build.cloudwatch-logs.CreateExportTask
2025-02-07 05:56:00 - DEBUG - Changing event name from docs.*.autoscaling.CreateLaunchConfiguration.complete-section to docs.*.auto-scaling.CreateLaunchConfiguration.complete-section
2025-02-07 05:56:00 - DEBUG - Changing event name from docs.*.logs.CreateExportTask.complete-section to docs.*.cloudwatch-logs.CreateExportTask.complete-section
2025-02-07 05:56:00 - DEBUG - Changing event name from docs.*.logs.CreateExportTask.complete-section to docs.*.cloudwatch-logs.CreateExportTask.complete-section
2025-02-07 05:56:00 - DEBUG - Changing event name from before-parameter-build.logs.CreateExportTask to before-parameter-build.cloudwatch-logs.CreateExportTask
2025-02-07 05:56:00 - DEBUG - Changing event name from before-parameter-build.cloudsearchdomain.Search to before-parameter-build.cloudsearch-domain.Search
2025-02-07 05:56:00 - DEBUG - Changing event name from before-parameter-build.cloudsearchdomain.Search to before-parameter-build.cloudsearch-domain.Search
2025-02-07 05:56:00 - DEBUG - Changing event name from docs.*.logs.CreateExportTask.complete-section to docs.*.cloudwatch-logs.CreateExportTask.complete-section
2025-02-07 05:56:00 - DEBUG - Changing event name from docs.*.cloudsearchdomain.Search.complete-section to docs.*.cloudsearch-domain.Search.complete-section
2025-02-07 05:56:00 - DEBUG - Changing event name from before-parameter-build.logs.CreateExportTask to before-parameter-build.cloudwatch-logs.CreateExportTask
2025-02-07 05:56:00 - DEBUG - Changing event name from docs.*.cloudsearchdomain.Search.complete-section to docs.*.cloudsearch-domain.Search.complete-section
2025-02-07 05:56:00 - DEBUG - Changing event name from before-parameter-build.cloudsearchdomain.Search to before-parameter-build.cloudsearch-domain.Search
2025-02-07 05:56:00 - DEBUG - Changing event name from docs.*.logs.CreateExportTask.complete-section to docs.*.cloudwatch-logs.CreateExportTask.complete-section
2025-02-07 05:56:00 - DEBUG - Changing event name from docs.*.cloudsearchdomain.Search.complete-section to docs.*.cloudsearch-domain.Search.complete-section
2025-02-07 05:56:00 - DEBUG - Changing event name from before-parameter-build.cloudsearchdomain.Search to before-parameter-build.cloudsearch-domain.Search
2025-02-07 05:56:00 - DEBUG - Changing event name from docs.*.cloudsearchdomain.Search.complete-section to docs.*.cloudsearch-domain.Search.complete-section
2025-02-07 05:56:00 - DEBUG - Changing event name from before-parameter-build.logs.CreateExportTask to before-parameter-build.cloudwatch-logs.CreateExportTask
2025-02-07 05:56:00 - DEBUG - Changing event name from docs.*.logs.CreateExportTask.complete-section to docs.*.cloudwatch-logs.CreateExportTask.complete-section
2025-02-07 05:56:00 - DEBUG - Changing event name from before-parameter-build.logs.CreateExportTask to before-parameter-build.cloudwatch-logs.CreateExportTask
2025-02-07 05:56:00 - DEBUG - Changing event name from before-parameter-build.logs.CreateExportTask to before-parameter-build.cloudwatch-logs.CreateExportTask
2025-02-07 05:56:00 - DEBUG - Changing event name from docs.*.logs.CreateExportTask.complete-section to docs.*.cloudwatch-logs.CreateExportTask.complete-section
2025-02-07 05:56:00 - DEBUG - Changing event name from before-parameter-build.cloudsearchdomain.Search to before-parameter-build.cloudsearch-domain.Search
2025-02-07 05:56:00 - DEBUG - Changing event name from docs.*.logs.CreateExportTask.complete-section to docs.*.cloudwatch-logs.CreateExportTask.complete-section
2025-02-07 05:56:00 - DEBUG - Changing event name from before-parameter-build.cloudsearchdomain.Search to before-parameter-build.cloudsearch-domain.Search
2025-02-07 05:56:00 - DEBUG - Changing event name from docs.*.cloudsearchdomain.Search.complete-section to docs.*.cloudsearch-domain.Search.complete-section
2025-02-07 05:56:00 - DEBUG - Changing event name from before-parameter-build.cloudsearchdomain.Search to before-parameter-build.cloudsearch-domain.Search
2025-02-07 05:56:00 - DEBUG - Changing event name from docs.*.cloudsearchdomain.Search.complete-section to docs.*.cloudsearch-domain.Search.complete-section
2025-02-07 05:56:00 - DEBUG - Changing event name from docs.*.cloudsearchdomain.Search.complete-section to docs.*.cloudsearch-domain.Search.complete-section
2025-02-07 05:56:00 - DEBUG - Loading JSON file: /usr/local/lib/python3.9/site-packages/botocore/data/endpoints.json
2025-02-07 05:56:00 - DEBUG - Loading JSON file: /usr/local/lib/python3.9/site-packages/botocore/data/endpoints.json
2025-02-07 05:56:00 - DEBUG - Loading JSON file: /usr/local/lib/python3.9/site-packages/botocore/data/endpoints.json
2025-02-07 05:56:00 - DEBUG - Loading JSON file: /usr/local/lib/python3.9/site-packages/botocore/data/endpoints.json
2025-02-07 05:56:00 - DEBUG - Loading JSON file: /usr/local/lib/python3.9/site-packages/botocore/data/endpoints.json
2025-02-07 05:56:00 - DEBUG - Loading JSON file: /usr/local/lib/python3.9/site-packages/botocore/data/endpoints.json
2025-02-07 05:56:00 - DEBUG - Loading JSON file: /usr/local/lib/python3.9/site-packages/botocore/data/endpoints.json
2025-02-07 05:56:01 - DEBUG - Loading JSON file: /usr/local/lib/python3.9/site-packages/botocore/data/sdk-default-configuration.json
2025-02-07 05:56:01 - DEBUG - Loading JSON file: /usr/local/lib/python3.9/site-packages/botocore/data/sdk-default-configuration.json
2025-02-07 05:56:01 - DEBUG - Event choose-service-name: calling handler <function handle_service_name_alias at 0x7f9467285040>
2025-02-07 05:56:01 - DEBUG - Event choose-service-name: calling handler <function handle_service_name_alias at 0x7f5d0d8c9040>
2025-02-07 05:56:01 - DEBUG - Loading JSON file: /usr/local/lib/python3.9/site-packages/botocore/data/sdk-default-configuration.json
2025-02-07 05:56:01 - DEBUG - Loading JSON file: /usr/local/lib/python3.9/site-packages/botocore/data/sdk-default-configuration.json
2025-02-07 05:56:01 - DEBUG - Event choose-service-name: calling handler <function handle_service_name_alias at 0x7fc2ef0e4040>
2025-02-07 05:56:01 - DEBUG - Event choose-service-name: calling handler <function handle_service_name_alias at 0x7f7aeb347040>
2025-02-07 05:56:01 - DEBUG - Loading JSON file: /usr/local/lib/python3.9/site-packages/botocore/data/sdk-default-configuration.json
2025-02-07 05:56:01 - DEBUG - Event choose-service-name: calling handler <function handle_service_name_alias at 0x7fec804770d0>
2025-02-07 05:56:01 - DEBUG - Loading JSON file: /usr/local/lib/python3.9/site-packages/botocore/data/sdk-default-configuration.json
2025-02-07 05:56:01 - DEBUG - Loading JSON file: /usr/local/lib/python3.9/site-packages/botocore/data/sdk-default-configuration.json
2025-02-07 05:56:01 - DEBUG - Event choose-service-name: calling handler <function handle_service_name_alias at 0x7f4b2503cf70>
2025-02-07 05:56:01 - DEBUG - Event choose-service-name: calling handler <function handle_service_name_alias at 0x7f3b78d390d0>
2025-02-07 05:56:01 - DEBUG - Changing event name from creating-client-class.iot-data to creating-client-class.iot-data-plane
2025-02-07 05:56:01 - DEBUG - Changing event name from before-call.apigateway to before-call.api-gateway
2025-02-07 05:56:01 - DEBUG - Changing event name from request-created.machinelearning.Predict to request-created.machine-learning.Predict
2025-02-07 05:56:01 - DEBUG - Changing event name from before-parameter-build.autoscaling.CreateLaunchConfiguration to before-parameter-build.auto-scaling.CreateLaunchConfiguration
2025-02-07 05:56:01 - DEBUG - Changing event name from before-parameter-build.route53 to before-parameter-build.route-53
2025-02-07 05:56:01 - DEBUG - Changing event name from request-created.cloudsearchdomain.Search to request-created.cloudsearch-domain.Search
2025-02-07 05:56:01 - DEBUG - Changing event name from docs.*.autoscaling.CreateLaunchConfiguration.complete-section to docs.*.auto-scaling.CreateLaunchConfiguration.complete-section
2025-02-07 05:56:01 - DEBUG - Changing event name from before-parameter-build.logs.CreateExportTask to before-parameter-build.cloudwatch-logs.CreateExportTask
2025-02-07 05:56:01 - DEBUG - Changing event name from docs.*.logs.CreateExportTask.complete-section to docs.*.cloudwatch-logs.CreateExportTask.complete-section
2025-02-07 05:56:01 - DEBUG - Changing event name from before-parameter-build.cloudsearchdomain.Search to before-parameter-build.cloudsearch-domain.Search
2025-02-07 05:56:01 - DEBUG - Changing event name from docs.*.cloudsearchdomain.Search.complete-section to docs.*.cloudsearch-domain.Search.complete-section
2025-02-07 05:56:01 - DEBUG - Loading JSON file: /usr/local/lib/python3.9/site-packages/botocore/data/s3/2006-03-01/service-2.json.gz
2025-02-07 05:56:01 - DEBUG - Loading JSON file: /usr/local/lib/python3.9/site-packages/botocore/data/s3/2006-03-01/service-2.json.gz
2025-02-07 05:56:01 - DEBUG - Loading JSON file: /usr/local/lib/python3.9/site-packages/botocore/data/s3/2006-03-01/service-2.json.gz
2025-02-07 05:56:01 - DEBUG - Loading JSON file: /usr/local/lib/python3.9/site-packages/botocore/data/s3/2006-03-01/service-2.json.gz
2025-02-07 05:56:01 - DEBUG - Loading JSON file: /usr/local/lib/python3.9/site-packages/botocore/data/s3/2006-03-01/service-2.json.gz
2025-02-07 05:56:01 - DEBUG - Loading JSON file: /usr/local/lib/python3.9/site-packages/botocore/data/s3/2006-03-01/service-2.json.gz
2025-02-07 05:56:01 - DEBUG - Loading JSON file: /usr/local/lib/python3.9/site-packages/botocore/data/s3/2006-03-01/service-2.json.gz
2025-02-07 05:56:01 - DEBUG - Loading JSON file: /usr/local/lib/python3.9/site-packages/botocore/data/endpoints.json
2025-02-07 05:56:01 - DEBUG - Loading JSON file: /usr/local/lib/python3.9/site-packages/botocore/data/s3/2006-03-01/service-2.sdk-extras.json
2025-02-07 05:56:01 - DEBUG - Loading JSON file: /usr/local/lib/python3.9/site-packages/botocore/data/s3/2006-03-01/service-2.sdk-extras.json
2025-02-07 05:56:01 - DEBUG - Loading JSON file: /usr/local/lib/python3.9/site-packages/botocore/data/s3/2006-03-01/service-2.sdk-extras.json
2025-02-07 05:56:01 - DEBUG - Loading JSON file: /usr/local/lib/python3.9/site-packages/botocore/data/s3/2006-03-01/service-2.sdk-extras.json
2025-02-07 05:56:01 - DEBUG - Loading JSON file: /usr/local/lib/python3.9/site-packages/botocore/data/s3/2006-03-01/service-2.sdk-extras.json
2025-02-07 05:56:01 - DEBUG - Loading JSON file: /usr/local/lib/python3.9/site-packages/botocore/data/s3/2006-03-01/service-2.sdk-extras.json
2025-02-07 05:56:01 - DEBUG - Loading JSON file: /usr/local/lib/python3.9/site-packages/botocore/data/s3/2006-03-01/service-2.sdk-extras.json
2025-02-07 05:56:01 - DEBUG - Loading JSON file: /usr/local/lib/python3.9/site-packages/botocore/data/s3/2006-03-01/endpoint-rule-set-1.json.gz
2025-02-07 05:56:01 - DEBUG - Loading JSON file: /usr/local/lib/python3.9/site-packages/botocore/data/sdk-default-configuration.json
2025-02-07 05:56:01 - DEBUG - Event choose-service-name: calling handler <function handle_service_name_alias at 0x7f3112734040>
2025-02-07 05:56:01 - DEBUG - Loading JSON file: /usr/local/lib/python3.9/site-packages/botocore/data/s3/2006-03-01/endpoint-rule-set-1.json.gz
2025-02-07 05:56:01 - DEBUG - Loading JSON file: /usr/local/lib/python3.9/site-packages/botocore/data/partitions.json
2025-02-07 05:56:01 - DEBUG - Loading JSON file: /usr/local/lib/python3.9/site-packages/botocore/data/s3/2006-03-01/endpoint-rule-set-1.json.gz
2025-02-07 05:56:01 - DEBUG - Loading JSON file: /usr/local/lib/python3.9/site-packages/botocore/data/s3/2006-03-01/endpoint-rule-set-1.json.gz
2025-02-07 05:56:01 - DEBUG - Loading JSON file: /usr/local/lib/python3.9/site-packages/botocore/data/s3/2006-03-01/endpoint-rule-set-1.json.gz
2025-02-07 05:56:01 - DEBUG - Loading JSON file: /usr/local/lib/python3.9/site-packages/botocore/data/s3/2006-03-01/endpoint-rule-set-1.json.gz
2025-02-07 05:56:01 - DEBUG - Loading JSON file: /usr/local/lib/python3.9/site-packages/botocore/data/s3/2006-03-01/endpoint-rule-set-1.json.gz
2025-02-07 05:56:01 - DEBUG - Loading JSON file: /usr/local/lib/python3.9/site-packages/botocore/data/partitions.json
2025-02-07 05:56:01 - DEBUG - Event creating-client-class.s3: calling handler <function add_generate_presigned_post at 0x7f4b24d95790>
2025-02-07 05:56:01 - DEBUG - Event creating-client-class.s3: calling handler <function lazy_call.<locals>._handler at 0x7f4baa441940>
2025-02-07 05:56:01 - DEBUG - Loading JSON file: /usr/local/lib/python3.9/site-packages/botocore/data/partitions.json
2025-02-07 05:56:01 - DEBUG - Loading JSON file: /usr/local/lib/python3.9/site-packages/botocore/data/partitions.json
2025-02-07 05:56:01 - DEBUG - Loading JSON file: /usr/local/lib/python3.9/site-packages/botocore/data/partitions.json
2025-02-07 05:56:01 - DEBUG - Event creating-client-class.s3: calling handler <function add_generate_presigned_post at 0x7f3b78ae98b0>
2025-02-07 05:56:01 - DEBUG - Event creating-client-class.s3: calling handler <function lazy_call.<locals>._handler at 0x7f3bfe846a60>
2025-02-07 05:56:01 - DEBUG - Loading JSON file: /usr/local/lib/python3.9/site-packages/botocore/data/partitions.json
2025-02-07 05:56:01 - DEBUG - Event creating-client-class.s3: calling handler <function add_generate_presigned_post at 0x7f5d0d67d820>
2025-02-07 05:56:01 - DEBUG - Event creating-client-class.s3: calling handler <function add_generate_presigned_post at 0x7fec802288b0>
2025-02-07 05:56:01 - DEBUG - Event creating-client-class.s3: calling handler <function lazy_call.<locals>._handler at 0x7f5d93645a60>
2025-02-07 05:56:01 - DEBUG - Event creating-client-class.s3: calling handler <function lazy_call.<locals>._handler at 0x7fed047d1b80>
2025-02-07 05:56:01 - DEBUG - Event creating-client-class.s3: calling handler <function add_generate_presigned_post at 0x7f9467037820>
2025-02-07 05:56:01 - DEBUG - Event creating-client-class.s3: calling handler <function lazy_call.<locals>._handler at 0x7f94ec9cc9d0>
2025-02-07 05:56:01 - DEBUG - Loading JSON file: /usr/local/lib/python3.9/site-packages/botocore/data/partitions.json
2025-02-07 05:56:01 - DEBUG - Event creating-client-class.s3: calling handler <function add_generate_presigned_post at 0x7f7aeb0fa820>
2025-02-07 05:56:01 - DEBUG - Event creating-client-class.s3: calling handler <function lazy_call.<locals>._handler at 0x7f7b6d3589d0>
2025-02-07 05:56:01 - DEBUG - Event creating-client-class.s3: calling handler <function add_generate_presigned_post at 0x7fc2eee95790>
2025-02-07 05:56:01 - DEBUG - Event creating-client-class.s3: calling handler <function lazy_call.<locals>._handler at 0x7fc371356940>
2025-02-07 05:56:01 - DEBUG - Loading JSON file: /usr/local/lib/python3.9/site-packages/botocore/data/s3/2006-03-01/service-2.json.gz
2025-02-07 05:56:01 - DEBUG - Event creating-client-class.s3: calling handler <function add_generate_presigned_url at 0x7f4b24d95550>
2025-02-07 05:56:01 - DEBUG - Event creating-client-class.s3: calling handler <function add_generate_presigned_url at 0x7f94670375e0>
2025-02-07 05:56:01 - DEBUG - Event creating-client-class.s3: calling handler <function add_generate_presigned_url at 0x7f5d0d67d5e0>
2025-02-07 05:56:01 - DEBUG - Event creating-client-class.s3: calling handler <function add_generate_presigned_url at 0x7f3b78ae9670>
2025-02-07 05:56:01 - DEBUG - Event creating-client-class.s3: calling handler <function add_generate_presigned_url at 0x7fec80228670>
2025-02-07 05:56:01 - DEBUG - Setting s3 timeout as (60, 60)
2025-02-07 05:56:01 - DEBUG - Setting s3 timeout as (60, 60)
2025-02-07 05:56:01 - DEBUG - Loading JSON file: /usr/local/lib/python3.9/site-packages/botocore/data/s3/2006-03-01/service-2.sdk-extras.json
2025-02-07 05:56:01 - DEBUG - Event creating-client-class.s3: calling handler <function add_generate_presigned_url at 0x7fc2eee95550>
2025-02-07 05:56:01 - DEBUG - Setting s3 timeout as (60, 60)
2025-02-07 05:56:01 - DEBUG - Event creating-client-class.s3: calling handler <function add_generate_presigned_url at 0x7f7aeb0fa5e0>
2025-02-07 05:56:01 - DEBUG - Setting s3 timeout as (60, 60)
2025-02-07 05:56:01 - DEBUG - Setting s3 timeout as (60, 60)
2025-02-07 05:56:01 - DEBUG - Setting s3 timeout as (60, 60)
2025-02-07 05:56:01 - DEBUG - Loading JSON file: /usr/local/lib/python3.9/site-packages/botocore/data/_retry.json
2025-02-07 05:56:01 - DEBUG - Registering retry handlers for service: s3
2025-02-07 05:56:01 - DEBUG - Setting s3 timeout as (60, 60)
2025-02-07 05:56:01 - DEBUG - Loading JSON file: /usr/local/lib/python3.9/site-packages/botocore/data/_retry.json
2025-02-07 05:56:01 - DEBUG - Registering S3 region redirector handler
2025-02-07 05:56:01 - DEBUG - Registering retry handlers for service: s3
2025-02-07 05:56:01 - DEBUG - Registering S3Express Identity Resolver
2025-02-07 05:56:01 - DEBUG - Registering S3 region redirector handler
2025-02-07 05:56:01 - DEBUG - Loading JSON file: /usr/local/lib/python3.9/site-packages/botocore/data/_retry.json
2025-02-07 05:56:01 - DEBUG - Registering S3Express Identity Resolver
2025-02-07 05:56:01 - DEBUG - Loading JSON file: /usr/local/lib/python3.9/site-packages/botocore/data/_retry.json
2025-02-07 05:56:01 - DEBUG - Registering retry handlers for service: s3
2025-02-07 05:56:01 - DEBUG - Registering S3 region redirector handler
2025-02-07 05:56:01 - DEBUG - Registering retry handlers for service: s3
2025-02-07 05:56:01 - DEBUG - Loading JSON file: /usr/local/lib/python3.9/site-packages/botocore/data/_retry.json
2025-02-07 05:56:01 - DEBUG - Registering S3Express Identity Resolver
2025-02-07 05:56:01 - DEBUG - Registering S3 region redirector handler
2025-02-07 05:56:01 - DEBUG - Registering retry handlers for service: s3
2025-02-07 05:56:01 - DEBUG - Registering S3 region redirector handler
2025-02-07 05:56:01 - DEBUG - Registering S3Express Identity Resolver
2025-02-07 05:56:01 - DEBUG - Registering S3Express Identity Resolver
2025-02-07 05:56:01 - DEBUG - Loading JSON file: /usr/local/lib/python3.9/site-packages/botocore/data/s3/2006-03-01/endpoint-rule-set-1.json.gz
2025-02-07 05:56:01 - DEBUG - Loading JSON file: /usr/local/lib/python3.9/site-packages/botocore/data/partitions.json
2025-02-07 05:56:01 - DEBUG - Event creating-client-class.s3: calling handler <function add_generate_presigned_post at 0x7f31124e8790>
2025-02-07 05:56:01 - DEBUG - Event creating-client-class.s3: calling handler <function lazy_call.<locals>._handler at 0x7f31969dc940>
2025-02-07 05:56:01 - DEBUG - Event creating-client-class.s3: calling handler <function add_generate_presigned_url at 0x7f31124e8550>
2025-02-07 05:56:01 - DEBUG - Setting s3 timeout as (60, 60)
2025-02-07 05:56:01 - DEBUG - Loading JSON file: /usr/local/lib/python3.9/site-packages/botocore/data/_retry.json
2025-02-07 05:56:01 - DEBUG - Registering retry handlers for service: s3
2025-02-07 05:56:01 - DEBUG - Registering S3 region redirector handler
2025-02-07 05:56:01 - DEBUG - Registering S3Express Identity Resolver
2025-02-07 05:56:01 - DEBUG - Loading JSON file: /usr/local/lib/python3.9/site-packages/botocore/data/_retry.json
2025-02-07 05:56:01 - DEBUG - Registering retry handlers for service: s3
2025-02-07 05:56:01 - DEBUG - Registering S3 region redirector handler
2025-02-07 05:56:01 - DEBUG - Registering S3Express Identity Resolver
2025-02-07 05:56:01 - DEBUG - Loading JSON file: /usr/local/lib/python3.9/site-packages/botocore/data/_retry.json
2025-02-07 05:56:01 - DEBUG - Registering retry handlers for service: s3
2025-02-07 05:56:01 - DEBUG - Registering S3 region redirector handler
2025-02-07 05:56:01 - DEBUG - Registering S3Express Identity Resolver
2025-02-07 06:34:03 - INFO - Connection successful, face is real: True
2025-02-07 06:35:08 - INFO - Connection successful, face is real: True
2025-02-07 07:15:17 - DEBUG - Changing event name from creating-client-class.iot-data to creating-client-class.iot-data-plane
2025-02-07 07:15:17 - DEBUG - Changing event name from creating-client-class.iot-data to creating-client-class.iot-data-plane
2025-02-07 07:15:17 - DEBUG - Changing event name from before-call.apigateway to before-call.api-gateway
2025-02-07 07:15:17 - DEBUG - Changing event name from creating-client-class.iot-data to creating-client-class.iot-data-plane
2025-02-07 07:15:17 - DEBUG - Changing event name from before-call.apigateway to before-call.api-gateway
2025-02-07 07:15:17 - DEBUG - Changing event name from creating-client-class.iot-data to creating-client-class.iot-data-plane
2025-02-07 07:15:17 - DEBUG - Changing event name from request-created.machinelearning.Predict to request-created.machine-learning.Predict
2025-02-07 07:15:17 - DEBUG - Changing event name from request-created.machinelearning.Predict to request-created.machine-learning.Predict
2025-02-07 07:15:17 - DEBUG - Changing event name from before-call.apigateway to before-call.api-gateway
2025-02-07 07:15:17 - DEBUG - Changing event name from before-call.apigateway to before-call.api-gateway
2025-02-07 07:15:17 - DEBUG - Changing event name from creating-client-class.iot-data to creating-client-class.iot-data-plane
2025-02-07 07:15:17 - DEBUG - Changing event name from before-parameter-build.autoscaling.CreateLaunchConfiguration to before-parameter-build.auto-scaling.CreateLaunchConfiguration
2025-02-07 07:15:17 - DEBUG - Changing event name from before-parameter-build.autoscaling.CreateLaunchConfiguration to before-parameter-build.auto-scaling.CreateLaunchConfiguration
2025-02-07 07:15:17 - DEBUG - Changing event name from request-created.machinelearning.Predict to request-created.machine-learning.Predict
2025-02-07 07:15:17 - DEBUG - Changing event name from before-parameter-build.route53 to before-parameter-build.route-53
2025-02-07 07:15:17 - DEBUG - Changing event name from request-created.machinelearning.Predict to request-created.machine-learning.Predict
2025-02-07 07:15:17 - DEBUG - Changing event name from before-call.apigateway to before-call.api-gateway
2025-02-07 07:15:17 - DEBUG - Changing event name from before-parameter-build.route53 to before-parameter-build.route-53
2025-02-07 07:15:17 - DEBUG - Changing event name from before-parameter-build.autoscaling.CreateLaunchConfiguration to before-parameter-build.auto-scaling.CreateLaunchConfiguration
2025-02-07 07:15:17 - DEBUG - Changing event name from request-created.cloudsearchdomain.Search to request-created.cloudsearch-domain.Search
2025-02-07 07:15:17 - DEBUG - Changing event name from request-created.cloudsearchdomain.Search to request-created.cloudsearch-domain.Search
2025-02-07 07:15:17 - DEBUG - Changing event name from request-created.machinelearning.Predict to request-created.machine-learning.Predict
2025-02-07 07:15:17 - DEBUG - Changing event name from before-parameter-build.route53 to before-parameter-build.route-53
2025-02-07 07:15:17 - DEBUG - Changing event name from docs.*.autoscaling.CreateLaunchConfiguration.complete-section to docs.*.auto-scaling.CreateLaunchConfiguration.complete-section
2025-02-07 07:15:17 - DEBUG - Changing event name from before-parameter-build.autoscaling.CreateLaunchConfiguration to before-parameter-build.auto-scaling.CreateLaunchConfiguration
2025-02-07 07:15:17 - DEBUG - Changing event name from before-parameter-build.autoscaling.CreateLaunchConfiguration to before-parameter-build.auto-scaling.CreateLaunchConfiguration
2025-02-07 07:15:17 - DEBUG - Changing event name from docs.*.autoscaling.CreateLaunchConfiguration.complete-section to docs.*.auto-scaling.CreateLaunchConfiguration.complete-section
2025-02-07 07:15:17 - DEBUG - Changing event name from before-parameter-build.logs.CreateExportTask to before-parameter-build.cloudwatch-logs.CreateExportTask
2025-02-07 07:15:17 - DEBUG - Changing event name from request-created.cloudsearchdomain.Search to request-created.cloudsearch-domain.Search
2025-02-07 07:15:17 - DEBUG - Changing event name from before-parameter-build.route53 to before-parameter-build.route-53
2025-02-07 07:15:17 - DEBUG - Changing event name from before-parameter-build.route53 to before-parameter-build.route-53
2025-02-07 07:15:17 - DEBUG - Changing event name from docs.*.logs.CreateExportTask.complete-section to docs.*.cloudwatch-logs.CreateExportTask.complete-section
2025-02-07 07:15:17 - DEBUG - Changing event name from before-parameter-build.logs.CreateExportTask to before-parameter-build.cloudwatch-logs.CreateExportTask
2025-02-07 07:15:17 - DEBUG - Changing event name from before-parameter-build.cloudsearchdomain.Search to before-parameter-build.cloudsearch-domain.Search
2025-02-07 07:15:17 - DEBUG - Changing event name from docs.*.autoscaling.CreateLaunchConfiguration.complete-section to docs.*.auto-scaling.CreateLaunchConfiguration.complete-section
2025-02-07 07:15:17 - DEBUG - Changing event name from docs.*.cloudsearchdomain.Search.complete-section to docs.*.cloudsearch-domain.Search.complete-section
2025-02-07 07:15:17 - DEBUG - Changing event name from request-created.cloudsearchdomain.Search to request-created.cloudsearch-domain.Search
2025-02-07 07:15:17 - DEBUG - Changing event name from request-created.cloudsearchdomain.Search to request-created.cloudsearch-domain.Search
2025-02-07 07:15:17 - DEBUG - Changing event name from docs.*.logs.CreateExportTask.complete-section to docs.*.cloudwatch-logs.CreateExportTask.complete-section
2025-02-07 07:15:17 - DEBUG - Changing event name from before-parameter-build.cloudsearchdomain.Search to before-parameter-build.cloudsearch-domain.Search
2025-02-07 07:15:17 - DEBUG - Changing event name from docs.*.autoscaling.CreateLaunchConfiguration.complete-section to docs.*.auto-scaling.CreateLaunchConfiguration.complete-section
2025-02-07 07:15:17 - DEBUG - Changing event name from docs.*.cloudsearchdomain.Search.complete-section to docs.*.cloudsearch-domain.Search.complete-section
2025-02-07 07:15:17 - DEBUG - Changing event name from docs.*.autoscaling.CreateLaunchConfiguration.complete-section to docs.*.auto-scaling.CreateLaunchConfiguration.complete-section
2025-02-07 07:15:17 - DEBUG - Changing event name from before-parameter-build.logs.CreateExportTask to before-parameter-build.cloudwatch-logs.CreateExportTask
2025-02-07 07:15:17 - DEBUG - Changing event name from before-parameter-build.logs.CreateExportTask to before-parameter-build.cloudwatch-logs.CreateExportTask
2025-02-07 07:15:17 - DEBUG - Changing event name from docs.*.logs.CreateExportTask.complete-section to docs.*.cloudwatch-logs.CreateExportTask.complete-section
2025-02-07 07:15:18 - DEBUG - Changing event name from docs.*.logs.CreateExportTask.complete-section to docs.*.cloudwatch-logs.CreateExportTask.complete-section
2025-02-07 07:15:18 - DEBUG - Changing event name from before-parameter-build.cloudsearchdomain.Search to before-parameter-build.cloudsearch-domain.Search
2025-02-07 07:15:18 - DEBUG - Changing event name from before-parameter-build.cloudsearchdomain.Search to before-parameter-build.cloudsearch-domain.Search
2025-02-07 07:15:18 - DEBUG - Changing event name from docs.*.cloudsearchdomain.Search.complete-section to docs.*.cloudsearch-domain.Search.complete-section
2025-02-07 07:15:18 - DEBUG - Changing event name from docs.*.cloudsearchdomain.Search.complete-section to docs.*.cloudsearch-domain.Search.complete-section
2025-02-07 07:15:18 - DEBUG - Changing event name from before-parameter-build.logs.CreateExportTask to before-parameter-build.cloudwatch-logs.CreateExportTask
2025-02-07 07:15:18 - DEBUG - Changing event name from docs.*.logs.CreateExportTask.complete-section to docs.*.cloudwatch-logs.CreateExportTask.complete-section
2025-02-07 07:15:18 - DEBUG - Changing event name from before-parameter-build.cloudsearchdomain.Search to before-parameter-build.cloudsearch-domain.Search
2025-02-07 07:15:18 - DEBUG - Loading JSON file: /usr/local/lib/python3.9/site-packages/botocore/data/endpoints.json
2025-02-07 07:15:18 - DEBUG - Loading JSON file: /usr/local/lib/python3.9/site-packages/botocore/data/endpoints.json
2025-02-07 07:15:18 - DEBUG - Changing event name from docs.*.cloudsearchdomain.Search.complete-section to docs.*.cloudsearch-domain.Search.complete-section
2025-02-07 07:15:18 - DEBUG - Changing event name from creating-client-class.iot-data to creating-client-class.iot-data-plane
2025-02-07 07:15:18 - DEBUG - Loading JSON file: /usr/local/lib/python3.9/site-packages/botocore/data/endpoints.json
2025-02-07 07:15:18 - DEBUG - Loading JSON file: /usr/local/lib/python3.9/site-packages/botocore/data/endpoints.json
2025-02-07 07:15:18 - DEBUG - Changing event name from before-call.apigateway to before-call.api-gateway
2025-02-07 07:15:18 - DEBUG - Changing event name from request-created.machinelearning.Predict to request-created.machine-learning.Predict
2025-02-07 07:15:18 - DEBUG - Changing event name from before-parameter-build.autoscaling.CreateLaunchConfiguration to before-parameter-build.auto-scaling.CreateLaunchConfiguration
2025-02-07 07:15:18 - DEBUG - Changing event name from creating-client-class.iot-data to creating-client-class.iot-data-plane
2025-02-07 07:15:18 - DEBUG - Changing event name from before-parameter-build.route53 to before-parameter-build.route-53
2025-02-07 07:15:18 - DEBUG - Changing event name from before-call.apigateway to before-call.api-gateway
2025-02-07 07:15:18 - DEBUG - Changing event name from request-created.machinelearning.Predict to request-created.machine-learning.Predict
2025-02-07 07:15:18 - DEBUG - Changing event name from request-created.cloudsearchdomain.Search to request-created.cloudsearch-domain.Search
2025-02-07 07:15:18 - DEBUG - Loading JSON file: /usr/local/lib/python3.9/site-packages/botocore/data/endpoints.json
2025-02-07 07:15:18 - DEBUG - Changing event name from before-parameter-build.autoscaling.CreateLaunchConfiguration to before-parameter-build.auto-scaling.CreateLaunchConfiguration
2025-02-07 07:15:18 - DEBUG - Changing event name from docs.*.autoscaling.CreateLaunchConfiguration.complete-section to docs.*.auto-scaling.CreateLaunchConfiguration.complete-section
2025-02-07 07:15:18 - DEBUG - Changing event name from before-parameter-build.route53 to before-parameter-build.route-53
2025-02-07 07:15:18 - DEBUG - Changing event name from request-created.cloudsearchdomain.Search to request-created.cloudsearch-domain.Search
2025-02-07 07:15:18 - DEBUG - Changing event name from before-parameter-build.logs.CreateExportTask to before-parameter-build.cloudwatch-logs.CreateExportTask
2025-02-07 07:15:18 - DEBUG - Changing event name from docs.*.logs.CreateExportTask.complete-section to docs.*.cloudwatch-logs.CreateExportTask.complete-section
2025-02-07 07:15:18 - DEBUG - Changing event name from before-parameter-build.cloudsearchdomain.Search to before-parameter-build.cloudsearch-domain.Search
2025-02-07 07:15:18 - DEBUG - Changing event name from docs.*.autoscaling.CreateLaunchConfiguration.complete-section to docs.*.auto-scaling.CreateLaunchConfiguration.complete-section
2025-02-07 07:15:18 - DEBUG - Changing event name from docs.*.cloudsearchdomain.Search.complete-section to docs.*.cloudsearch-domain.Search.complete-section
2025-02-07 07:15:18 - DEBUG - Changing event name from creating-client-class.iot-data to creating-client-class.iot-data-plane
2025-02-07 07:15:18 - DEBUG - Changing event name from before-parameter-build.logs.CreateExportTask to before-parameter-build.cloudwatch-logs.CreateExportTask
2025-02-07 07:15:18 - DEBUG - Changing event name from docs.*.logs.CreateExportTask.complete-section to docs.*.cloudwatch-logs.CreateExportTask.complete-section
2025-02-07 07:15:18 - DEBUG - Changing event name from before-call.apigateway to before-call.api-gateway
2025-02-07 07:15:18 - DEBUG - Changing event name from before-parameter-build.cloudsearchdomain.Search to before-parameter-build.cloudsearch-domain.Search
2025-02-07 07:15:18 - DEBUG - Loading JSON file: /usr/local/lib/python3.9/site-packages/botocore/data/sdk-default-configuration.json
2025-02-07 07:15:18 - DEBUG - Loading JSON file: /usr/local/lib/python3.9/site-packages/botocore/data/sdk-default-configuration.json
2025-02-07 07:15:18 - DEBUG - Loading JSON file: /usr/local/lib/python3.9/site-packages/botocore/data/sdk-default-configuration.json
2025-02-07 07:15:18 - DEBUG - Loading JSON file: /usr/local/lib/python3.9/site-packages/botocore/data/sdk-default-configuration.json
2025-02-07 07:15:18 - DEBUG - Changing event name from request-created.machinelearning.Predict to request-created.machine-learning.Predict
2025-02-07 07:15:18 - DEBUG - Event choose-service-name: calling handler <function handle_service_name_alias at 0x7fd8147e2040>
2025-02-07 07:15:18 - DEBUG - Event choose-service-name: calling handler <function handle_service_name_alias at 0x7fe3ee6b4040>
2025-02-07 07:15:18 - DEBUG - Event choose-service-name: calling handler <function handle_service_name_alias at 0x7f50adb2c040>
2025-02-07 07:15:18 - DEBUG - Changing event name from docs.*.cloudsearchdomain.Search.complete-section to docs.*.cloudsearch-domain.Search.complete-section
2025-02-07 07:15:18 - DEBUG - Event choose-service-name: calling handler <function handle_service_name_alias at 0x7f27ba57ef70>
2025-02-07 07:15:18 - DEBUG - Changing event name from before-parameter-build.autoscaling.CreateLaunchConfiguration to before-parameter-build.auto-scaling.CreateLaunchConfiguration
2025-02-07 07:15:18 - DEBUG - Changing event name from before-parameter-build.route53 to before-parameter-build.route-53
2025-02-07 07:15:18 - DEBUG - Changing event name from request-created.cloudsearchdomain.Search to request-created.cloudsearch-domain.Search
2025-02-07 07:15:18 - DEBUG - Loading JSON file: /usr/local/lib/python3.9/site-packages/botocore/data/endpoints.json
2025-02-07 07:15:18 - DEBUG - Changing event name from docs.*.autoscaling.CreateLaunchConfiguration.complete-section to docs.*.auto-scaling.CreateLaunchConfiguration.complete-section
2025-02-07 07:15:18 - DEBUG - Changing event name from before-parameter-build.logs.CreateExportTask to before-parameter-build.cloudwatch-logs.CreateExportTask
2025-02-07 07:15:18 - DEBUG - Changing event name from docs.*.logs.CreateExportTask.complete-section to docs.*.cloudwatch-logs.CreateExportTask.complete-section
2025-02-07 07:15:18 - DEBUG - Loading JSON file: /usr/local/lib/python3.9/site-packages/botocore/data/s3/2006-03-01/service-2.json.gz
2025-02-07 07:15:18 - DEBUG - Loading JSON file: /usr/local/lib/python3.9/site-packages/botocore/data/s3/2006-03-01/service-2.json.gz
2025-02-07 07:15:18 - DEBUG - Loading JSON file: /usr/local/lib/python3.9/site-packages/botocore/data/s3/2006-03-01/service-2.json.gz
2025-02-07 07:15:18 - DEBUG - Changing event name from before-parameter-build.cloudsearchdomain.Search to before-parameter-build.cloudsearch-domain.Search
2025-02-07 07:15:18 - DEBUG - Loading JSON file: /usr/local/lib/python3.9/site-packages/botocore/data/s3/2006-03-01/service-2.json.gz
2025-02-07 07:15:18 - DEBUG - Loading JSON file: /usr/local/lib/python3.9/site-packages/botocore/data/sdk-default-configuration.json
2025-02-07 07:15:18 - DEBUG - Changing event name from docs.*.cloudsearchdomain.Search.complete-section to docs.*.cloudsearch-domain.Search.complete-section
2025-02-07 07:15:18 - DEBUG - Event choose-service-name: calling handler <function handle_service_name_alias at 0x7efccce06f70>
2025-02-07 07:15:18 - DEBUG - Loading JSON file: /usr/local/lib/python3.9/site-packages/botocore/data/s3/2006-03-01/service-2.sdk-extras.json
2025-02-07 07:15:18 - DEBUG - Loading JSON file: /usr/local/lib/python3.9/site-packages/botocore/data/s3/2006-03-01/service-2.sdk-extras.json
2025-02-07 07:15:18 - DEBUG - Loading JSON file: /usr/local/lib/python3.9/site-packages/botocore/data/s3/2006-03-01/service-2.sdk-extras.json
2025-02-07 07:15:18 - DEBUG - Loading JSON file: /usr/local/lib/python3.9/site-packages/botocore/data/endpoints.json
2025-02-07 07:15:18 - DEBUG - Loading JSON file: /usr/local/lib/python3.9/site-packages/botocore/data/endpoints.json
2025-02-07 07:15:18 - DEBUG - Loading JSON file: /usr/local/lib/python3.9/site-packages/botocore/data/s3/2006-03-01/service-2.sdk-extras.json
2025-02-07 07:15:18 - DEBUG - Loading JSON file: /usr/local/lib/python3.9/site-packages/botocore/data/s3/2006-03-01/endpoint-rule-set-1.json.gz
2025-02-07 07:15:18 - DEBUG - Loading JSON file: /usr/local/lib/python3.9/site-packages/botocore/data/s3/2006-03-01/endpoint-rule-set-1.json.gz
2025-02-07 07:15:18 - DEBUG - Loading JSON file: /usr/local/lib/python3.9/site-packages/botocore/data/s3/2006-03-01/endpoint-rule-set-1.json.gz
2025-02-07 07:15:18 - DEBUG - Loading JSON file: /usr/local/lib/python3.9/site-packages/botocore/data/sdk-default-configuration.json
2025-02-07 07:15:18 - DEBUG - Event choose-service-name: calling handler <function handle_service_name_alias at 0x7f653b7b2040>
2025-02-07 07:15:18 - DEBUG - Loading JSON file: /usr/local/lib/python3.9/site-packages/botocore/data/partitions.json
2025-02-07 07:15:18 - DEBUG - Loading JSON file: /usr/local/lib/python3.9/site-packages/botocore/data/partitions.json
2025-02-07 07:15:18 - DEBUG - Loading JSON file: /usr/local/lib/python3.9/site-packages/botocore/data/partitions.json
2025-02-07 07:15:18 - DEBUG - Loading JSON file: /usr/local/lib/python3.9/site-packages/botocore/data/s3/2006-03-01/service-2.json.gz
2025-02-07 07:15:18 - DEBUG - Event creating-client-class.s3: calling handler <function add_generate_presigned_post at 0x7f50ad8de790>
2025-02-07 07:15:18 - DEBUG - Loading JSON file: /usr/local/lib/python3.9/site-packages/botocore/data/s3/2006-03-01/endpoint-rule-set-1.json.gz
2025-02-07 07:15:18 - DEBUG - Event creating-client-class.s3: calling handler <function add_generate_presigned_post at 0x7f27ba2d5700>
2025-02-07 07:15:18 - DEBUG - Event creating-client-class.s3: calling handler <function lazy_call.<locals>._handler at 0x7f2840044a60>
2025-02-07 07:15:18 - DEBUG - Event creating-client-class.s3: calling handler <function lazy_call.<locals>._handler at 0x7f51338459d0>
2025-02-07 07:15:18 - DEBUG - Event creating-client-class.s3: calling handler <function add_generate_presigned_post at 0x7fd814594790>
2025-02-07 07:15:18 - DEBUG - Event creating-client-class.s3: calling handler <function lazy_call.<locals>._handler at 0x7fd89a246af0>
2025-02-07 07:15:18 - DEBUG - Loading JSON file: /usr/local/lib/python3.9/site-packages/botocore/data/sdk-default-configuration.json
2025-02-07 07:15:18 - DEBUG - Loading JSON file: /usr/local/lib/python3.9/site-packages/botocore/data/partitions.json
2025-02-07 07:15:18 - DEBUG - Event choose-service-name: calling handler <function handle_service_name_alias at 0x7f6ebaed0040>
2025-02-07 07:15:18 - DEBUG - Loading JSON file: /usr/local/lib/python3.9/site-packages/botocore/data/sdk-default-configuration.json
2025-02-07 07:15:18 - DEBUG - Event choose-service-name: calling handler <function handle_service_name_alias at 0x7f9ad213f040>
2025-02-07 07:15:18 - DEBUG - Event creating-client-class.s3: calling handler <function add_generate_presigned_post at 0x7fe3ee466790>
2025-02-07 07:15:18 - DEBUG - Event creating-client-class.s3: calling handler <function lazy_call.<locals>._handler at 0x7fe474045af0>
2025-02-07 07:15:18 - DEBUG - Loading JSON file: /usr/local/lib/python3.9/site-packages/botocore/data/s3/2006-03-01/service-2.sdk-extras.json
2025-02-07 07:15:18 - DEBUG - Loading JSON file: /usr/local/lib/python3.9/site-packages/botocore/data/s3/2006-03-01/service-2.json.gz
2025-02-07 07:15:18 - DEBUG - Loading JSON file: /usr/local/lib/python3.9/site-packages/botocore/data/s3/2006-03-01/service-2.json.gz
2025-02-07 07:15:18 - DEBUG - Loading JSON file: /usr/local/lib/python3.9/site-packages/botocore/data/s3/2006-03-01/service-2.json.gz
2025-02-07 07:15:18 - DEBUG - Event creating-client-class.s3: calling handler <function add_generate_presigned_url at 0x7f27ba2d54c0>
2025-02-07 07:15:18 - DEBUG - Event creating-client-class.s3: calling handler <function add_generate_presigned_url at 0x7f50ad8de550>
2025-02-07 07:15:18 - DEBUG - Loading JSON file: /usr/local/lib/python3.9/site-packages/botocore/data/s3/2006-03-01/endpoint-rule-set-1.json.gz
2025-02-07 07:15:18 - DEBUG - Loading JSON file: /usr/local/lib/python3.9/site-packages/botocore/data/s3/2006-03-01/service-2.sdk-extras.json
2025-02-07 07:15:18 - DEBUG - Event creating-client-class.s3: calling handler <function add_generate_presigned_url at 0x7fd814594550>
2025-02-07 07:15:18 - DEBUG - Event creating-client-class.s3: calling handler <function add_generate_presigned_url at 0x7fe3ee466550>
2025-02-07 07:15:18 - DEBUG - Setting s3 timeout as (60, 60)
2025-02-07 07:15:18 - DEBUG - Setting s3 timeout as (60, 60)
2025-02-07 07:15:18 - DEBUG - Setting s3 timeout as (60, 60)
2025-02-07 07:15:18 - DEBUG - Setting s3 timeout as (60, 60)
2025-02-07 07:15:18 - DEBUG - Loading JSON file: /usr/local/lib/python3.9/site-packages/botocore/data/partitions.json
2025-02-07 07:15:18 - DEBUG - Event creating-client-class.s3: calling handler <function add_generate_presigned_post at 0x7efcccb5c790>
2025-02-07 07:15:18 - DEBUG - Event creating-client-class.s3: calling handler <function lazy_call.<locals>._handler at 0x7efd4083caf0>
2025-02-07 07:15:18 - DEBUG - Loading JSON file: /usr/local/lib/python3.9/site-packages/botocore/data/_retry.json
2025-02-07 07:15:18 - DEBUG - Loading JSON file: /usr/local/lib/python3.9/site-packages/botocore/data/_retry.json
2025-02-07 07:15:18 - DEBUG - Loading JSON file: /usr/local/lib/python3.9/site-packages/botocore/data/_retry.json
2025-02-07 07:15:18 - DEBUG - Registering retry handlers for service: s3
2025-02-07 07:15:18 - DEBUG - Registering retry handlers for service: s3
2025-02-07 07:15:18 - DEBUG - Registering S3 region redirector handler
2025-02-07 07:15:18 - DEBUG - Registering S3 region redirector handler
2025-02-07 07:15:18 - DEBUG - Registering retry handlers for service: s3
2025-02-07 07:15:18 - DEBUG - Registering S3Express Identity Resolver
2025-02-07 07:15:18 - DEBUG - Registering S3 region redirector handler
2025-02-07 07:15:18 - DEBUG - Registering S3Express Identity Resolver
2025-02-07 07:15:18 - DEBUG - Registering S3Express Identity Resolver
2025-02-07 07:15:18 - DEBUG - Loading JSON file: /usr/local/lib/python3.9/site-packages/botocore/data/s3/2006-03-01/service-2.sdk-extras.json
2025-02-07 07:15:18 - DEBUG - Loading JSON file: /usr/local/lib/python3.9/site-packages/botocore/data/s3/2006-03-01/endpoint-rule-set-1.json.gz
2025-02-07 07:15:18 - DEBUG - Loading JSON file: /usr/local/lib/python3.9/site-packages/botocore/data/s3/2006-03-01/service-2.sdk-extras.json
2025-02-07 07:15:18 - DEBUG - Loading JSON file: /usr/local/lib/python3.9/site-packages/botocore/data/partitions.json
2025-02-07 07:15:18 - DEBUG - Event creating-client-class.s3: calling handler <function add_generate_presigned_url at 0x7efcccb5c550>
2025-02-07 07:15:18 - DEBUG - Event creating-client-class.s3: calling handler <function add_generate_presigned_post at 0x7f653b564790>
2025-02-07 07:15:18 - DEBUG - Event creating-client-class.s3: calling handler <function lazy_call.<locals>._handler at 0x7f65c11cb9d0>
2025-02-07 07:15:18 - DEBUG - Setting s3 timeout as (60, 60)
2025-02-07 07:15:18 - DEBUG - Loading JSON file: /usr/local/lib/python3.9/site-packages/botocore/data/s3/2006-03-01/endpoint-rule-set-1.json.gz
2025-02-07 07:15:18 - DEBUG - Loading JSON file: /usr/local/lib/python3.9/site-packages/botocore/data/_retry.json
2025-02-07 07:15:18 - DEBUG - Loading JSON file: /usr/local/lib/python3.9/site-packages/botocore/data/s3/2006-03-01/endpoint-rule-set-1.json.gz
2025-02-07 07:15:18 - DEBUG - Registering retry handlers for service: s3
2025-02-07 07:15:18 - DEBUG - Loading JSON file: /usr/local/lib/python3.9/site-packages/botocore/data/partitions.json
2025-02-07 07:15:18 - DEBUG - Registering S3 region redirector handler
2025-02-07 07:15:18 - DEBUG - Registering S3Express Identity Resolver
2025-02-07 07:15:18 - DEBUG - Event creating-client-class.s3: calling handler <function add_generate_presigned_url at 0x7f653b564550>
2025-02-07 07:15:18 - DEBUG - Event creating-client-class.s3: calling handler <function add_generate_presigned_post at 0x7f6ebac83790>
2025-02-07 07:15:18 - DEBUG - Loading JSON file: /usr/local/lib/python3.9/site-packages/botocore/data/partitions.json
2025-02-07 07:15:18 - DEBUG - Event creating-client-class.s3: calling handler <function lazy_call.<locals>._handler at 0x7f6f409cd9d0>
2025-02-07 07:15:18 - DEBUG - Setting s3 timeout as (60, 60)
2025-02-07 07:15:18 - DEBUG - Event creating-client-class.s3: calling handler <function add_generate_presigned_post at 0x7f9ad1ef2820>
2025-02-07 07:15:18 - DEBUG - Event creating-client-class.s3: calling handler <function lazy_call.<locals>._handler at 0x7f9b57a43a60>
2025-02-07 07:15:19 - DEBUG - Loading JSON file: /usr/local/lib/python3.9/site-packages/botocore/data/_retry.json
2025-02-07 07:15:19 - DEBUG - Event creating-client-class.s3: calling handler <function add_generate_presigned_url at 0x7f6ebac83550>
2025-02-07 07:15:19 - DEBUG - Setting s3 timeout as (60, 60)
2025-02-07 07:15:19 - DEBUG - Event creating-client-class.s3: calling handler <function add_generate_presigned_url at 0x7f9ad1ef25e0>
2025-02-07 07:15:19 - DEBUG - Setting s3 timeout as (60, 60)
2025-02-07 07:15:19 - DEBUG - Loading JSON file: /usr/local/lib/python3.9/site-packages/botocore/data/_retry.json
2025-02-07 07:15:19 - DEBUG - Loading JSON file: /usr/local/lib/python3.9/site-packages/botocore/data/_retry.json
2025-02-07 07:15:20 - DEBUG - Loading JSON file: /usr/local/lib/python3.9/site-packages/botocore/data/_retry.json
2025-02-07 07:15:20 - DEBUG - Registering retry handlers for service: s3
2025-02-07 07:15:20 - DEBUG - Registering S3 region redirector handler
2025-02-07 07:15:20 - DEBUG - Registering S3Express Identity Resolver
2025-02-07 07:15:20 - DEBUG - Registering retry handlers for service: s3
2025-02-07 07:15:20 - DEBUG - Registering S3 region redirector handler
2025-02-07 07:15:20 - DEBUG - Registering S3Express Identity Resolver
2025-02-07 07:15:20 - DEBUG - Registering retry handlers for service: s3
2025-02-07 07:15:20 - DEBUG - Registering S3 region redirector handler
2025-02-07 07:15:20 - DEBUG - Registering S3Express Identity Resolver
2025-02-07 07:15:20 - DEBUG - Registering retry handlers for service: s3
2025-02-07 07:15:20 - DEBUG - Registering S3 region redirector handler
2025-02-07 07:15:20 - DEBUG - Registering S3Express Identity Resolver
2025-02-07 08:13:49 - DEBUG - Changing event name from creating-client-class.iot-data to creating-client-class.iot-data-plane
2025-02-07 08:13:49 - DEBUG - Changing event name from creating-client-class.iot-data to creating-client-class.iot-data-plane
2025-02-07 08:13:49 - DEBUG - Changing event name from creating-client-class.iot-data to creating-client-class.iot-data-plane
2025-02-07 08:13:49 - DEBUG - Changing event name from creating-client-class.iot-data to creating-client-class.iot-data-plane
2025-02-07 08:13:49 - DEBUG - Changing event name from creating-client-class.iot-data to creating-client-class.iot-data-plane
2025-02-07 08:13:49 - DEBUG - Changing event name from creating-client-class.iot-data to creating-client-class.iot-data-plane
2025-02-07 08:13:49 - DEBUG - Changing event name from before-call.apigateway to before-call.api-gateway
2025-02-07 08:13:49 - DEBUG - Changing event name from before-call.apigateway to before-call.api-gateway
2025-02-07 08:13:49 - DEBUG - Changing event name from before-call.apigateway to before-call.api-gateway
2025-02-07 08:13:49 - DEBUG - Changing event name from creating-client-class.iot-data to creating-client-class.iot-data-plane
2025-02-07 08:13:49 - DEBUG - Changing event name from before-call.apigateway to before-call.api-gateway
2025-02-07 08:13:49 - DEBUG - Changing event name from request-created.machinelearning.Predict to request-created.machine-learning.Predict
2025-02-07 08:13:49 - DEBUG - Changing event name from request-created.machinelearning.Predict to request-created.machine-learning.Predict
2025-02-07 08:13:49 - DEBUG - Changing event name from request-created.machinelearning.Predict to request-created.machine-learning.Predict
2025-02-07 08:13:49 - DEBUG - Changing event name from creating-client-class.iot-data to creating-client-class.iot-data-plane
2025-02-07 08:13:49 - DEBUG - Changing event name from request-created.machinelearning.Predict to request-created.machine-learning.Predict
2025-02-07 08:13:49 - DEBUG - Changing event name from before-call.apigateway to before-call.api-gateway
2025-02-07 08:13:49 - DEBUG - Changing event name from before-call.apigateway to before-call.api-gateway
2025-02-07 08:13:49 - DEBUG - Changing event name from before-parameter-build.autoscaling.CreateLaunchConfiguration to before-parameter-build.auto-scaling.CreateLaunchConfiguration
2025-02-07 08:13:49 - DEBUG - Changing event name from before-parameter-build.autoscaling.CreateLaunchConfiguration to before-parameter-build.auto-scaling.CreateLaunchConfiguration
2025-02-07 08:13:49 - DEBUG - Changing event name from before-parameter-build.autoscaling.CreateLaunchConfiguration to before-parameter-build.auto-scaling.CreateLaunchConfiguration
2025-02-07 08:13:49 - DEBUG - Changing event name from request-created.machinelearning.Predict to request-created.machine-learning.Predict
2025-02-07 08:13:49 - DEBUG - Changing event name from request-created.machinelearning.Predict to request-created.machine-learning.Predict
2025-02-07 08:13:49 - DEBUG - Changing event name from before-parameter-build.route53 to before-parameter-build.route-53
2025-02-07 08:13:49 - DEBUG - Changing event name from before-call.apigateway to before-call.api-gateway
2025-02-07 08:13:49 - DEBUG - Changing event name from before-parameter-build.route53 to before-parameter-build.route-53
2025-02-07 08:13:49 - DEBUG - Changing event name from before-parameter-build.route53 to before-parameter-build.route-53
2025-02-07 08:13:49 - DEBUG - Changing event name from before-parameter-build.autoscaling.CreateLaunchConfiguration to before-parameter-build.auto-scaling.CreateLaunchConfiguration
2025-02-07 08:13:49 - DEBUG - Changing event name from before-parameter-build.route53 to before-parameter-build.route-53
2025-02-07 08:13:49 - DEBUG - Changing event name from request-created.cloudsearchdomain.Search to request-created.cloudsearch-domain.Search
2025-02-07 08:13:49 - DEBUG - Changing event name from request-created.cloudsearchdomain.Search to request-created.cloudsearch-domain.Search
2025-02-07 08:13:49 - DEBUG - Changing event name from before-call.apigateway to before-call.api-gateway
2025-02-07 08:13:49 - DEBUG - Changing event name from request-created.cloudsearchdomain.Search to request-created.cloudsearch-domain.Search
2025-02-07 08:13:49 - DEBUG - Changing event name from request-created.machinelearning.Predict to request-created.machine-learning.Predict
2025-02-07 08:13:49 - DEBUG - Changing event name from before-parameter-build.autoscaling.CreateLaunchConfiguration to before-parameter-build.auto-scaling.CreateLaunchConfiguration
2025-02-07 08:13:49 - DEBUG - Changing event name from before-parameter-build.autoscaling.CreateLaunchConfiguration to before-parameter-build.auto-scaling.CreateLaunchConfiguration
2025-02-07 08:13:49 - DEBUG - Changing event name from request-created.cloudsearchdomain.Search to request-created.cloudsearch-domain.Search
2025-02-07 08:13:49 - DEBUG - Changing event name from before-parameter-build.route53 to before-parameter-build.route-53
2025-02-07 08:13:49 - DEBUG - Changing event name from before-parameter-build.route53 to before-parameter-build.route-53
2025-02-07 08:13:49 - DEBUG - Changing event name from request-created.machinelearning.Predict to request-created.machine-learning.Predict
2025-02-07 08:13:49 - DEBUG - Changing event name from docs.*.autoscaling.CreateLaunchConfiguration.complete-section to docs.*.auto-scaling.CreateLaunchConfiguration.complete-section
2025-02-07 08:13:49 - DEBUG - Changing event name from docs.*.autoscaling.CreateLaunchConfiguration.complete-section to docs.*.auto-scaling.CreateLaunchConfiguration.complete-section
2025-02-07 08:13:49 - DEBUG - Changing event name from docs.*.autoscaling.CreateLaunchConfiguration.complete-section to docs.*.auto-scaling.CreateLaunchConfiguration.complete-section
2025-02-07 08:13:49 - DEBUG - Changing event name from request-created.cloudsearchdomain.Search to request-created.cloudsearch-domain.Search
2025-02-07 08:13:49 - DEBUG - Changing event name from request-created.cloudsearchdomain.Search to request-created.cloudsearch-domain.Search
2025-02-07 08:13:49 - DEBUG - Changing event name from docs.*.autoscaling.CreateLaunchConfiguration.complete-section to docs.*.auto-scaling.CreateLaunchConfiguration.complete-section
2025-02-07 08:13:49 - DEBUG - Changing event name from before-parameter-build.autoscaling.CreateLaunchConfiguration to before-parameter-build.auto-scaling.CreateLaunchConfiguration
2025-02-07 08:13:49 - DEBUG - Changing event name from before-parameter-build.route53 to before-parameter-build.route-53
2025-02-07 08:13:49 - DEBUG - Changing event name from docs.*.autoscaling.CreateLaunchConfiguration.complete-section to docs.*.auto-scaling.CreateLaunchConfiguration.complete-section
2025-02-07 08:13:49 - DEBUG - Changing event name from docs.*.autoscaling.CreateLaunchConfiguration.complete-section to docs.*.auto-scaling.CreateLaunchConfiguration.complete-section
2025-02-07 08:13:49 - DEBUG - Changing event name from before-parameter-build.autoscaling.CreateLaunchConfiguration to before-parameter-build.auto-scaling.CreateLaunchConfiguration
2025-02-07 08:13:49 - DEBUG - Changing event name from request-created.cloudsearchdomain.Search to request-created.cloudsearch-domain.Search
2025-02-07 08:13:49 - DEBUG - Changing event name from before-parameter-build.route53 to before-parameter-build.route-53
2025-02-07 08:13:49 - DEBUG - Changing event name from docs.*.autoscaling.CreateLaunchConfiguration.complete-section to docs.*.auto-scaling.CreateLaunchConfiguration.complete-section
2025-02-07 08:13:49 - DEBUG - Changing event name from before-parameter-build.logs.CreateExportTask to before-parameter-build.cloudwatch-logs.CreateExportTask
2025-02-07 08:13:49 - DEBUG - Changing event name from before-parameter-build.logs.CreateExportTask to before-parameter-build.cloudwatch-logs.CreateExportTask
2025-02-07 08:13:49 - DEBUG - Changing event name from request-created.cloudsearchdomain.Search to request-created.cloudsearch-domain.Search
2025-02-07 08:13:49 - DEBUG - Changing event name from docs.*.logs.CreateExportTask.complete-section to docs.*.cloudwatch-logs.CreateExportTask.complete-section
2025-02-07 08:13:49 - DEBUG - Changing event name from docs.*.logs.CreateExportTask.complete-section to docs.*.cloudwatch-logs.CreateExportTask.complete-section
2025-02-07 08:13:49 - DEBUG - Changing event name from before-parameter-build.cloudsearchdomain.Search to before-parameter-build.cloudsearch-domain.Search
2025-02-07 08:13:49 - DEBUG - Changing event name from before-parameter-build.cloudsearchdomain.Search to before-parameter-build.cloudsearch-domain.Search
2025-02-07 08:13:49 - DEBUG - Changing event name from before-parameter-build.logs.CreateExportTask to before-parameter-build.cloudwatch-logs.CreateExportTask
2025-02-07 08:13:49 - DEBUG - Changing event name from before-parameter-build.logs.CreateExportTask to before-parameter-build.cloudwatch-logs.CreateExportTask
2025-02-07 08:13:49 - DEBUG - Changing event name from docs.*.cloudsearchdomain.Search.complete-section to docs.*.cloudsearch-domain.Search.complete-section
2025-02-07 08:13:49 - DEBUG - Changing event name from docs.*.logs.CreateExportTask.complete-section to docs.*.cloudwatch-logs.CreateExportTask.complete-section
2025-02-07 08:13:49 - DEBUG - Changing event name from docs.*.cloudsearchdomain.Search.complete-section to docs.*.cloudsearch-domain.Search.complete-section
2025-02-07 08:13:49 - DEBUG - Changing event name from docs.*.logs.CreateExportTask.complete-section to docs.*.cloudwatch-logs.CreateExportTask.complete-section
2025-02-07 08:13:49 - DEBUG - Changing event name from before-parameter-build.cloudsearchdomain.Search to before-parameter-build.cloudsearch-domain.Search
2025-02-07 08:13:49 - DEBUG - Changing event name from before-parameter-build.logs.CreateExportTask to before-parameter-build.cloudwatch-logs.CreateExportTask
2025-02-07 08:13:49 - DEBUG - Changing event name from docs.*.cloudsearchdomain.Search.complete-section to docs.*.cloudsearch-domain.Search.complete-section
2025-02-07 08:13:49 - DEBUG - Changing event name from before-parameter-build.logs.CreateExportTask to before-parameter-build.cloudwatch-logs.CreateExportTask
2025-02-07 08:13:49 - DEBUG - Changing event name from docs.*.autoscaling.CreateLaunchConfiguration.complete-section to docs.*.auto-scaling.CreateLaunchConfiguration.complete-section
2025-02-07 08:13:49 - DEBUG - Changing event name from docs.*.logs.CreateExportTask.complete-section to docs.*.cloudwatch-logs.CreateExportTask.complete-section
2025-02-07 08:13:49 - DEBUG - Changing event name from before-parameter-build.cloudsearchdomain.Search to before-parameter-build.cloudsearch-domain.Search
2025-02-07 08:13:49 - DEBUG - Changing event name from docs.*.logs.CreateExportTask.complete-section to docs.*.cloudwatch-logs.CreateExportTask.complete-section
2025-02-07 08:13:49 - DEBUG - Changing event name from before-parameter-build.cloudsearchdomain.Search to before-parameter-build.cloudsearch-domain.Search
2025-02-07 08:13:49 - DEBUG - Changing event name from docs.*.cloudsearchdomain.Search.complete-section to docs.*.cloudsearch-domain.Search.complete-section
2025-02-07 08:13:49 - DEBUG - Changing event name from before-parameter-build.cloudsearchdomain.Search to before-parameter-build.cloudsearch-domain.Search
2025-02-07 08:13:49 - DEBUG - Changing event name from docs.*.cloudsearchdomain.Search.complete-section to docs.*.cloudsearch-domain.Search.complete-section
2025-02-07 08:13:49 - DEBUG - Changing event name from docs.*.cloudsearchdomain.Search.complete-section to docs.*.cloudsearch-domain.Search.complete-section
2025-02-07 08:13:49 - DEBUG - Changing event name from before-parameter-build.logs.CreateExportTask to before-parameter-build.cloudwatch-logs.CreateExportTask
2025-02-07 08:13:49 - DEBUG - Changing event name from before-parameter-build.logs.CreateExportTask to before-parameter-build.cloudwatch-logs.CreateExportTask
2025-02-07 08:13:49 - DEBUG - Changing event name from docs.*.logs.CreateExportTask.complete-section to docs.*.cloudwatch-logs.CreateExportTask.complete-section
2025-02-07 08:13:49 - DEBUG - Changing event name from before-parameter-build.cloudsearchdomain.Search to before-parameter-build.cloudsearch-domain.Search
2025-02-07 08:13:49 - DEBUG - Changing event name from docs.*.cloudsearchdomain.Search.complete-section to docs.*.cloudsearch-domain.Search.complete-section
2025-02-07 08:13:49 - DEBUG - Loading JSON file: /usr/local/lib/python3.9/site-packages/botocore/data/endpoints.json
2025-02-07 08:13:49 - DEBUG - Loading JSON file: /usr/local/lib/python3.9/site-packages/botocore/data/endpoints.json
2025-02-07 08:13:49 - DEBUG - Changing event name from docs.*.logs.CreateExportTask.complete-section to docs.*.cloudwatch-logs.CreateExportTask.complete-section
2025-02-07 08:13:49 - DEBUG - Loading JSON file: /usr/local/lib/python3.9/site-packages/botocore/data/endpoints.json
2025-02-07 08:13:49 - DEBUG - Changing event name from before-parameter-build.cloudsearchdomain.Search to before-parameter-build.cloudsearch-domain.Search
2025-02-07 08:13:49 - DEBUG - Loading JSON file: /usr/local/lib/python3.9/site-packages/botocore/data/endpoints.json
2025-02-07 08:13:49 - DEBUG - Loading JSON file: /usr/local/lib/python3.9/site-packages/botocore/data/endpoints.json
2025-02-07 08:13:49 - DEBUG - Loading JSON file: /usr/local/lib/python3.9/site-packages/botocore/data/endpoints.json
2025-02-07 08:13:49 - DEBUG - Changing event name from docs.*.cloudsearchdomain.Search.complete-section to docs.*.cloudsearch-domain.Search.complete-section
2025-02-07 08:13:49 - DEBUG - Loading JSON file: /usr/local/lib/python3.9/site-packages/botocore/data/endpoints.json
2025-02-07 08:13:49 - DEBUG - Loading JSON file: /usr/local/lib/python3.9/site-packages/botocore/data/endpoints.json
2025-02-07 08:13:49 - DEBUG - Loading JSON file: /usr/local/lib/python3.9/site-packages/botocore/data/sdk-default-configuration.json
2025-02-07 08:13:49 - DEBUG - Loading JSON file: /usr/local/lib/python3.9/site-packages/botocore/data/sdk-default-configuration.json
2025-02-07 08:13:49 - DEBUG - Event choose-service-name: calling handler <function handle_service_name_alias at 0x7f93bfb64040>
2025-02-07 08:13:49 - DEBUG - Event choose-service-name: calling handler <function handle_service_name_alias at 0x7f91bdcc8040>
2025-02-07 08:13:49 - DEBUG - Loading JSON file: /usr/local/lib/python3.9/site-packages/botocore/data/sdk-default-configuration.json
2025-02-07 08:13:49 - DEBUG - Loading JSON file: /usr/local/lib/python3.9/site-packages/botocore/data/sdk-default-configuration.json
2025-02-07 08:13:49 - DEBUG - Event choose-service-name: calling handler <function handle_service_name_alias at 0x7f253f61b040>
2025-02-07 08:13:49 - DEBUG - Event choose-service-name: calling handler <function handle_service_name_alias at 0x7f82958e2f70>
2025-02-07 08:13:49 - DEBUG - Loading JSON file: /usr/local/lib/python3.9/site-packages/botocore/data/sdk-default-configuration.json
2025-02-07 08:13:49 - DEBUG - Loading JSON file: /usr/local/lib/python3.9/site-packages/botocore/data/sdk-default-configuration.json
2025-02-07 08:13:49 - DEBUG - Event choose-service-name: calling handler <function handle_service_name_alias at 0x7f6c78934040>
2025-02-07 08:13:49 - DEBUG - Event choose-service-name: calling handler <function handle_service_name_alias at 0x7f9a6d1cd040>
2025-02-07 08:13:49 - DEBUG - Loading JSON file: /usr/local/lib/python3.9/site-packages/botocore/data/sdk-default-configuration.json
2025-02-07 08:13:49 - DEBUG - Event choose-service-name: calling handler <function handle_service_name_alias at 0x7f257e7bd040>
2025-02-07 08:13:49 - DEBUG - Loading JSON file: /usr/local/lib/python3.9/site-packages/botocore/data/sdk-default-configuration.json
2025-02-07 08:13:49 - DEBUG - Event choose-service-name: calling handler <function handle_service_name_alias at 0x7f4a69044040>
2025-02-07 08:13:49 - DEBUG - Loading JSON file: /usr/local/lib/python3.9/site-packages/botocore/data/s3/2006-03-01/service-2.json.gz
2025-02-07 08:13:49 - DEBUG - Loading JSON file: /usr/local/lib/python3.9/site-packages/botocore/data/s3/2006-03-01/service-2.json.gz
2025-02-07 08:13:49 - DEBUG - Loading JSON file: /usr/local/lib/python3.9/site-packages/botocore/data/s3/2006-03-01/service-2.json.gz
2025-02-07 08:13:49 - DEBUG - Loading JSON file: /usr/local/lib/python3.9/site-packages/botocore/data/s3/2006-03-01/service-2.json.gz
2025-02-07 08:13:49 - DEBUG - Loading JSON file: /usr/local/lib/python3.9/site-packages/botocore/data/s3/2006-03-01/service-2.json.gz
2025-02-07 08:13:49 - DEBUG - Loading JSON file: /usr/local/lib/python3.9/site-packages/botocore/data/s3/2006-03-01/service-2.json.gz
2025-02-07 08:13:49 - DEBUG - Loading JSON file: /usr/local/lib/python3.9/site-packages/botocore/data/s3/2006-03-01/service-2.json.gz
2025-02-07 08:13:49 - DEBUG - Loading JSON file: /usr/local/lib/python3.9/site-packages/botocore/data/s3/2006-03-01/service-2.json.gz
2025-02-07 08:13:49 - DEBUG - Loading JSON file: /usr/local/lib/python3.9/site-packages/botocore/data/s3/2006-03-01/service-2.sdk-extras.json
2025-02-07 08:13:49 - DEBUG - Loading JSON file: /usr/local/lib/python3.9/site-packages/botocore/data/s3/2006-03-01/service-2.sdk-extras.json
2025-02-07 08:13:49 - DEBUG - Loading JSON file: /usr/local/lib/python3.9/site-packages/botocore/data/s3/2006-03-01/service-2.sdk-extras.json
2025-02-07 08:13:49 - DEBUG - Loading JSON file: /usr/local/lib/python3.9/site-packages/botocore/data/s3/2006-03-01/service-2.sdk-extras.json
2025-02-07 08:13:49 - DEBUG - Loading JSON file: /usr/local/lib/python3.9/site-packages/botocore/data/s3/2006-03-01/service-2.sdk-extras.json
2025-02-07 08:13:49 - DEBUG - Loading JSON file: /usr/local/lib/python3.9/site-packages/botocore/data/s3/2006-03-01/service-2.sdk-extras.json
2025-02-07 08:13:49 - DEBUG - Loading JSON file: /usr/local/lib/python3.9/site-packages/botocore/data/s3/2006-03-01/service-2.sdk-extras.json
2025-02-07 08:13:49 - DEBUG - Loading JSON file: /usr/local/lib/python3.9/site-packages/botocore/data/s3/2006-03-01/service-2.sdk-extras.json
2025-02-07 08:13:49 - DEBUG - Loading JSON file: /usr/local/lib/python3.9/site-packages/botocore/data/s3/2006-03-01/endpoint-rule-set-1.json.gz
2025-02-07 08:13:49 - DEBUG - Loading JSON file: /usr/local/lib/python3.9/site-packages/botocore/data/s3/2006-03-01/endpoint-rule-set-1.json.gz
2025-02-07 08:13:49 - DEBUG - Loading JSON file: /usr/local/lib/python3.9/site-packages/botocore/data/s3/2006-03-01/endpoint-rule-set-1.json.gz
2025-02-07 08:13:49 - DEBUG - Loading JSON file: /usr/local/lib/python3.9/site-packages/botocore/data/s3/2006-03-01/endpoint-rule-set-1.json.gz
2025-02-07 08:13:49 - DEBUG - Loading JSON file: /usr/local/lib/python3.9/site-packages/botocore/data/s3/2006-03-01/endpoint-rule-set-1.json.gz
2025-02-07 08:13:49 - DEBUG - Loading JSON file: /usr/local/lib/python3.9/site-packages/botocore/data/s3/2006-03-01/endpoint-rule-set-1.json.gz
2025-02-07 08:13:49 - DEBUG - Loading JSON file: /usr/local/lib/python3.9/site-packages/botocore/data/s3/2006-03-01/endpoint-rule-set-1.json.gz
2025-02-07 08:13:49 - DEBUG - Loading JSON file: /usr/local/lib/python3.9/site-packages/botocore/data/s3/2006-03-01/endpoint-rule-set-1.json.gz
2025-02-07 08:13:49 - DEBUG - Loading JSON file: /usr/local/lib/python3.9/site-packages/botocore/data/partitions.json
2025-02-07 08:13:49 - DEBUG - Loading JSON file: /usr/local/lib/python3.9/site-packages/botocore/data/partitions.json
2025-02-07 08:13:49 - DEBUG - Loading JSON file: /usr/local/lib/python3.9/site-packages/botocore/data/partitions.json
2025-02-07 08:13:49 - DEBUG - Loading JSON file: /usr/local/lib/python3.9/site-packages/botocore/data/partitions.json
2025-02-07 08:13:49 - DEBUG - Loading JSON file: /usr/local/lib/python3.9/site-packages/botocore/data/partitions.json
2025-02-07 08:13:49 - DEBUG - Loading JSON file: /usr/local/lib/python3.9/site-packages/botocore/data/partitions.json
2025-02-07 08:13:49 - DEBUG - Loading JSON file: /usr/local/lib/python3.9/site-packages/botocore/data/partitions.json
2025-02-07 08:13:49 - DEBUG - Loading JSON file: /usr/local/lib/python3.9/site-packages/botocore/data/partitions.json
2025-02-07 08:13:49 - DEBUG - Event creating-client-class.s3: calling handler <function add_generate_presigned_post at 0x7f6c786e6790>
2025-02-07 08:13:49 - DEBUG - Event creating-client-class.s3: calling handler <function add_generate_presigned_post at 0x7f8295638700>
2025-02-07 08:13:49 - DEBUG - Event creating-client-class.s3: calling handler <function add_generate_presigned_post at 0x7f93bf915820>
2025-02-07 08:13:49 - DEBUG - Event creating-client-class.s3: calling handler <function lazy_call.<locals>._handler at 0x7f6cfe43e940>
2025-02-07 08:13:49 - DEBUG - Event creating-client-class.s3: calling handler <function add_generate_presigned_post at 0x7f253f3cd820>
2025-02-07 08:13:49 - DEBUG - Event creating-client-class.s3: calling handler <function lazy_call.<locals>._handler at 0x7f82bc8d88b0>
2025-02-07 08:13:49 - DEBUG - Event creating-client-class.s3: calling handler <function lazy_call.<locals>._handler at 0x7f94451d0940>
2025-02-07 08:13:49 - DEBUG - Event creating-client-class.s3: calling handler <function lazy_call.<locals>._handler at 0x7f25c49c7a60>
2025-02-07 08:13:49 - DEBUG - Event creating-client-class.s3: calling handler <function add_generate_presigned_post at 0x7f9a6cf7f820>
2025-02-07 08:13:49 - DEBUG - Event creating-client-class.s3: calling handler <function add_generate_presigned_post at 0x7f4a68df7820>
2025-02-07 08:13:49 - DEBUG - Event creating-client-class.s3: calling handler <function lazy_call.<locals>._handler at 0x7f4ae8c38940>
2025-02-07 08:13:49 - DEBUG - Event creating-client-class.s3: calling handler <function add_generate_presigned_post at 0x7f257e570820>
2025-02-07 08:13:49 - DEBUG - Event creating-client-class.s3: calling handler <function add_generate_presigned_post at 0x7f91bda7a790>
2025-02-07 08:13:49 - DEBUG - Event creating-client-class.s3: calling handler <function lazy_call.<locals>._handler at 0x7f9af2e45a60>
2025-02-07 08:13:49 - DEBUG - Event creating-client-class.s3: calling handler <function lazy_call.<locals>._handler at 0x7f26044469d0>
2025-02-07 08:13:49 - DEBUG - Event creating-client-class.s3: calling handler <function lazy_call.<locals>._handler at 0x7f9243a468b0>
2025-02-07 08:13:49 - DEBUG - Event creating-client-class.s3: calling handler <function add_generate_presigned_url at 0x7f93bf9155e0>
2025-02-07 08:13:49 - DEBUG - Event creating-client-class.s3: calling handler <function add_generate_presigned_url at 0x7f9a6cf7f5e0>
2025-02-07 08:13:49 - DEBUG - Event creating-client-class.s3: calling handler <function add_generate_presigned_url at 0x7f91bda7a550>
2025-02-07 08:13:49 - DEBUG - Event creating-client-class.s3: calling handler <function add_generate_presigned_url at 0x7f253f3cd5e0>
2025-02-07 08:13:49 - DEBUG - Event creating-client-class.s3: calling handler <function add_generate_presigned_url at 0x7f4a68df75e0>
2025-02-07 08:13:49 - DEBUG - Event creating-client-class.s3: calling handler <function add_generate_presigned_url at 0x7f6c786e6550>
2025-02-07 08:13:49 - DEBUG - Event creating-client-class.s3: calling handler <function add_generate_presigned_url at 0x7f257e5705e0>
2025-02-07 08:13:49 - DEBUG - Event creating-client-class.s3: calling handler <function add_generate_presigned_url at 0x7f82956384c0>
2025-02-07 08:13:49 - DEBUG - Setting s3 timeout as (60, 60)
2025-02-07 08:13:49 - DEBUG - Setting s3 timeout as (60, 60)
2025-02-07 08:13:49 - DEBUG - Setting s3 timeout as (60, 60)
2025-02-07 08:13:49 - DEBUG - Setting s3 timeout as (60, 60)
2025-02-07 08:13:49 - DEBUG - Setting s3 timeout as (60, 60)
2025-02-07 08:13:49 - DEBUG - Setting s3 timeout as (60, 60)
2025-02-07 08:13:49 - DEBUG - Setting s3 timeout as (60, 60)
2025-02-07 08:13:49 - DEBUG - Loading JSON file: /usr/local/lib/python3.9/site-packages/botocore/data/_retry.json
2025-02-07 08:13:49 - DEBUG - Registering retry handlers for service: s3
2025-02-07 08:13:49 - DEBUG - Setting s3 timeout as (60, 60)
2025-02-07 08:13:49 - DEBUG - Registering S3 region redirector handler
2025-02-07 08:13:49 - DEBUG - Loading JSON file: /usr/local/lib/python3.9/site-packages/botocore/data/_retry.json
2025-02-07 08:13:49 - DEBUG - Registering retry handlers for service: s3
2025-02-07 08:13:49 - DEBUG - Registering S3Express Identity Resolver
2025-02-07 08:13:49 - DEBUG - Registering S3 region redirector handler
2025-02-07 08:13:49 - DEBUG - Registering S3Express Identity Resolver
2025-02-07 08:13:49 - DEBUG - Loading JSON file: /usr/local/lib/python3.9/site-packages/botocore/data/_retry.json
2025-02-07 08:13:49 - DEBUG - Loading JSON file: /usr/local/lib/python3.9/site-packages/botocore/data/_retry.json
2025-02-07 08:13:49 - DEBUG - Registering retry handlers for service: s3
2025-02-07 08:13:49 - DEBUG - Registering retry handlers for service: s3
2025-02-07 08:13:49 - DEBUG - Registering S3 region redirector handler
2025-02-07 08:13:49 - DEBUG - Registering S3 region redirector handler
2025-02-07 08:13:49 - DEBUG - Registering S3Express Identity Resolver
2025-02-07 08:13:49 - DEBUG - Registering S3Express Identity Resolver
2025-02-07 08:13:51 - DEBUG - Loading JSON file: /usr/local/lib/python3.9/site-packages/botocore/data/_retry.json
2025-02-07 08:13:51 - DEBUG - Registering retry handlers for service: s3
2025-02-07 08:13:51 - DEBUG - Registering S3 region redirector handler
2025-02-07 08:13:51 - DEBUG - Registering S3Express Identity Resolver
2025-02-07 08:13:51 - DEBUG - Loading JSON file: /usr/local/lib/python3.9/site-packages/botocore/data/_retry.json
2025-02-07 08:13:51 - DEBUG - Registering retry handlers for service: s3
2025-02-07 08:13:51 - DEBUG - Loading JSON file: /usr/local/lib/python3.9/site-packages/botocore/data/_retry.json
2025-02-07 08:13:51 - DEBUG - Registering retry handlers for service: s3
2025-02-07 08:13:51 - DEBUG - Registering S3 region redirector handler
2025-02-07 08:13:51 - DEBUG - Registering S3 region redirector handler
2025-02-07 08:13:51 - DEBUG - Registering S3Express Identity Resolver
2025-02-07 08:13:51 - DEBUG - Registering S3Express Identity Resolver
2025-02-07 08:13:51 - DEBUG - Loading JSON file: /usr/local/lib/python3.9/site-packages/botocore/data/_retry.json
2025-02-07 08:13:51 - DEBUG - Registering retry handlers for service: s3
2025-02-07 08:13:51 - DEBUG - Registering S3 region redirector handler
2025-02-07 08:13:51 - DEBUG - Registering S3Express Identity Resolver
2025-02-07 08:19:49 - INFO - Connection successful, face is real: True
2025-02-07 08:23:11 - INFO - create_face_img_base64 - Create face tam with id test from store 1
2025-02-07 08:23:11 - INFO - Image decoded successfully from store 1
2025-02-07 08:23:11 - WARNING - 1 - Face is not detected
2025-02-07 08:28:16 - DEBUG - Changing event name from creating-client-class.iot-data to creating-client-class.iot-data-plane
2025-02-07 08:28:16 - DEBUG - Changing event name from creating-client-class.iot-data to creating-client-class.iot-data-plane
2025-02-07 08:28:16 - DEBUG - Changing event name from creating-client-class.iot-data to creating-client-class.iot-data-plane
2025-02-07 08:28:16 - DEBUG - Changing event name from creating-client-class.iot-data to creating-client-class.iot-data-plane
2025-02-07 08:28:16 - DEBUG - Changing event name from creating-client-class.iot-data to creating-client-class.iot-data-plane
2025-02-07 08:28:16 - DEBUG - Changing event name from creating-client-class.iot-data to creating-client-class.iot-data-plane
2025-02-07 08:28:16 - DEBUG - Changing event name from before-call.apigateway to before-call.api-gateway
2025-02-07 08:28:16 - DEBUG - Changing event name from before-call.apigateway to before-call.api-gateway
2025-02-07 08:28:16 - DEBUG - Changing event name from before-call.apigateway to before-call.api-gateway
2025-02-07 08:28:16 - DEBUG - Changing event name from before-call.apigateway to before-call.api-gateway
2025-02-07 08:28:16 - DEBUG - Changing event name from before-call.apigateway to before-call.api-gateway
2025-02-07 08:28:16 - DEBUG - Changing event name from before-call.apigateway to before-call.api-gateway
2025-02-07 08:28:16 - DEBUG - Changing event name from request-created.machinelearning.Predict to request-created.machine-learning.Predict
2025-02-07 08:28:16 - DEBUG - Changing event name from request-created.machinelearning.Predict to request-created.machine-learning.Predict
2025-02-07 08:28:16 - DEBUG - Changing event name from request-created.machinelearning.Predict to request-created.machine-learning.Predict
2025-02-07 08:28:16 - DEBUG - Changing event name from request-created.machinelearning.Predict to request-created.machine-learning.Predict
2025-02-07 08:28:16 - DEBUG - Changing event name from request-created.machinelearning.Predict to request-created.machine-learning.Predict
2025-02-07 08:28:16 - DEBUG - Changing event name from creating-client-class.iot-data to creating-client-class.iot-data-plane
2025-02-07 08:28:16 - DEBUG - Changing event name from creating-client-class.iot-data to creating-client-class.iot-data-plane
2025-02-07 08:28:16 - DEBUG - Changing event name from request-created.machinelearning.Predict to request-created.machine-learning.Predict
2025-02-07 08:28:16 - DEBUG - Changing event name from before-parameter-build.autoscaling.CreateLaunchConfiguration to before-parameter-build.auto-scaling.CreateLaunchConfiguration
2025-02-07 08:28:16 - DEBUG - Changing event name from before-parameter-build.autoscaling.CreateLaunchConfiguration to before-parameter-build.auto-scaling.CreateLaunchConfiguration
2025-02-07 08:28:16 - DEBUG - Changing event name from before-parameter-build.autoscaling.CreateLaunchConfiguration to before-parameter-build.auto-scaling.CreateLaunchConfiguration
2025-02-07 08:28:16 - DEBUG - Changing event name from before-parameter-build.autoscaling.CreateLaunchConfiguration to before-parameter-build.auto-scaling.CreateLaunchConfiguration
2025-02-07 08:28:16 - DEBUG - Changing event name from before-parameter-build.autoscaling.CreateLaunchConfiguration to before-parameter-build.auto-scaling.CreateLaunchConfiguration
2025-02-07 08:28:16 - DEBUG - Changing event name from before-parameter-build.route53 to before-parameter-build.route-53
2025-02-07 08:28:16 - DEBUG - Changing event name from before-parameter-build.route53 to before-parameter-build.route-53
2025-02-07 08:28:16 - DEBUG - Changing event name from before-parameter-build.route53 to before-parameter-build.route-53
2025-02-07 08:28:16 - DEBUG - Changing event name from before-parameter-build.route53 to before-parameter-build.route-53
2025-02-07 08:28:16 - DEBUG - Changing event name from before-parameter-build.autoscaling.CreateLaunchConfiguration to before-parameter-build.auto-scaling.CreateLaunchConfiguration
2025-02-07 08:28:16 - DEBUG - Changing event name from request-created.cloudsearchdomain.Search to request-created.cloudsearch-domain.Search
2025-02-07 08:28:16 - DEBUG - Changing event name from before-parameter-build.route53 to before-parameter-build.route-53
2025-02-07 08:28:16 - DEBUG - Changing event name from before-parameter-build.route53 to before-parameter-build.route-53
2025-02-07 08:28:16 - DEBUG - Changing event name from request-created.cloudsearchdomain.Search to request-created.cloudsearch-domain.Search
2025-02-07 08:28:16 - DEBUG - Changing event name from before-call.apigateway to before-call.api-gateway
2025-02-07 08:28:16 - DEBUG - Changing event name from request-created.cloudsearchdomain.Search to request-created.cloudsearch-domain.Search
2025-02-07 08:28:16 - DEBUG - Changing event name from request-created.cloudsearchdomain.Search to request-created.cloudsearch-domain.Search
2025-02-07 08:28:16 - DEBUG - Changing event name from before-call.apigateway to before-call.api-gateway
2025-02-07 08:28:16 - DEBUG - Changing event name from request-created.cloudsearchdomain.Search to request-created.cloudsearch-domain.Search
2025-02-07 08:28:16 - DEBUG - Changing event name from docs.*.autoscaling.CreateLaunchConfiguration.complete-section to docs.*.auto-scaling.CreateLaunchConfiguration.complete-section
2025-02-07 08:28:16 - DEBUG - Changing event name from docs.*.autoscaling.CreateLaunchConfiguration.complete-section to docs.*.auto-scaling.CreateLaunchConfiguration.complete-section
2025-02-07 08:28:16 - DEBUG - Changing event name from request-created.cloudsearchdomain.Search to request-created.cloudsearch-domain.Search
2025-02-07 08:28:16 - DEBUG - Changing event name from request-created.machinelearning.Predict to request-created.machine-learning.Predict
2025-02-07 08:28:17 - DEBUG - Changing event name from docs.*.autoscaling.CreateLaunchConfiguration.complete-section to docs.*.auto-scaling.CreateLaunchConfiguration.complete-section
2025-02-07 08:28:17 - DEBUG - Changing event name from docs.*.autoscaling.CreateLaunchConfiguration.complete-section to docs.*.auto-scaling.CreateLaunchConfiguration.complete-section
2025-02-07 08:28:17 - DEBUG - Changing event name from docs.*.autoscaling.CreateLaunchConfiguration.complete-section to docs.*.auto-scaling.CreateLaunchConfiguration.complete-section
2025-02-07 08:28:17 - DEBUG - Changing event name from docs.*.autoscaling.CreateLaunchConfiguration.complete-section to docs.*.auto-scaling.CreateLaunchConfiguration.complete-section
2025-02-07 08:28:17 - DEBUG - Changing event name from request-created.machinelearning.Predict to request-created.machine-learning.Predict
2025-02-07 08:28:17 - DEBUG - Changing event name from before-parameter-build.autoscaling.CreateLaunchConfiguration to before-parameter-build.auto-scaling.CreateLaunchConfiguration
2025-02-07 08:28:17 - DEBUG - Changing event name from before-parameter-build.route53 to before-parameter-build.route-53
2025-02-07 08:28:17 - DEBUG - Changing event name from before-parameter-build.logs.CreateExportTask to before-parameter-build.cloudwatch-logs.CreateExportTask
2025-02-07 08:28:17 - DEBUG - Changing event name from docs.*.logs.CreateExportTask.complete-section to docs.*.cloudwatch-logs.CreateExportTask.complete-section
2025-02-07 08:28:17 - DEBUG - Changing event name from before-parameter-build.cloudsearchdomain.Search to before-parameter-build.cloudsearch-domain.Search
2025-02-07 08:28:17 - DEBUG - Changing event name from before-parameter-build.autoscaling.CreateLaunchConfiguration to before-parameter-build.auto-scaling.CreateLaunchConfiguration
2025-02-07 08:28:17 - DEBUG - Changing event name from docs.*.cloudsearchdomain.Search.complete-section to docs.*.cloudsearch-domain.Search.complete-section
2025-02-07 08:28:17 - DEBUG - Changing event name from before-parameter-build.route53 to before-parameter-build.route-53
2025-02-07 08:28:17 - DEBUG - Changing event name from request-created.cloudsearchdomain.Search to request-created.cloudsearch-domain.Search
2025-02-07 08:28:17 - DEBUG - Changing event name from before-parameter-build.logs.CreateExportTask to before-parameter-build.cloudwatch-logs.CreateExportTask
2025-02-07 08:28:17 - DEBUG - Changing event name from before-parameter-build.logs.CreateExportTask to before-parameter-build.cloudwatch-logs.CreateExportTask
2025-02-07 08:28:17 - DEBUG - Changing event name from docs.*.logs.CreateExportTask.complete-section to docs.*.cloudwatch-logs.CreateExportTask.complete-section
2025-02-07 08:28:17 - DEBUG - Changing event name from before-parameter-build.logs.CreateExportTask to before-parameter-build.cloudwatch-logs.CreateExportTask
2025-02-07 08:28:17 - DEBUG - Changing event name from docs.*.logs.CreateExportTask.complete-section to docs.*.cloudwatch-logs.CreateExportTask.complete-section
2025-02-07 08:28:17 - DEBUG - Changing event name from before-parameter-build.cloudsearchdomain.Search to before-parameter-build.cloudsearch-domain.Search
2025-02-07 08:28:17 - DEBUG - Changing event name from before-parameter-build.logs.CreateExportTask to before-parameter-build.cloudwatch-logs.CreateExportTask
2025-02-07 08:28:17 - DEBUG - Changing event name from before-parameter-build.logs.CreateExportTask to before-parameter-build.cloudwatch-logs.CreateExportTask
2025-02-07 08:28:17 - DEBUG - Changing event name from docs.*.logs.CreateExportTask.complete-section to docs.*.cloudwatch-logs.CreateExportTask.complete-section
2025-02-07 08:28:17 - DEBUG - Changing event name from docs.*.cloudsearchdomain.Search.complete-section to docs.*.cloudsearch-domain.Search.complete-section
2025-02-07 08:28:17 - DEBUG - Changing event name from docs.*.logs.CreateExportTask.complete-section to docs.*.cloudwatch-logs.CreateExportTask.complete-section
2025-02-07 08:28:17 - DEBUG - Changing event name from docs.*.logs.CreateExportTask.complete-section to docs.*.cloudwatch-logs.CreateExportTask.complete-section
2025-02-07 08:28:17 - DEBUG - Changing event name from request-created.cloudsearchdomain.Search to request-created.cloudsearch-domain.Search
2025-02-07 08:28:17 - DEBUG - Changing event name from before-parameter-build.cloudsearchdomain.Search to before-parameter-build.cloudsearch-domain.Search
2025-02-07 08:28:17 - DEBUG - Changing event name from before-parameter-build.cloudsearchdomain.Search to before-parameter-build.cloudsearch-domain.Search
2025-02-07 08:28:17 - DEBUG - Changing event name from docs.*.autoscaling.CreateLaunchConfiguration.complete-section to docs.*.auto-scaling.CreateLaunchConfiguration.complete-section
2025-02-07 08:28:17 - DEBUG - Changing event name from before-parameter-build.cloudsearchdomain.Search to before-parameter-build.cloudsearch-domain.Search
2025-02-07 08:28:17 - DEBUG - Changing event name from before-parameter-build.cloudsearchdomain.Search to before-parameter-build.cloudsearch-domain.Search
2025-02-07 08:28:17 - DEBUG - Changing event name from docs.*.cloudsearchdomain.Search.complete-section to docs.*.cloudsearch-domain.Search.complete-section
2025-02-07 08:28:17 - DEBUG - Changing event name from docs.*.cloudsearchdomain.Search.complete-section to docs.*.cloudsearch-domain.Search.complete-section
2025-02-07 08:28:17 - DEBUG - Changing event name from docs.*.autoscaling.CreateLaunchConfiguration.complete-section to docs.*.auto-scaling.CreateLaunchConfiguration.complete-section
2025-02-07 08:28:17 - DEBUG - Changing event name from docs.*.cloudsearchdomain.Search.complete-section to docs.*.cloudsearch-domain.Search.complete-section
2025-02-07 08:28:17 - DEBUG - Changing event name from docs.*.cloudsearchdomain.Search.complete-section to docs.*.cloudsearch-domain.Search.complete-section
2025-02-07 08:28:17 - DEBUG - Changing event name from before-parameter-build.logs.CreateExportTask to before-parameter-build.cloudwatch-logs.CreateExportTask
2025-02-07 08:28:17 - DEBUG - Changing event name from docs.*.logs.CreateExportTask.complete-section to docs.*.cloudwatch-logs.CreateExportTask.complete-section
2025-02-07 08:28:17 - DEBUG - Changing event name from before-parameter-build.cloudsearchdomain.Search to before-parameter-build.cloudsearch-domain.Search
2025-02-07 08:28:17 - DEBUG - Changing event name from before-parameter-build.logs.CreateExportTask to before-parameter-build.cloudwatch-logs.CreateExportTask
2025-02-07 08:28:17 - DEBUG - Changing event name from docs.*.cloudsearchdomain.Search.complete-section to docs.*.cloudsearch-domain.Search.complete-section
2025-02-07 08:28:17 - DEBUG - Changing event name from docs.*.logs.CreateExportTask.complete-section to docs.*.cloudwatch-logs.CreateExportTask.complete-section
2025-02-07 08:28:17 - DEBUG - Changing event name from before-parameter-build.cloudsearchdomain.Search to before-parameter-build.cloudsearch-domain.Search
2025-02-07 08:28:17 - DEBUG - Changing event name from docs.*.cloudsearchdomain.Search.complete-section to docs.*.cloudsearch-domain.Search.complete-section
2025-02-07 08:28:17 - DEBUG - Loading JSON file: /usr/local/lib/python3.9/site-packages/botocore/data/endpoints.json
2025-02-07 08:28:17 - DEBUG - Loading JSON file: /usr/local/lib/python3.9/site-packages/botocore/data/endpoints.json
2025-02-07 08:28:17 - DEBUG - Loading JSON file: /usr/local/lib/python3.9/site-packages/botocore/data/endpoints.json
2025-02-07 08:28:17 - DEBUG - Loading JSON file: /usr/local/lib/python3.9/site-packages/botocore/data/endpoints.json
2025-02-07 08:28:17 - DEBUG - Loading JSON file: /usr/local/lib/python3.9/site-packages/botocore/data/endpoints.json
2025-02-07 08:28:17 - DEBUG - Loading JSON file: /usr/local/lib/python3.9/site-packages/botocore/data/endpoints.json
2025-02-07 08:28:17 - DEBUG - Loading JSON file: /usr/local/lib/python3.9/site-packages/botocore/data/endpoints.json
2025-02-07 08:28:17 - DEBUG - Loading JSON file: /usr/local/lib/python3.9/site-packages/botocore/data/endpoints.json
2025-02-07 08:28:17 - DEBUG - Loading JSON file: /usr/local/lib/python3.9/site-packages/botocore/data/sdk-default-configuration.json
2025-02-07 08:28:17 - DEBUG - Event choose-service-name: calling handler <function handle_service_name_alias at 0x7f63ee9e1160>
2025-02-07 08:28:17 - DEBUG - Loading JSON file: /usr/local/lib/python3.9/site-packages/botocore/data/sdk-default-configuration.json
2025-02-07 08:28:17 - DEBUG - Loading JSON file: /usr/local/lib/python3.9/site-packages/botocore/data/sdk-default-configuration.json
2025-02-07 08:28:17 - DEBUG - Loading JSON file: /usr/local/lib/python3.9/site-packages/botocore/data/sdk-default-configuration.json
2025-02-07 08:28:17 - DEBUG - Event choose-service-name: calling handler <function handle_service_name_alias at 0x7f9278821160>
2025-02-07 08:28:17 - DEBUG - Event choose-service-name: calling handler <function handle_service_name_alias at 0x7fe00cd06160>
2025-02-07 08:28:17 - DEBUG - Event choose-service-name: calling handler <function handle_service_name_alias at 0x7fbe285a9160>
2025-02-07 08:28:17 - DEBUG - Loading JSON file: /usr/local/lib/python3.9/site-packages/botocore/data/sdk-default-configuration.json
2025-02-07 08:28:17 - DEBUG - Loading JSON file: /usr/local/lib/python3.9/site-packages/botocore/data/sdk-default-configuration.json
2025-02-07 08:28:17 - DEBUG - Loading JSON file: /usr/local/lib/python3.9/site-packages/botocore/data/sdk-default-configuration.json
2025-02-07 08:28:17 - DEBUG - Event choose-service-name: calling handler <function handle_service_name_alias at 0x7fb638bc7160>
2025-02-07 08:28:17 - DEBUG - Event choose-service-name: calling handler <function handle_service_name_alias at 0x7fe74d3ba160>
2025-02-07 08:28:17 - DEBUG - Event choose-service-name: calling handler <function handle_service_name_alias at 0x7f5bd0a62160>
2025-02-07 08:28:17 - DEBUG - Loading JSON file: /usr/local/lib/python3.9/site-packages/botocore/data/sdk-default-configuration.json
2025-02-07 08:28:17 - DEBUG - Event choose-service-name: calling handler <function handle_service_name_alias at 0x7f9d0f8f6160>
2025-02-07 08:28:17 - DEBUG - Loading JSON file: /usr/local/lib/python3.9/site-packages/botocore/data/s3/2006-03-01/service-2.json.gz
2025-02-07 08:28:17 - DEBUG - Loading JSON file: /usr/local/lib/python3.9/site-packages/botocore/data/s3/2006-03-01/service-2.json.gz
2025-02-07 08:28:17 - DEBUG - Loading JSON file: /usr/local/lib/python3.9/site-packages/botocore/data/s3/2006-03-01/service-2.json.gz
2025-02-07 08:28:17 - DEBUG - Loading JSON file: /usr/local/lib/python3.9/site-packages/botocore/data/s3/2006-03-01/service-2.json.gz
2025-02-07 08:28:17 - DEBUG - Loading JSON file: /usr/local/lib/python3.9/site-packages/botocore/data/s3/2006-03-01/service-2.json.gz
2025-02-07 08:28:17 - DEBUG - Loading JSON file: /usr/local/lib/python3.9/site-packages/botocore/data/s3/2006-03-01/service-2.json.gz
2025-02-07 08:28:17 - DEBUG - Loading JSON file: /usr/local/lib/python3.9/site-packages/botocore/data/s3/2006-03-01/service-2.json.gz
2025-02-07 08:28:17 - DEBUG - Loading JSON file: /usr/local/lib/python3.9/site-packages/botocore/data/s3/2006-03-01/service-2.json.gz
2025-02-07 08:28:17 - DEBUG - Loading JSON file: /usr/local/lib/python3.9/site-packages/botocore/data/s3/2006-03-01/service-2.sdk-extras.json
2025-02-07 08:28:17 - DEBUG - Loading JSON file: /usr/local/lib/python3.9/site-packages/botocore/data/s3/2006-03-01/service-2.sdk-extras.json
2025-02-07 08:28:17 - DEBUG - Loading JSON file: /usr/local/lib/python3.9/site-packages/botocore/data/s3/2006-03-01/service-2.sdk-extras.json
2025-02-07 08:28:17 - DEBUG - Loading JSON file: /usr/local/lib/python3.9/site-packages/botocore/data/s3/2006-03-01/service-2.sdk-extras.json
2025-02-07 08:28:17 - DEBUG - Loading JSON file: /usr/local/lib/python3.9/site-packages/botocore/data/s3/2006-03-01/service-2.sdk-extras.json
2025-02-07 08:28:17 - DEBUG - Loading JSON file: /usr/local/lib/python3.9/site-packages/botocore/data/s3/2006-03-01/service-2.sdk-extras.json
2025-02-07 08:28:17 - DEBUG - Loading JSON file: /usr/local/lib/python3.9/site-packages/botocore/data/s3/2006-03-01/service-2.sdk-extras.json
2025-02-07 08:28:17 - DEBUG - Loading JSON file: /usr/local/lib/python3.9/site-packages/botocore/data/s3/2006-03-01/service-2.sdk-extras.json
2025-02-07 08:28:17 - DEBUG - Loading JSON file: /usr/local/lib/python3.9/site-packages/botocore/data/s3/2006-03-01/endpoint-rule-set-1.json.gz
2025-02-07 08:28:17 - DEBUG - Loading JSON file: /usr/local/lib/python3.9/site-packages/botocore/data/s3/2006-03-01/endpoint-rule-set-1.json.gz
2025-02-07 08:28:17 - DEBUG - Loading JSON file: /usr/local/lib/python3.9/site-packages/botocore/data/s3/2006-03-01/endpoint-rule-set-1.json.gz
2025-02-07 08:28:17 - DEBUG - Loading JSON file: /usr/local/lib/python3.9/site-packages/botocore/data/s3/2006-03-01/endpoint-rule-set-1.json.gz
2025-02-07 08:28:17 - DEBUG - Loading JSON file: /usr/local/lib/python3.9/site-packages/botocore/data/s3/2006-03-01/endpoint-rule-set-1.json.gz
2025-02-07 08:28:17 - DEBUG - Loading JSON file: /usr/local/lib/python3.9/site-packages/botocore/data/s3/2006-03-01/endpoint-rule-set-1.json.gz
2025-02-07 08:28:17 - DEBUG - Loading JSON file: /usr/local/lib/python3.9/site-packages/botocore/data/s3/2006-03-01/endpoint-rule-set-1.json.gz
2025-02-07 08:28:17 - DEBUG - Loading JSON file: /usr/local/lib/python3.9/site-packages/botocore/data/s3/2006-03-01/endpoint-rule-set-1.json.gz
2025-02-07 08:28:17 - DEBUG - Loading JSON file: /usr/local/lib/python3.9/site-packages/botocore/data/partitions.json
2025-02-07 08:28:17 - DEBUG - Loading JSON file: /usr/local/lib/python3.9/site-packages/botocore/data/partitions.json
2025-02-07 08:28:17 - DEBUG - Loading JSON file: /usr/local/lib/python3.9/site-packages/botocore/data/partitions.json
2025-02-07 08:28:17 - DEBUG - Loading JSON file: /usr/local/lib/python3.9/site-packages/botocore/data/partitions.json
2025-02-07 08:28:17 - DEBUG - Loading JSON file: /usr/local/lib/python3.9/site-packages/botocore/data/partitions.json
2025-02-07 08:28:17 - DEBUG - Loading JSON file: /usr/local/lib/python3.9/site-packages/botocore/data/partitions.json
2025-02-07 08:28:17 - DEBUG - Loading JSON file: /usr/local/lib/python3.9/site-packages/botocore/data/partitions.json
2025-02-07 08:28:17 - DEBUG - Loading JSON file: /usr/local/lib/python3.9/site-packages/botocore/data/partitions.json
2025-02-07 08:28:17 - DEBUG - Event creating-client-class.s3: calling handler <function add_generate_presigned_post at 0x7fe74d16d940>
2025-02-07 08:28:17 - DEBUG - Event creating-client-class.s3: calling handler <function add_generate_presigned_post at 0x7f5bd0816940>
2025-02-07 08:28:17 - DEBUG - Event creating-client-class.s3: calling handler <function add_generate_presigned_post at 0x7f92785d6940>
2025-02-07 08:28:17 - DEBUG - Event creating-client-class.s3: calling handler <function add_generate_presigned_post at 0x7f63ee796940>
2025-02-07 08:28:17 - DEBUG - Event creating-client-class.s3: calling handler <function lazy_call.<locals>._handler at 0x7f9302e94af0>
2025-02-07 08:28:17 - DEBUG - Event creating-client-class.s3: calling handler <function add_generate_presigned_post at 0x7f9d0f6aa940>
2025-02-07 08:28:17 - DEBUG - Event creating-client-class.s3: calling handler <function lazy_call.<locals>._handler at 0x7f6479294af0>
2025-02-07 08:28:17 - DEBUG - Event creating-client-class.s3: calling handler <function lazy_call.<locals>._handler at 0x7fe7d7c91af0>
2025-02-07 08:28:17 - DEBUG - Event creating-client-class.s3: calling handler <function lazy_call.<locals>._handler at 0x7f5c56e7faf0>
2025-02-07 08:28:17 - DEBUG - Event creating-client-class.s3: calling handler <function add_generate_presigned_post at 0x7fb63897b940>
2025-02-07 08:28:17 - DEBUG - Event creating-client-class.s3: calling handler <function lazy_call.<locals>._handler at 0x7f9d97c06af0>
2025-02-07 08:28:17 - DEBUG - Event creating-client-class.s3: calling handler <function add_generate_presigned_post at 0x7fbe2835d940>
2025-02-07 08:28:17 - DEBUG - Event creating-client-class.s3: calling handler <function lazy_call.<locals>._handler at 0x7fb6b6ad0af0>
2025-02-07 08:28:17 - DEBUG - Event creating-client-class.s3: calling handler <function lazy_call.<locals>._handler at 0x7fbeb0a31af0>
2025-02-07 08:28:17 - DEBUG - Event creating-client-class.s3: calling handler <function add_generate_presigned_post at 0x7fe00cabb940>
2025-02-07 08:28:17 - DEBUG - Event creating-client-class.s3: calling handler <function lazy_call.<locals>._handler at 0x7fe097496af0>
2025-02-07 08:28:18 - DEBUG - Event creating-client-class.s3: calling handler <function add_generate_presigned_url at 0x7f92785d6700>
2025-02-07 08:28:18 - DEBUG - Event creating-client-class.s3: calling handler <function add_generate_presigned_url at 0x7f5bd0816700>
2025-02-07 08:28:18 - DEBUG - Event creating-client-class.s3: calling handler <function add_generate_presigned_url at 0x7fb63897b700>
2025-02-07 08:28:18 - DEBUG - Setting s3 timeout as (60, 60)
2025-02-07 08:28:18 - DEBUG - Event creating-client-class.s3: calling handler <function add_generate_presigned_url at 0x7fe00cabb700>
2025-02-07 08:28:18 - DEBUG - Event creating-client-class.s3: calling handler <function add_generate_presigned_url at 0x7f63ee796700>
2025-02-07 08:28:18 - DEBUG - Setting s3 timeout as (60, 60)
2025-02-07 08:28:18 - DEBUG - Event creating-client-class.s3: calling handler <function add_generate_presigned_url at 0x7fbe2835d700>
2025-02-07 08:28:18 - DEBUG - Event creating-client-class.s3: calling handler <function add_generate_presigned_url at 0x7f9d0f6aa700>
2025-02-07 08:28:18 - DEBUG - Event creating-client-class.s3: calling handler <function add_generate_presigned_url at 0x7fe74d16d700>
2025-02-07 08:28:18 - DEBUG - Loading JSON file: /usr/local/lib/python3.9/site-packages/botocore/data/_retry.json
2025-02-07 08:28:18 - DEBUG - Setting s3 timeout as (60, 60)
2025-02-07 08:28:18 - DEBUG - Setting s3 timeout as (60, 60)
2025-02-07 08:28:18 - DEBUG - Registering retry handlers for service: s3
2025-02-07 08:28:18 - DEBUG - Registering S3 region redirector handler
2025-02-07 08:28:18 - DEBUG - Setting s3 timeout as (60, 60)
2025-02-07 08:28:18 - DEBUG - Loading JSON file: /usr/local/lib/python3.9/site-packages/botocore/data/_retry.json
2025-02-07 08:28:18 - DEBUG - Registering S3Express Identity Resolver
2025-02-07 08:28:18 - DEBUG - Setting s3 timeout as (60, 60)
2025-02-07 08:28:18 - DEBUG - Setting s3 timeout as (60, 60)
2025-02-07 08:28:18 - DEBUG - Registering retry handlers for service: s3
2025-02-07 08:28:18 - DEBUG - Setting s3 timeout as (60, 60)
2025-02-07 08:28:18 - DEBUG - Registering S3 region redirector handler
2025-02-07 08:28:18 - DEBUG - Loading JSON file: /usr/local/lib/python3.9/site-packages/botocore/data/_retry.json
2025-02-07 08:28:18 - DEBUG - Registering S3Express Identity Resolver
2025-02-07 08:28:18 - DEBUG - Loading JSON file: /usr/local/lib/python3.9/site-packages/botocore/data/_retry.json
2025-02-07 08:28:18 - DEBUG - Registering retry handlers for service: s3
2025-02-07 08:28:18 - DEBUG - Registering retry handlers for service: s3
2025-02-07 08:28:18 - DEBUG - Registering S3 region redirector handler
2025-02-07 08:28:18 - DEBUG - Loading JSON file: /usr/local/lib/python3.9/site-packages/botocore/data/_retry.json
2025-02-07 08:28:18 - DEBUG - Registering S3 region redirector handler
2025-02-07 08:28:18 - DEBUG - Loading JSON file: /usr/local/lib/python3.9/site-packages/botocore/data/_retry.json
2025-02-07 08:28:18 - DEBUG - Loading JSON file: /usr/local/lib/python3.9/site-packages/botocore/data/_retry.json
2025-02-07 08:28:18 - DEBUG - Loading JSON file: /usr/local/lib/python3.9/site-packages/botocore/data/_retry.json
2025-02-07 08:28:18 - DEBUG - Registering S3Express Identity Resolver
2025-02-07 08:28:18 - DEBUG - Registering retry handlers for service: s3
2025-02-07 08:28:18 - DEBUG - Registering S3Express Identity Resolver
2025-02-07 08:28:18 - DEBUG - Registering retry handlers for service: s3
2025-02-07 08:28:18 - DEBUG - Registering retry handlers for service: s3
2025-02-07 08:28:18 - DEBUG - Registering S3 region redirector handler
2025-02-07 08:28:18 - DEBUG - Registering retry handlers for service: s3
2025-02-07 08:28:18 - DEBUG - Registering S3 region redirector handler
2025-02-07 08:28:18 - DEBUG - Registering S3 region redirector handler
2025-02-07 08:28:18 - DEBUG - Registering S3Express Identity Resolver
2025-02-07 08:28:18 - DEBUG - Registering S3 region redirector handler
2025-02-07 08:28:18 - DEBUG - Registering S3Express Identity Resolver
2025-02-07 08:28:18 - DEBUG - Registering S3Express Identity Resolver
2025-02-07 08:28:18 - DEBUG - Registering S3Express Identity Resolver
2025-02-07 08:28:51 - INFO - create_face_img_base64 - Create face tam with id test from store 1
2025-02-07 08:28:51 - INFO - Image decoded successfully from store 1
2025-02-07 08:28:51 - WARNING - 1 - Face is not detected
2025-02-07 08:28:51 - DEBUG - Opting out of CRT Transfer Manager. Preferred client: auto, CRT available: False, Instance Optimized: False.
2025-02-07 08:28:51 - DEBUG - Using default client. pid: 9, thread: 140315040795520
2025-02-07 08:28:51 - DEBUG - Acquiring 0
2025-02-07 08:28:51 - DEBUG - UploadSubmissionTask(transfer_id=0, {'transfer_future': <s3transfer.futures.TransferFuture object at 0x7f9c3e5a7c10>}) about to wait for the following futures []
2025-02-07 08:28:51 - DEBUG - UploadSubmissionTask(transfer_id=0, {'transfer_future': <s3transfer.futures.TransferFuture object at 0x7f9c3e5a7c10>}) done waiting for dependent futures
2025-02-07 08:28:51 - DEBUG - Executing task UploadSubmissionTask(transfer_id=0, {'transfer_future': <s3transfer.futures.TransferFuture object at 0x7f9c3e5a7c10>}) with kwargs {'client': <botocore.client.S3 object at 0x7f9d96c18f10>, 'config': <boto3.s3.transfer.TransferConfig object at 0x7f9c3e4a9850>, 'osutil': <s3transfer.utils.OSUtils object at 0x7f9c3e4a9a90>, 'request_executor': <s3transfer.futures.BoundedExecutor object at 0x7f9c3e4a9280>, 'transfer_future': <s3transfer.futures.TransferFuture object at 0x7f9c3e5a7c10>}
2025-02-07 08:28:51 - DEBUG - Submitting task PutObjectTask(transfer_id=0, {'bucket': 'data_face_register_employee_images', 'key': '1/2025_02_07/test_tam_08_28_51.jpg', 'extra_args': {'ContentType': 'image/jpeg', 'ChecksumAlgorithm': 'CRC32'}}) to executor <s3transfer.futures.BoundedExecutor object at 0x7f9c3e4a9280> for transfer request: 0.
2025-02-07 08:28:51 - DEBUG - Acquiring 0
2025-02-07 08:28:51 - DEBUG - PutObjectTask(transfer_id=0, {'bucket': 'data_face_register_employee_images', 'key': '1/2025_02_07/test_tam_08_28_51.jpg', 'extra_args': {'ContentType': 'image/jpeg', 'ChecksumAlgorithm': 'CRC32'}}) about to wait for the following futures []
2025-02-07 08:28:51 - DEBUG - Releasing acquire 0/None
2025-02-07 08:28:51 - DEBUG - PutObjectTask(transfer_id=0, {'bucket': 'data_face_register_employee_images', 'key': '1/2025_02_07/test_tam_08_28_51.jpg', 'extra_args': {'ContentType': 'image/jpeg', 'ChecksumAlgorithm': 'CRC32'}}) done waiting for dependent futures
2025-02-07 08:28:51 - DEBUG - Executing task PutObjectTask(transfer_id=0, {'bucket': 'data_face_register_employee_images', 'key': '1/2025_02_07/test_tam_08_28_51.jpg', 'extra_args': {'ContentType': 'image/jpeg', 'ChecksumAlgorithm': 'CRC32'}}) with kwargs {'client': <botocore.client.S3 object at 0x7f9d96c18f10>, 'fileobj': <s3transfer.utils.ReadFileChunk object at 0x7f9c3e4a93d0>, 'bucket': 'data_face_register_employee_images', 'key': '1/2025_02_07/test_tam_08_28_51.jpg', 'extra_args': {'ContentType': 'image/jpeg', 'ChecksumAlgorithm': 'CRC32'}}
2025-02-07 08:28:51 - DEBUG - Event before-parameter-build.s3.PutObject: calling handler <function validate_ascii_metadata at 0x7f9d0f635310>
2025-02-07 08:28:51 - DEBUG - Event before-parameter-build.s3.PutObject: calling handler <function sse_md5 at 0x7f9d0f633700>
2025-02-07 08:28:51 - DEBUG - Event before-parameter-build.s3.PutObject: calling handler <function convert_body_to_file_like_object at 0x7f9d0f635c10>
2025-02-07 08:28:51 - DEBUG - Event before-parameter-build.s3.PutObject: calling handler <function validate_bucket_name at 0x7f9d0f633670>
2025-02-07 08:28:51 - DEBUG - Event before-parameter-build.s3.PutObject: calling handler <function remove_bucket_from_url_paths_from_model at 0x7f9d0f639550>
2025-02-07 08:28:51 - DEBUG - Event before-parameter-build.s3.PutObject: calling handler <bound method S3RegionRedirectorv2.annotate_request_context of <botocore.utils.S3RegionRedirectorv2 object at 0x7f9d96b03130>>
2025-02-07 08:28:51 - DEBUG - Event before-parameter-build.s3.PutObject: calling handler <bound method ClientCreator._inject_s3_input_parameters of <botocore.client.ClientCreator object at 0x7f9d97b91d60>>
2025-02-07 08:28:51 - DEBUG - Event before-parameter-build.s3.PutObject: calling handler <function generate_idempotent_uuid at 0x7f9d0f6334c0>
2025-02-07 08:28:51 - DEBUG - Event before-parameter-build.s3.PutObject: calling handler <function _handle_request_validation_mode_member at 0x7f9d0f639c10>
2025-02-07 08:28:51 - DEBUG - Event before-endpoint-resolution.s3: calling handler <function customize_endpoint_resolver_builtins at 0x7f9d0f639700>
2025-02-07 08:28:51 - DEBUG - Event before-endpoint-resolution.s3: calling handler <bound method S3RegionRedirectorv2.redirect_from_cache of <botocore.utils.S3RegionRedirectorv2 object at 0x7f9d96b03130>>
2025-02-07 08:28:51 - DEBUG - Calling endpoint provider with parameters: {'Bucket': 'data_face_register_employee_images', 'Region': 'us-east-1', 'UseFIPS': False, 'UseDualStack': False, 'Endpoint': 'http://minio:9000', 'ForcePathStyle': True, 'Accelerate': False, 'UseGlobalEndpoint': True, 'Key': '1/2025_02_07/test_tam_08_28_51.jpg', 'DisableMultiRegionAccessPoints': False, 'UseArnRegion': True}
2025-02-07 08:28:51 - DEBUG - Endpoint provider result: http://minio:9000/data_face_register_employee_images
2025-02-07 08:28:51 - DEBUG - Selecting from endpoint provider's list of auth schemes: "sigv4". User selected auth scheme is: "None"
2025-02-07 08:28:51 - DEBUG - Selected auth type "v4" as "v4" with signing context params: {'region': 'us-east-1', 'signing_name': 's3', 'disableDoubleEncoding': True}
2025-02-07 08:28:51 - DEBUG - Event before-call.s3.PutObject: calling handler <function add_expect_header at 0x7f9d0f6339d0>
2025-02-07 08:28:51 - DEBUG - Adding expect 100 continue header to request.
2025-02-07 08:28:51 - DEBUG - Event before-call.s3.PutObject: calling handler <bound method S3ExpressIdentityResolver.apply_signing_cache_key of <botocore.utils.S3ExpressIdentityResolver object at 0x7f9d96b03160>>
2025-02-07 08:28:51 - DEBUG - Event before-call.s3.PutObject: calling handler <function add_recursion_detection_header at 0x7f9d0f6330d0>
2025-02-07 08:28:51 - DEBUG - Event before-call.s3.PutObject: calling handler <function add_query_compatibility_header at 0x7f9d0f639b80>
2025-02-07 08:28:51 - DEBUG - Event before-call.s3.PutObject: calling handler <function inject_api_version_header_if_needed at 0x7f9d0f635d30>
2025-02-07 08:28:51 - DEBUG - Making request for OperationModel(name=PutObject) with params: {'url_path': '/1/2025_02_07/test_tam_08_28_51.jpg', 'query_string': {}, 'method': 'PUT', 'headers': {'Content-Type': 'image/jpeg', 'x-amz-sdk-checksum-algorithm': 'CRC32', 'User-Agent': 'Boto3/1.36.15 md/Botocore#1.36.15 ua/2.0 os/linux#5.15.153.1-microsoft-standard-WSL2 md/arch#x86_64 lang/python#3.9.21 md/pyimpl#CPython cfg/retry-mode#legacy Botocore/1.36.15', 'Expect': '100-continue', 'x-amz-checksum-crc32': 'c8Efkg=='}, 'body': <s3transfer.utils.ReadFileChunk object at 0x7f9c3e4a93d0>, 'auth_path': '/data_face_register_employee_images/1/2025_02_07/test_tam_08_28_51.jpg', 'url': 'http://minio:9000/data_face_register_employee_images/1/2025_02_07/test_tam_08_28_51.jpg', 'context': {'client_region': 'us-east-1', 'client_config': <botocore.config.Config object at 0x7f9d96c21250>, 'has_streaming_input': True, 'auth_type': 'v4', 'unsigned_payload': None, 's3_redirect': {'redirected': False, 'bucket': 'data_face_register_employee_images', 'params': {'Bucket': 'data_face_register_employee_images', 'Key': '1/2025_02_07/test_tam_08_28_51.jpg', 'Body': <s3transfer.utils.ReadFileChunk object at 0x7f9c3e4a93d0>, 'ContentType': 'image/jpeg', 'ChecksumAlgorithm': 'CRC32'}}, 'input_params': {'Bucket': 'data_face_register_employee_images', 'Key': '1/2025_02_07/test_tam_08_28_51.jpg'}, 'signing': {'region': 'us-east-1', 'signing_name': 's3', 'disableDoubleEncoding': True}, 'endpoint_properties': {'authSchemes': [{'disableDoubleEncoding': True, 'name': 'sigv4', 'signingName': 's3', 'signingRegion': 'us-east-1'}]}, 'checksum': {'request_algorithm': {'algorithm': 'crc32', 'in': 'header', 'name': 'x-amz-checksum-crc32'}}}}
2025-02-07 08:28:51 - DEBUG - Event request-created.s3.PutObject: calling handler <function signal_not_transferring at 0x7f9d96bebdc0>
2025-02-07 08:28:51 - DEBUG - Event request-created.s3.PutObject: calling handler <bound method RequestSigner.handler of <botocore.signers.RequestSigner object at 0x7f9d96c18e80>>
2025-02-07 08:28:51 - DEBUG - Event choose-signer.s3.PutObject: calling handler <bound method ClientCreator._default_s3_presign_to_sigv2 of <botocore.client.ClientCreator object at 0x7f9d97b91d60>>
2025-02-07 08:28:51 - DEBUG - Event choose-signer.s3.PutObject: calling handler <function set_operation_specific_signer at 0x7f9d0f633310>
2025-02-07 08:28:51 - DEBUG - Event before-sign.s3.PutObject: calling handler <function remove_arn_from_signing_path at 0x7f9d0f639670>
2025-02-07 08:28:51 - DEBUG - Event before-sign.s3.PutObject: calling handler <function _set_extra_headers_for_unsigned_request at 0x7f9d0f639ca0>
2025-02-07 08:28:51 - DEBUG - Event before-sign.s3.PutObject: calling handler <bound method S3ExpressIdentityResolver.resolve_s3express_identity of <botocore.utils.S3ExpressIdentityResolver object at 0x7f9d96b03160>>
2025-02-07 08:28:51 - DEBUG - Calculating signature using v4 auth.
2025-02-07 08:28:51 - DEBUG - CanonicalRequest:
PUT
/data_face_register_employee_images/1/2025_02_07/test_tam_08_28_51.jpg

content-type:image/jpeg
host:minio:9000
x-amz-checksum-crc32:c8Efkg==
x-amz-content-sha256:59fa7656957e5b391e74bf0fcda457a96650c1b73828501e28fa867c119d91b3
x-amz-date:20250207T082851Z
x-amz-sdk-checksum-algorithm:CRC32

content-type;host;x-amz-checksum-crc32;x-amz-content-sha256;x-amz-date;x-amz-sdk-checksum-algorithm
59fa7656957e5b391e74bf0fcda457a96650c1b73828501e28fa867c119d91b3
2025-02-07 08:28:51 - DEBUG - StringToSign:
AWS4-HMAC-SHA256
20250207T082851Z
20250207/us-east-1/s3/aws4_request
c85364bc3db0f15384d6db4079e5b3be197bc040d4147a8aae148a30d8a0a2d2
2025-02-07 08:28:51 - DEBUG - Signature:
a6a8baf0f3eca49288a55119f2e6e9f4d60868cf22facd3cf9f27ad64e9227cb
2025-02-07 08:28:51 - DEBUG - Event request-created.s3.PutObject: calling handler <function signal_transferring at 0x7f9d96bebe50>
2025-02-07 08:28:51 - DEBUG - Event request-created.s3.PutObject: calling handler <function add_retry_headers at 0x7f9d0f6394c0>
2025-02-07 08:28:51 - DEBUG - Sending http request: <AWSPreparedRequest stream_output=False, method=PUT, url=http://minio:9000/data_face_register_employee_images/1/2025_02_07/test_tam_08_28_51.jpg, headers={'Content-Type': b'image/jpeg', 'x-amz-sdk-checksum-algorithm': b'CRC32', 'User-Agent': b'Boto3/1.36.15 md/Botocore#1.36.15 ua/2.0 os/linux#5.15.153.1-microsoft-standard-WSL2 md/arch#x86_64 lang/python#3.9.21 md/pyimpl#CPython cfg/retry-mode#legacy Botocore/1.36.15', 'Expect': b'100-continue', 'x-amz-checksum-crc32': b'c8Efkg==', 'X-Amz-Date': b'20250207T082851Z', 'X-Amz-Content-SHA256': b'59fa7656957e5b391e74bf0fcda457a96650c1b73828501e28fa867c119d91b3', 'Authorization': b'AWS4-HMAC-SHA256 Credential=minioadmin/20250207/us-east-1/s3/aws4_request, SignedHeaders=content-type;host;x-amz-checksum-crc32;x-amz-content-sha256;x-amz-date;x-amz-sdk-checksum-algorithm, Signature=a6a8baf0f3eca49288a55119f2e6e9f4d60868cf22facd3cf9f27ad64e9227cb', 'amz-sdk-invocation-id': b'386d89e9-20eb-4d95-8c0d-257a681e2fb0', 'amz-sdk-request': b'attempt=1', 'Content-Length': '107879'}>
2025-02-07 08:28:51 - DEBUG - Waiting for 100 Continue response.
2025-02-07 08:28:51 - DEBUG - Received a non 100 Continue response from the server, NOT sending request body.
2025-02-07 08:28:51 - DEBUG - Event before-parse.s3.PutObject: calling handler <function _handle_200_error at 0x7f9d0f6399d0>
2025-02-07 08:28:51 - DEBUG - Event before-parse.s3.PutObject: calling handler <function handle_expires_header at 0x7f9d0f639820>
2025-02-07 08:28:51 - DEBUG - Response headers: {'Accept-Ranges': 'bytes', 'Content-Length': '348', 'Content-Type': 'application/xml', 'Server': 'MinIO', 'Strict-Transport-Security': 'max-age=31536000; includeSubDomains', 'Vary': 'Origin', 'X-Amz-Id-2': 'dd9025bab4ad464b049177c95eb6ebf374d3b3fd1af9251148b658df7ac2e3e8', 'X-Amz-Request-Id': '1821DFBC71AB10B1', 'X-Content-Type-Options': 'nosniff', 'X-Xss-Protection': '1; mode=block', 'Date': 'Fri, 07 Feb 2025 08:28:51 GMT', 'Connection': 'close'}
2025-02-07 08:28:51 - DEBUG - Response body:
b'<?xml version="1.0" encoding="UTF-8"?>\n<Error><Code>InvalidBucketName</Code><Message>The specified bucket is not valid.</Message><Resource>/data_face_register_employee_images/1/2025_02_07/test_tam_08_28_51.jpg</Resource><RequestId>1821DFBC71AB10B1</RequestId><HostId>dd9025bab4ad464b049177c95eb6ebf374d3b3fd1af9251148b658df7ac2e3e8</HostId></Error>'
2025-02-07 08:28:51 - DEBUG - Event needs-retry.s3.PutObject: calling handler <function _update_status_code at 0x7f9d0f639af0>
2025-02-07 08:28:51 - DEBUG - Event needs-retry.s3.PutObject: calling handler <botocore.retryhandler.RetryHandler object at 0x7f9d96b03070>
2025-02-07 08:28:51 - DEBUG - No retry needed.
2025-02-07 08:28:51 - DEBUG - Event needs-retry.s3.PutObject: calling handler <bound method S3RegionRedirectorv2.redirect_from_error of <botocore.utils.S3RegionRedirectorv2 object at 0x7f9d96b03130>>
2025-02-07 08:28:51 - DEBUG - Exception raised.
Traceback (most recent call last):
  File "/usr/local/lib/python3.9/site-packages/s3transfer/tasks.py", line 135, in __call__
    return self._execute_main(kwargs)
  File "/usr/local/lib/python3.9/site-packages/s3transfer/tasks.py", line 158, in _execute_main
    return_value = self._main(**kwargs)
  File "/usr/local/lib/python3.9/site-packages/s3transfer/upload.py", line 796, in _main
    client.put_object(Bucket=bucket, Key=key, Body=body, **extra_args)
  File "/usr/local/lib/python3.9/site-packages/botocore/client.py", line 569, in _api_call
    return self._make_api_call(operation_name, kwargs)
  File "/usr/local/lib/python3.9/site-packages/botocore/client.py", line 1023, in _make_api_call
    raise error_class(parsed_response, operation_name)
botocore.exceptions.ClientError: An error occurred (InvalidBucketName) when calling the PutObject operation: The specified bucket is not valid.
2025-02-07 08:28:51 - DEBUG - Releasing acquire 0/None
2025-02-07 08:28:51 - ERROR - Failed to upload image to MinIO: An error occurred (InvalidBucketName) when calling the PutObject operation: The specified bucket is not valid.
2025-02-07 08:28:51 - INFO - create_face_img_base64 - 1 - Create face tam with id test successfully without embedding
2025-02-07 08:31:46 - DEBUG - Changing event name from creating-client-class.iot-data to creating-client-class.iot-data-plane
2025-02-07 08:31:46 - DEBUG - Changing event name from creating-client-class.iot-data to creating-client-class.iot-data-plane
2025-02-07 08:31:46 - DEBUG - Changing event name from creating-client-class.iot-data to creating-client-class.iot-data-plane
2025-02-07 08:31:46 - DEBUG - Changing event name from creating-client-class.iot-data to creating-client-class.iot-data-plane
2025-02-07 08:31:46 - DEBUG - Changing event name from creating-client-class.iot-data to creating-client-class.iot-data-plane
2025-02-07 08:31:46 - DEBUG - Changing event name from before-call.apigateway to before-call.api-gateway
2025-02-07 08:31:46 - DEBUG - Changing event name from request-created.machinelearning.Predict to request-created.machine-learning.Predict
2025-02-07 08:31:46 - DEBUG - Changing event name from before-call.apigateway to before-call.api-gateway
2025-02-07 08:31:46 - DEBUG - Changing event name from before-call.apigateway to before-call.api-gateway
2025-02-07 08:31:46 - DEBUG - Changing event name from creating-client-class.iot-data to creating-client-class.iot-data-plane
2025-02-07 08:31:46 - DEBUG - Changing event name from before-parameter-build.autoscaling.CreateLaunchConfiguration to before-parameter-build.auto-scaling.CreateLaunchConfiguration
2025-02-07 08:31:46 - DEBUG - Changing event name from before-call.apigateway to before-call.api-gateway
2025-02-07 08:31:46 - DEBUG - Changing event name from before-call.apigateway to before-call.api-gateway
2025-02-07 08:31:46 - DEBUG - Changing event name from creating-client-class.iot-data to creating-client-class.iot-data-plane
2025-02-07 08:31:46 - DEBUG - Changing event name from before-parameter-build.route53 to before-parameter-build.route-53
2025-02-07 08:31:46 - DEBUG - Changing event name from creating-client-class.iot-data to creating-client-class.iot-data-plane
2025-02-07 08:31:46 - DEBUG - Changing event name from request-created.machinelearning.Predict to request-created.machine-learning.Predict
2025-02-07 08:31:46 - DEBUG - Changing event name from request-created.machinelearning.Predict to request-created.machine-learning.Predict
2025-02-07 08:31:46 - DEBUG - Changing event name from request-created.machinelearning.Predict to request-created.machine-learning.Predict
2025-02-07 08:31:46 - DEBUG - Changing event name from request-created.machinelearning.Predict to request-created.machine-learning.Predict
2025-02-07 08:31:46 - DEBUG - Changing event name from request-created.cloudsearchdomain.Search to request-created.cloudsearch-domain.Search
2025-02-07 08:31:46 - DEBUG - Changing event name from docs.*.autoscaling.CreateLaunchConfiguration.complete-section to docs.*.auto-scaling.CreateLaunchConfiguration.complete-section
2025-02-07 08:31:46 - DEBUG - Changing event name from before-parameter-build.autoscaling.CreateLaunchConfiguration to before-parameter-build.auto-scaling.CreateLaunchConfiguration
2025-02-07 08:31:46 - DEBUG - Changing event name from before-parameter-build.autoscaling.CreateLaunchConfiguration to before-parameter-build.auto-scaling.CreateLaunchConfiguration
2025-02-07 08:31:46 - DEBUG - Changing event name from before-parameter-build.autoscaling.CreateLaunchConfiguration to before-parameter-build.auto-scaling.CreateLaunchConfiguration
2025-02-07 08:31:46 - DEBUG - Changing event name from before-parameter-build.route53 to before-parameter-build.route-53
2025-02-07 08:31:46 - DEBUG - Changing event name from before-parameter-build.autoscaling.CreateLaunchConfiguration to before-parameter-build.auto-scaling.CreateLaunchConfiguration
2025-02-07 08:31:46 - DEBUG - Changing event name from before-parameter-build.route53 to before-parameter-build.route-53
2025-02-07 08:31:46 - DEBUG - Changing event name from before-parameter-build.route53 to before-parameter-build.route-53
2025-02-07 08:31:46 - DEBUG - Changing event name from before-call.apigateway to before-call.api-gateway
2025-02-07 08:31:46 - DEBUG - Changing event name from before-call.apigateway to before-call.api-gateway
2025-02-07 08:31:46 - DEBUG - Changing event name from before-parameter-build.route53 to before-parameter-build.route-53
2025-02-07 08:31:46 - DEBUG - Changing event name from before-call.apigateway to before-call.api-gateway
2025-02-07 08:31:46 - DEBUG - Changing event name from request-created.cloudsearchdomain.Search to request-created.cloudsearch-domain.Search
2025-02-07 08:31:46 - DEBUG - Changing event name from request-created.cloudsearchdomain.Search to request-created.cloudsearch-domain.Search
2025-02-07 08:31:46 - DEBUG - Changing event name from request-created.cloudsearchdomain.Search to request-created.cloudsearch-domain.Search
2025-02-07 08:31:46 - DEBUG - Changing event name from request-created.machinelearning.Predict to request-created.machine-learning.Predict
2025-02-07 08:31:46 - DEBUG - Changing event name from request-created.machinelearning.Predict to request-created.machine-learning.Predict
2025-02-07 08:31:46 - DEBUG - Changing event name from request-created.cloudsearchdomain.Search to request-created.cloudsearch-domain.Search
2025-02-07 08:31:46 - DEBUG - Changing event name from request-created.machinelearning.Predict to request-created.machine-learning.Predict
2025-02-07 08:31:46 - DEBUG - Changing event name from docs.*.autoscaling.CreateLaunchConfiguration.complete-section to docs.*.auto-scaling.CreateLaunchConfiguration.complete-section
2025-02-07 08:31:46 - DEBUG - Changing event name from docs.*.autoscaling.CreateLaunchConfiguration.complete-section to docs.*.auto-scaling.CreateLaunchConfiguration.complete-section
2025-02-07 08:31:46 - DEBUG - Changing event name from docs.*.autoscaling.CreateLaunchConfiguration.complete-section to docs.*.auto-scaling.CreateLaunchConfiguration.complete-section
2025-02-07 08:31:46 - DEBUG - Changing event name from docs.*.autoscaling.CreateLaunchConfiguration.complete-section to docs.*.auto-scaling.CreateLaunchConfiguration.complete-section
2025-02-07 08:31:46 - DEBUG - Changing event name from before-parameter-build.autoscaling.CreateLaunchConfiguration to before-parameter-build.auto-scaling.CreateLaunchConfiguration
2025-02-07 08:31:46 - DEBUG - Changing event name from before-parameter-build.route53 to before-parameter-build.route-53
2025-02-07 08:31:46 - DEBUG - Changing event name from before-parameter-build.autoscaling.CreateLaunchConfiguration to before-parameter-build.auto-scaling.CreateLaunchConfiguration
2025-02-07 08:31:46 - DEBUG - Changing event name from before-parameter-build.logs.CreateExportTask to before-parameter-build.cloudwatch-logs.CreateExportTask
2025-02-07 08:31:46 - DEBUG - Changing event name from docs.*.logs.CreateExportTask.complete-section to docs.*.cloudwatch-logs.CreateExportTask.complete-section
2025-02-07 08:31:46 - DEBUG - Changing event name from before-parameter-build.route53 to before-parameter-build.route-53
2025-02-07 08:31:46 - DEBUG - Changing event name from before-parameter-build.autoscaling.CreateLaunchConfiguration to before-parameter-build.auto-scaling.CreateLaunchConfiguration
2025-02-07 08:31:46 - DEBUG - Changing event name from before-parameter-build.route53 to before-parameter-build.route-53
2025-02-07 08:31:46 - DEBUG - Changing event name from before-parameter-build.cloudsearchdomain.Search to before-parameter-build.cloudsearch-domain.Search
2025-02-07 08:31:46 - DEBUG - Changing event name from docs.*.cloudsearchdomain.Search.complete-section to docs.*.cloudsearch-domain.Search.complete-section
2025-02-07 08:31:46 - DEBUG - Changing event name from request-created.cloudsearchdomain.Search to request-created.cloudsearch-domain.Search
2025-02-07 08:31:46 - DEBUG - Changing event name from request-created.cloudsearchdomain.Search to request-created.cloudsearch-domain.Search
2025-02-07 08:31:46 - DEBUG - Changing event name from request-created.cloudsearchdomain.Search to request-created.cloudsearch-domain.Search
2025-02-07 08:31:46 - DEBUG - Changing event name from before-parameter-build.logs.CreateExportTask to before-parameter-build.cloudwatch-logs.CreateExportTask
2025-02-07 08:31:46 - DEBUG - Changing event name from docs.*.autoscaling.CreateLaunchConfiguration.complete-section to docs.*.auto-scaling.CreateLaunchConfiguration.complete-section
2025-02-07 08:31:46 - DEBUG - Changing event name from before-parameter-build.logs.CreateExportTask to before-parameter-build.cloudwatch-logs.CreateExportTask
2025-02-07 08:31:46 - DEBUG - Changing event name from docs.*.logs.CreateExportTask.complete-section to docs.*.cloudwatch-logs.CreateExportTask.complete-section
2025-02-07 08:31:46 - DEBUG - Changing event name from before-parameter-build.logs.CreateExportTask to before-parameter-build.cloudwatch-logs.CreateExportTask
2025-02-07 08:31:46 - DEBUG - Changing event name from docs.*.autoscaling.CreateLaunchConfiguration.complete-section to docs.*.auto-scaling.CreateLaunchConfiguration.complete-section
2025-02-07 08:31:46 - DEBUG - Changing event name from docs.*.autoscaling.CreateLaunchConfiguration.complete-section to docs.*.auto-scaling.CreateLaunchConfiguration.complete-section
2025-02-07 08:31:46 - DEBUG - Changing event name from before-parameter-build.logs.CreateExportTask to before-parameter-build.cloudwatch-logs.CreateExportTask
2025-02-07 08:31:46 - DEBUG - Changing event name from before-parameter-build.cloudsearchdomain.Search to before-parameter-build.cloudsearch-domain.Search
2025-02-07 08:31:46 - DEBUG - Changing event name from docs.*.logs.CreateExportTask.complete-section to docs.*.cloudwatch-logs.CreateExportTask.complete-section
2025-02-07 08:31:46 - DEBUG - Changing event name from docs.*.logs.CreateExportTask.complete-section to docs.*.cloudwatch-logs.CreateExportTask.complete-section
2025-02-07 08:31:46 - DEBUG - Changing event name from before-parameter-build.cloudsearchdomain.Search to before-parameter-build.cloudsearch-domain.Search
2025-02-07 08:31:46 - DEBUG - Changing event name from docs.*.cloudsearchdomain.Search.complete-section to docs.*.cloudsearch-domain.Search.complete-section
2025-02-07 08:31:46 - DEBUG - Changing event name from before-parameter-build.cloudsearchdomain.Search to before-parameter-build.cloudsearch-domain.Search
2025-02-07 08:31:46 - DEBUG - Changing event name from docs.*.logs.CreateExportTask.complete-section to docs.*.cloudwatch-logs.CreateExportTask.complete-section
2025-02-07 08:31:46 - DEBUG - Changing event name from docs.*.cloudsearchdomain.Search.complete-section to docs.*.cloudsearch-domain.Search.complete-section
2025-02-07 08:31:46 - DEBUG - Changing event name from docs.*.cloudsearchdomain.Search.complete-section to docs.*.cloudsearch-domain.Search.complete-section
2025-02-07 08:31:46 - DEBUG - Changing event name from before-parameter-build.cloudsearchdomain.Search to before-parameter-build.cloudsearch-domain.Search
2025-02-07 08:31:46 - DEBUG - Changing event name from docs.*.cloudsearchdomain.Search.complete-section to docs.*.cloudsearch-domain.Search.complete-section
2025-02-07 08:31:46 - DEBUG - Changing event name from before-parameter-build.logs.CreateExportTask to before-parameter-build.cloudwatch-logs.CreateExportTask
2025-02-07 08:31:46 - DEBUG - Changing event name from docs.*.logs.CreateExportTask.complete-section to docs.*.cloudwatch-logs.CreateExportTask.complete-section
2025-02-07 08:31:46 - DEBUG - Changing event name from before-parameter-build.logs.CreateExportTask to before-parameter-build.cloudwatch-logs.CreateExportTask
2025-02-07 08:31:46 - DEBUG - Changing event name from before-parameter-build.cloudsearchdomain.Search to before-parameter-build.cloudsearch-domain.Search
2025-02-07 08:31:46 - DEBUG - Changing event name from docs.*.logs.CreateExportTask.complete-section to docs.*.cloudwatch-logs.CreateExportTask.complete-section
2025-02-07 08:31:46 - DEBUG - Changing event name from docs.*.cloudsearchdomain.Search.complete-section to docs.*.cloudsearch-domain.Search.complete-section
2025-02-07 08:31:46 - DEBUG - Changing event name from before-parameter-build.cloudsearchdomain.Search to before-parameter-build.cloudsearch-domain.Search
2025-02-07 08:31:46 - DEBUG - Changing event name from docs.*.cloudsearchdomain.Search.complete-section to docs.*.cloudsearch-domain.Search.complete-section
2025-02-07 08:31:47 - DEBUG - Changing event name from before-parameter-build.logs.CreateExportTask to before-parameter-build.cloudwatch-logs.CreateExportTask
2025-02-07 08:31:47 - DEBUG - Changing event name from docs.*.logs.CreateExportTask.complete-section to docs.*.cloudwatch-logs.CreateExportTask.complete-section
2025-02-07 08:31:47 - DEBUG - Changing event name from before-parameter-build.cloudsearchdomain.Search to before-parameter-build.cloudsearch-domain.Search
2025-02-07 08:31:47 - DEBUG - Changing event name from docs.*.cloudsearchdomain.Search.complete-section to docs.*.cloudsearch-domain.Search.complete-section
2025-02-07 08:31:47 - DEBUG - Loading JSON file: /usr/local/lib/python3.9/site-packages/botocore/data/endpoints.json
2025-02-07 08:31:47 - DEBUG - Loading JSON file: /usr/local/lib/python3.9/site-packages/botocore/data/endpoints.json
2025-02-07 08:31:47 - DEBUG - Loading JSON file: /usr/local/lib/python3.9/site-packages/botocore/data/endpoints.json
2025-02-07 08:31:47 - DEBUG - Loading JSON file: /usr/local/lib/python3.9/site-packages/botocore/data/endpoints.json
2025-02-07 08:31:47 - DEBUG - Loading JSON file: /usr/local/lib/python3.9/site-packages/botocore/data/endpoints.json
2025-02-07 08:31:47 - DEBUG - Loading JSON file: /usr/local/lib/python3.9/site-packages/botocore/data/endpoints.json
2025-02-07 08:31:47 - DEBUG - Loading JSON file: /usr/local/lib/python3.9/site-packages/botocore/data/endpoints.json
2025-02-07 08:31:47 - DEBUG - Loading JSON file: /usr/local/lib/python3.9/site-packages/botocore/data/endpoints.json
2025-02-07 08:31:47 - DEBUG - Loading JSON file: /usr/local/lib/python3.9/site-packages/botocore/data/sdk-default-configuration.json
2025-02-07 08:31:47 - DEBUG - Event choose-service-name: calling handler <function handle_service_name_alias at 0x7f9349139160>
2025-02-07 08:31:47 - DEBUG - Loading JSON file: /usr/local/lib/python3.9/site-packages/botocore/data/sdk-default-configuration.json
2025-02-07 08:31:47 - DEBUG - Event choose-service-name: calling handler <function handle_service_name_alias at 0x7f8b354f5160>
2025-02-07 08:31:47 - DEBUG - Loading JSON file: /usr/local/lib/python3.9/site-packages/botocore/data/sdk-default-configuration.json
2025-02-07 08:31:47 - DEBUG - Event choose-service-name: calling handler <function handle_service_name_alias at 0x7f95373e1160>
2025-02-07 08:31:47 - DEBUG - Loading JSON file: /usr/local/lib/python3.9/site-packages/botocore/data/sdk-default-configuration.json
2025-02-07 08:31:47 - DEBUG - Loading JSON file: /usr/local/lib/python3.9/site-packages/botocore/data/sdk-default-configuration.json
2025-02-07 08:31:47 - DEBUG - Loading JSON file: /usr/local/lib/python3.9/site-packages/botocore/data/sdk-default-configuration.json
2025-02-07 08:31:47 - DEBUG - Loading JSON file: /usr/local/lib/python3.9/site-packages/botocore/data/sdk-default-configuration.json
2025-02-07 08:31:47 - DEBUG - Event choose-service-name: calling handler <function handle_service_name_alias at 0x7f4df5680160>
2025-02-07 08:31:47 - DEBUG - Event choose-service-name: calling handler <function handle_service_name_alias at 0x7f85d0acf160>
2025-02-07 08:31:47 - DEBUG - Event choose-service-name: calling handler <function handle_service_name_alias at 0x7f0e57c08160>
2025-02-07 08:31:47 - DEBUG - Event choose-service-name: calling handler <function handle_service_name_alias at 0x7f2322fc7160>
2025-02-07 08:31:47 - DEBUG - Loading JSON file: /usr/local/lib/python3.9/site-packages/botocore/data/sdk-default-configuration.json
2025-02-07 08:31:47 - DEBUG - Event choose-service-name: calling handler <function handle_service_name_alias at 0x7fcc288cf160>
2025-02-07 08:31:47 - DEBUG - Loading JSON file: /usr/local/lib/python3.9/site-packages/botocore/data/s3/2006-03-01/service-2.json.gz
2025-02-07 08:31:47 - DEBUG - Loading JSON file: /usr/local/lib/python3.9/site-packages/botocore/data/s3/2006-03-01/service-2.json.gz
2025-02-07 08:31:47 - DEBUG - Loading JSON file: /usr/local/lib/python3.9/site-packages/botocore/data/s3/2006-03-01/service-2.json.gz
2025-02-07 08:31:47 - DEBUG - Loading JSON file: /usr/local/lib/python3.9/site-packages/botocore/data/s3/2006-03-01/service-2.json.gz
2025-02-07 08:31:47 - DEBUG - Loading JSON file: /usr/local/lib/python3.9/site-packages/botocore/data/s3/2006-03-01/service-2.json.gz
2025-02-07 08:31:47 - DEBUG - Loading JSON file: /usr/local/lib/python3.9/site-packages/botocore/data/s3/2006-03-01/service-2.json.gz
2025-02-07 08:31:47 - DEBUG - Loading JSON file: /usr/local/lib/python3.9/site-packages/botocore/data/s3/2006-03-01/service-2.json.gz
2025-02-07 08:31:47 - DEBUG - Loading JSON file: /usr/local/lib/python3.9/site-packages/botocore/data/s3/2006-03-01/service-2.json.gz
2025-02-07 08:31:47 - DEBUG - Loading JSON file: /usr/local/lib/python3.9/site-packages/botocore/data/s3/2006-03-01/service-2.sdk-extras.json
2025-02-07 08:31:47 - DEBUG - Loading JSON file: /usr/local/lib/python3.9/site-packages/botocore/data/s3/2006-03-01/service-2.sdk-extras.json
2025-02-07 08:31:47 - DEBUG - Loading JSON file: /usr/local/lib/python3.9/site-packages/botocore/data/s3/2006-03-01/service-2.sdk-extras.json
2025-02-07 08:31:47 - DEBUG - Loading JSON file: /usr/local/lib/python3.9/site-packages/botocore/data/s3/2006-03-01/service-2.sdk-extras.json
2025-02-07 08:31:47 - DEBUG - Loading JSON file: /usr/local/lib/python3.9/site-packages/botocore/data/s3/2006-03-01/service-2.sdk-extras.json
2025-02-07 08:31:47 - DEBUG - Loading JSON file: /usr/local/lib/python3.9/site-packages/botocore/data/s3/2006-03-01/service-2.sdk-extras.json
2025-02-07 08:31:47 - DEBUG - Loading JSON file: /usr/local/lib/python3.9/site-packages/botocore/data/s3/2006-03-01/service-2.sdk-extras.json
2025-02-07 08:31:47 - DEBUG - Loading JSON file: /usr/local/lib/python3.9/site-packages/botocore/data/s3/2006-03-01/service-2.sdk-extras.json
2025-02-07 08:31:47 - DEBUG - Loading JSON file: /usr/local/lib/python3.9/site-packages/botocore/data/s3/2006-03-01/endpoint-rule-set-1.json.gz
2025-02-07 08:31:47 - DEBUG - Loading JSON file: /usr/local/lib/python3.9/site-packages/botocore/data/s3/2006-03-01/endpoint-rule-set-1.json.gz
2025-02-07 08:31:47 - DEBUG - Loading JSON file: /usr/local/lib/python3.9/site-packages/botocore/data/s3/2006-03-01/endpoint-rule-set-1.json.gz
2025-02-07 08:31:47 - DEBUG - Loading JSON file: /usr/local/lib/python3.9/site-packages/botocore/data/s3/2006-03-01/endpoint-rule-set-1.json.gz
2025-02-07 08:31:47 - DEBUG - Loading JSON file: /usr/local/lib/python3.9/site-packages/botocore/data/s3/2006-03-01/endpoint-rule-set-1.json.gz
2025-02-07 08:31:47 - DEBUG - Loading JSON file: /usr/local/lib/python3.9/site-packages/botocore/data/s3/2006-03-01/endpoint-rule-set-1.json.gz
2025-02-07 08:31:47 - DEBUG - Loading JSON file: /usr/local/lib/python3.9/site-packages/botocore/data/s3/2006-03-01/endpoint-rule-set-1.json.gz
2025-02-07 08:31:47 - DEBUG - Loading JSON file: /usr/local/lib/python3.9/site-packages/botocore/data/s3/2006-03-01/endpoint-rule-set-1.json.gz
2025-02-07 08:31:47 - DEBUG - Loading JSON file: /usr/local/lib/python3.9/site-packages/botocore/data/partitions.json
2025-02-07 08:31:47 - DEBUG - Loading JSON file: /usr/local/lib/python3.9/site-packages/botocore/data/partitions.json
2025-02-07 08:31:47 - DEBUG - Loading JSON file: /usr/local/lib/python3.9/site-packages/botocore/data/partitions.json
2025-02-07 08:31:47 - DEBUG - Loading JSON file: /usr/local/lib/python3.9/site-packages/botocore/data/partitions.json
2025-02-07 08:31:47 - DEBUG - Loading JSON file: /usr/local/lib/python3.9/site-packages/botocore/data/partitions.json
2025-02-07 08:31:47 - DEBUG - Loading JSON file: /usr/local/lib/python3.9/site-packages/botocore/data/partitions.json
2025-02-07 08:31:47 - DEBUG - Loading JSON file: /usr/local/lib/python3.9/site-packages/botocore/data/partitions.json
2025-02-07 08:31:47 - DEBUG - Loading JSON file: /usr/local/lib/python3.9/site-packages/botocore/data/partitions.json
2025-02-07 08:31:47 - DEBUG - Event creating-client-class.s3: calling handler <function add_generate_presigned_post at 0x7f0e579bc940>
2025-02-07 08:31:47 - DEBUG - Event creating-client-class.s3: calling handler <function add_generate_presigned_post at 0x7f9537196940>
2025-02-07 08:31:47 - DEBUG - Event creating-client-class.s3: calling handler <function add_generate_presigned_post at 0x7f4df5436940>
2025-02-07 08:31:47 - DEBUG - Event creating-client-class.s3: calling handler <function add_generate_presigned_post at 0x7f9348eef940>
2025-02-07 08:31:47 - DEBUG - Event creating-client-class.s3: calling handler <function lazy_call.<locals>._handler at 0x7f0ee1c67af0>
2025-02-07 08:31:47 - DEBUG - Event creating-client-class.s3: calling handler <function lazy_call.<locals>._handler at 0x7f95bf5b7af0>
2025-02-07 08:31:47 - DEBUG - Event creating-client-class.s3: calling handler <function lazy_call.<locals>._handler at 0x7f93c54d1af0>
2025-02-07 08:31:47 - DEBUG - Event creating-client-class.s3: calling handler <function lazy_call.<locals>._handler at 0x7f4e80052af0>
2025-02-07 08:31:47 - DEBUG - Event creating-client-class.s3: calling handler <function add_generate_presigned_post at 0x7f8b352a9940>
2025-02-07 08:31:47 - DEBUG - Event creating-client-class.s3: calling handler <function add_generate_presigned_post at 0x7f85d0883940>
2025-02-07 08:31:47 - DEBUG - Event creating-client-class.s3: calling handler <function add_generate_presigned_post at 0x7fcc28684940>
2025-02-07 08:31:47 - DEBUG - Event creating-client-class.s3: calling handler <function add_generate_presigned_post at 0x7f2322d7d940>
2025-02-07 08:31:47 - DEBUG - Event creating-client-class.s3: calling handler <function lazy_call.<locals>._handler at 0x7f8bbde33af0>
2025-02-07 08:31:47 - DEBUG - Event creating-client-class.s3: calling handler <function lazy_call.<locals>._handler at 0x7fccb3093af0>
2025-02-07 08:31:47 - DEBUG - Event creating-client-class.s3: calling handler <function lazy_call.<locals>._handler at 0x7f23ad5daaf0>
2025-02-07 08:31:47 - DEBUG - Event creating-client-class.s3: calling handler <function lazy_call.<locals>._handler at 0x7f865b055af0>
2025-02-07 08:31:47 - DEBUG - Event creating-client-class.s3: calling handler <function add_generate_presigned_url at 0x7f0e579bc700>
2025-02-07 08:31:48 - DEBUG - Event creating-client-class.s3: calling handler <function add_generate_presigned_url at 0x7fcc28684700>
2025-02-07 08:31:48 - DEBUG - Event creating-client-class.s3: calling handler <function add_generate_presigned_url at 0x7f8b352a9700>
2025-02-07 08:31:48 - DEBUG - Event creating-client-class.s3: calling handler <function add_generate_presigned_url at 0x7f85d0883700>
2025-02-07 08:31:48 - DEBUG - Event creating-client-class.s3: calling handler <function add_generate_presigned_url at 0x7f9537196700>
2025-02-07 08:31:48 - DEBUG - Event creating-client-class.s3: calling handler <function add_generate_presigned_url at 0x7f9348eef700>
2025-02-07 08:31:48 - DEBUG - Event creating-client-class.s3: calling handler <function add_generate_presigned_url at 0x7f2322d7d700>
2025-02-07 08:31:48 - DEBUG - Setting s3 timeout as (60, 60)
2025-02-07 08:31:48 - DEBUG - Setting s3 timeout as (60, 60)
2025-02-07 08:31:48 - DEBUG - Setting s3 timeout as (60, 60)
2025-02-07 08:31:48 - DEBUG - Setting s3 timeout as (60, 60)
2025-02-07 08:31:48 - DEBUG - Setting s3 timeout as (60, 60)
2025-02-07 08:31:48 - DEBUG - Event creating-client-class.s3: calling handler <function add_generate_presigned_url at 0x7f4df5436700>
2025-02-07 08:31:48 - DEBUG - Setting s3 timeout as (60, 60)
2025-02-07 08:31:48 - DEBUG - Setting s3 timeout as (60, 60)
2025-02-07 08:31:48 - DEBUG - Setting s3 timeout as (60, 60)
2025-02-07 08:31:48 - DEBUG - Loading JSON file: /usr/local/lib/python3.9/site-packages/botocore/data/_retry.json
2025-02-07 08:31:48 - DEBUG - Loading JSON file: /usr/local/lib/python3.9/site-packages/botocore/data/_retry.json
2025-02-07 08:31:48 - DEBUG - Loading JSON file: /usr/local/lib/python3.9/site-packages/botocore/data/_retry.json
2025-02-07 08:31:48 - DEBUG - Loading JSON file: /usr/local/lib/python3.9/site-packages/botocore/data/_retry.json
2025-02-07 08:31:48 - DEBUG - Loading JSON file: /usr/local/lib/python3.9/site-packages/botocore/data/_retry.json
2025-02-07 08:31:48 - DEBUG - Loading JSON file: /usr/local/lib/python3.9/site-packages/botocore/data/_retry.json
2025-02-07 08:31:48 - DEBUG - Loading JSON file: /usr/local/lib/python3.9/site-packages/botocore/data/_retry.json
2025-02-07 08:31:48 - DEBUG - Loading JSON file: /usr/local/lib/python3.9/site-packages/botocore/data/_retry.json
2025-02-07 08:31:48 - DEBUG - Registering retry handlers for service: s3
2025-02-07 08:31:48 - DEBUG - Registering retry handlers for service: s3
2025-02-07 08:31:48 - DEBUG - Registering retry handlers for service: s3
2025-02-07 08:31:48 - DEBUG - Registering retry handlers for service: s3
2025-02-07 08:31:48 - DEBUG - Registering retry handlers for service: s3
2025-02-07 08:31:48 - DEBUG - Registering S3 region redirector handler
2025-02-07 08:31:48 - DEBUG - Registering S3 region redirector handler
2025-02-07 08:31:48 - DEBUG - Registering retry handlers for service: s3
2025-02-07 08:31:48 - DEBUG - Registering retry handlers for service: s3
2025-02-07 08:31:48 - DEBUG - Registering S3 region redirector handler
2025-02-07 08:31:48 - DEBUG - Registering S3 region redirector handler
2025-02-07 08:31:48 - DEBUG - Registering S3 region redirector handler
2025-02-07 08:31:48 - DEBUG - Registering retry handlers for service: s3
2025-02-07 08:31:48 - DEBUG - Registering S3 region redirector handler
2025-02-07 08:31:48 - DEBUG - Registering S3Express Identity Resolver
2025-02-07 08:31:48 - DEBUG - Registering S3 region redirector handler
2025-02-07 08:31:48 - DEBUG - Registering S3Express Identity Resolver
2025-02-07 08:31:48 - DEBUG - Registering S3 region redirector handler
2025-02-07 08:31:48 - DEBUG - Registering S3Express Identity Resolver
2025-02-07 08:31:48 - DEBUG - Registering S3Express Identity Resolver
2025-02-07 08:31:48 - DEBUG - Registering S3Express Identity Resolver
2025-02-07 08:31:48 - DEBUG - Registering S3Express Identity Resolver
2025-02-07 08:31:48 - DEBUG - Registering S3Express Identity Resolver
2025-02-07 08:31:48 - DEBUG - Registering S3Express Identity Resolver
2025-02-07 08:32:55 - INFO - create_face_img_base64 - Create face tam with id test from store 1
2025-02-07 08:32:55 - INFO - Image decoded successfully from store 1
2025-02-07 08:32:55 - WARNING - 1 - Face is not detected
2025-02-07 08:32:56 - DEBUG - Event before-parameter-build.s3.HeadBucket: calling handler <function validate_bucket_name at 0x7f0e57946670>
2025-02-07 08:32:56 - DEBUG - Event before-parameter-build.s3.HeadBucket: calling handler <function remove_bucket_from_url_paths_from_model at 0x7f0e5794c550>
2025-02-07 08:32:56 - DEBUG - Event before-parameter-build.s3.HeadBucket: calling handler <bound method S3RegionRedirectorv2.annotate_request_context of <botocore.utils.S3RegionRedirectorv2 object at 0x7f0edab7ff10>>
2025-02-07 08:32:56 - DEBUG - Event before-parameter-build.s3.HeadBucket: calling handler <bound method ClientCreator._inject_s3_input_parameters of <botocore.client.ClientCreator object at 0x7f0ee1bf4cd0>>
2025-02-07 08:32:56 - DEBUG - Event before-parameter-build.s3.HeadBucket: calling handler <function generate_idempotent_uuid at 0x7f0e579464c0>
2025-02-07 08:32:56 - DEBUG - Event before-parameter-build.s3.HeadBucket: calling handler <function _handle_request_validation_mode_member at 0x7f0e5794cc10>
2025-02-07 08:32:56 - DEBUG - Event before-endpoint-resolution.s3: calling handler <function customize_endpoint_resolver_builtins at 0x7f0e5794c700>
2025-02-07 08:32:56 - DEBUG - Event before-endpoint-resolution.s3: calling handler <bound method S3RegionRedirectorv2.redirect_from_cache of <botocore.utils.S3RegionRedirectorv2 object at 0x7f0edab7ff10>>
2025-02-07 08:32:56 - DEBUG - Calling endpoint provider with parameters: {'Bucket': 'data_face_register_employee_images', 'Region': 'us-east-1', 'UseFIPS': False, 'UseDualStack': False, 'Endpoint': 'http://minio:9000', 'ForcePathStyle': True, 'Accelerate': False, 'UseGlobalEndpoint': True, 'DisableMultiRegionAccessPoints': False, 'UseArnRegion': True}
2025-02-07 08:32:56 - DEBUG - Endpoint provider result: http://minio:9000/data_face_register_employee_images
2025-02-07 08:32:56 - DEBUG - Selecting from endpoint provider's list of auth schemes: "sigv4". User selected auth scheme is: "None"
2025-02-07 08:32:56 - DEBUG - Selected auth type "v4" as "v4" with signing context params: {'region': 'us-east-1', 'signing_name': 's3', 'disableDoubleEncoding': True}
2025-02-07 08:32:56 - DEBUG - Event before-call.s3.HeadBucket: calling handler <function add_expect_header at 0x7f0e579469d0>
2025-02-07 08:32:56 - DEBUG - Event before-call.s3.HeadBucket: calling handler <bound method S3ExpressIdentityResolver.apply_signing_cache_key of <botocore.utils.S3ExpressIdentityResolver object at 0x7f0edab7ff40>>
2025-02-07 08:32:56 - DEBUG - Event before-call.s3.HeadBucket: calling handler <function add_recursion_detection_header at 0x7f0e579460d0>
2025-02-07 08:32:56 - DEBUG - Event before-call.s3.HeadBucket: calling handler <function add_query_compatibility_header at 0x7f0e5794cb80>
2025-02-07 08:32:56 - DEBUG - Event before-call.s3.HeadBucket: calling handler <function inject_api_version_header_if_needed at 0x7f0e57948d30>
2025-02-07 08:32:56 - DEBUG - Making request for OperationModel(name=HeadBucket) with params: {'url_path': '', 'query_string': {}, 'method': 'HEAD', 'headers': {'User-Agent': 'Boto3/1.36.15 md/Botocore#1.36.15 ua/2.0 os/linux#5.15.153.1-microsoft-standard-WSL2 md/arch#x86_64 lang/python#3.9.21 md/pyimpl#CPython cfg/retry-mode#legacy Botocore/1.36.15'}, 'body': b'', 'auth_path': '/data_face_register_employee_images/', 'url': 'http://minio:9000/data_face_register_employee_images', 'context': {'client_region': 'us-east-1', 'client_config': <botocore.config.Config object at 0x7f0ee1afa610>, 'has_streaming_input': False, 'auth_type': 'v4', 'unsigned_payload': None, 's3_redirect': {'redirected': False, 'bucket': 'data_face_register_employee_images', 'params': {'Bucket': 'data_face_register_employee_images'}}, 'input_params': {'Bucket': 'data_face_register_employee_images'}, 'signing': {'region': 'us-east-1', 'signing_name': 's3', 'disableDoubleEncoding': True}, 'endpoint_properties': {'authSchemes': [{'disableDoubleEncoding': True, 'name': 'sigv4', 'signingName': 's3', 'signingRegion': 'us-east-1'}]}}}
2025-02-07 08:32:56 - DEBUG - Event request-created.s3.HeadBucket: calling handler <bound method RequestSigner.handler of <botocore.signers.RequestSigner object at 0x7f0edac21e50>>
2025-02-07 08:32:56 - DEBUG - Event choose-signer.s3.HeadBucket: calling handler <bound method ClientCreator._default_s3_presign_to_sigv2 of <botocore.client.ClientCreator object at 0x7f0ee1bf4cd0>>
2025-02-07 08:32:56 - DEBUG - Event choose-signer.s3.HeadBucket: calling handler <function set_operation_specific_signer at 0x7f0e57946310>
2025-02-07 08:32:56 - DEBUG - Event before-sign.s3.HeadBucket: calling handler <function remove_arn_from_signing_path at 0x7f0e5794c670>
2025-02-07 08:32:56 - DEBUG - Event before-sign.s3.HeadBucket: calling handler <function _set_extra_headers_for_unsigned_request at 0x7f0e5794cca0>
2025-02-07 08:32:56 - DEBUG - Event before-sign.s3.HeadBucket: calling handler <bound method S3ExpressIdentityResolver.resolve_s3express_identity of <botocore.utils.S3ExpressIdentityResolver object at 0x7f0edab7ff40>>
2025-02-07 08:32:56 - DEBUG - Calculating signature using v4 auth.
2025-02-07 08:32:56 - DEBUG - CanonicalRequest:
HEAD
/data_face_register_employee_images

host:minio:9000
x-amz-content-sha256:e3b0c44298fc1c149afbf4c8996fb92427ae41e4649b934ca495991b7852b855
x-amz-date:20250207T083256Z

host;x-amz-content-sha256;x-amz-date
e3b0c44298fc1c149afbf4c8996fb92427ae41e4649b934ca495991b7852b855
2025-02-07 08:32:56 - DEBUG - StringToSign:
AWS4-HMAC-SHA256
20250207T083256Z
20250207/us-east-1/s3/aws4_request
0e4d4da3229788aba8e08849787c41e392ced5fd4340684c81e7b153949ed904
2025-02-07 08:32:56 - DEBUG - Signature:
60e2f68f05ed6519f8df9cb94febb9f2c250d0f94d7b6e86fe611279ddc60b97
2025-02-07 08:32:56 - DEBUG - Event request-created.s3.HeadBucket: calling handler <function add_retry_headers at 0x7f0e5794c4c0>
2025-02-07 08:32:56 - DEBUG - Sending http request: <AWSPreparedRequest stream_output=False, method=HEAD, url=http://minio:9000/data_face_register_employee_images, headers={'User-Agent': b'Boto3/1.36.15 md/Botocore#1.36.15 ua/2.0 os/linux#5.15.153.1-microsoft-standard-WSL2 md/arch#x86_64 lang/python#3.9.21 md/pyimpl#CPython cfg/retry-mode#legacy Botocore/1.36.15', 'X-Amz-Date': b'20250207T083256Z', 'X-Amz-Content-SHA256': b'e3b0c44298fc1c149afbf4c8996fb92427ae41e4649b934ca495991b7852b855', 'Authorization': b'AWS4-HMAC-SHA256 Credential=minioadmin/20250207/us-east-1/s3/aws4_request, SignedHeaders=host;x-amz-content-sha256;x-amz-date, Signature=60e2f68f05ed6519f8df9cb94febb9f2c250d0f94d7b6e86fe611279ddc60b97', 'amz-sdk-invocation-id': b'b0d78e1e-4512-4ab7-86cc-1ad214761b48', 'amz-sdk-request': b'attempt=1'}>
2025-02-07 08:32:56 - DEBUG - Event before-parse.s3.HeadBucket: calling handler <function _handle_200_error at 0x7f0e5794c9d0>
2025-02-07 08:32:56 - DEBUG - Event before-parse.s3.HeadBucket: calling handler <function handle_expires_header at 0x7f0e5794c820>
2025-02-07 08:32:56 - DEBUG - Response headers: {'Accept-Ranges': 'bytes', 'Content-Length': '313', 'Content-Type': 'application/xml', 'Server': 'MinIO', 'Strict-Transport-Security': 'max-age=31536000; includeSubDomains', 'Vary': 'Origin', 'X-Amz-Id-2': 'dd9025bab4ad464b049177c95eb6ebf374d3b3fd1af9251148b658df7ac2e3e8', 'X-Amz-Request-Id': '1821DFF560AAB93A', 'X-Content-Type-Options': 'nosniff', 'X-Xss-Protection': '1; mode=block', 'Date': 'Fri, 07 Feb 2025 08:32:56 GMT'}
2025-02-07 08:32:56 - DEBUG - Response body:
b''
2025-02-07 08:32:56 - DEBUG - Event needs-retry.s3.HeadBucket: calling handler <function _update_status_code at 0x7f0e5794caf0>
2025-02-07 08:32:56 - DEBUG - Event needs-retry.s3.HeadBucket: calling handler <botocore.retryhandler.RetryHandler object at 0x7f0edab7fe50>
2025-02-07 08:32:56 - DEBUG - No retry needed.
2025-02-07 08:32:56 - DEBUG - Event needs-retry.s3.HeadBucket: calling handler <bound method S3RegionRedirectorv2.redirect_from_error of <botocore.utils.S3RegionRedirectorv2 object at 0x7f0edab7ff10>>
2025-02-07 08:32:56 - DEBUG - Event before-parameter-build.s3.CreateBucket: calling handler <function validate_bucket_name at 0x7f0e57946670>
2025-02-07 08:32:56 - DEBUG - Event before-parameter-build.s3.CreateBucket: calling handler <function remove_bucket_from_url_paths_from_model at 0x7f0e5794c550>
2025-02-07 08:32:56 - DEBUG - Event before-parameter-build.s3.CreateBucket: calling handler <bound method S3RegionRedirectorv2.annotate_request_context of <botocore.utils.S3RegionRedirectorv2 object at 0x7f0edab7ff10>>
2025-02-07 08:32:56 - DEBUG - Event before-parameter-build.s3.CreateBucket: calling handler <bound method ClientCreator._inject_s3_input_parameters of <botocore.client.ClientCreator object at 0x7f0ee1bf4cd0>>
2025-02-07 08:32:56 - DEBUG - Event before-parameter-build.s3.CreateBucket: calling handler <function generate_idempotent_uuid at 0x7f0e579464c0>
2025-02-07 08:32:56 - DEBUG - Event before-parameter-build.s3.CreateBucket: calling handler <function _handle_request_validation_mode_member at 0x7f0e5794cc10>
2025-02-07 08:32:56 - DEBUG - Event before-endpoint-resolution.s3: calling handler <function customize_endpoint_resolver_builtins at 0x7f0e5794c700>
2025-02-07 08:32:56 - DEBUG - Event before-endpoint-resolution.s3: calling handler <bound method S3RegionRedirectorv2.redirect_from_cache of <botocore.utils.S3RegionRedirectorv2 object at 0x7f0edab7ff10>>
2025-02-07 08:32:56 - DEBUG - Calling endpoint provider with parameters: {'Bucket': 'data_face_register_employee_images', 'Region': 'us-east-1', 'UseFIPS': False, 'UseDualStack': False, 'Endpoint': 'http://minio:9000', 'ForcePathStyle': True, 'Accelerate': False, 'UseGlobalEndpoint': True, 'DisableAccessPoints': True, 'DisableMultiRegionAccessPoints': False, 'UseArnRegion': True, 'UseS3ExpressControlEndpoint': True}
2025-02-07 08:32:56 - DEBUG - Endpoint provider result: http://minio:9000/data_face_register_employee_images
2025-02-07 08:32:56 - DEBUG - Selecting from endpoint provider's list of auth schemes: "sigv4". User selected auth scheme is: "None"
2025-02-07 08:32:56 - DEBUG - Selected auth type "v4" as "v4" with signing context params: {'region': 'us-east-1', 'signing_name': 's3', 'disableDoubleEncoding': True}
2025-02-07 08:32:56 - DEBUG - Event before-call.s3.CreateBucket: calling handler <function add_expect_header at 0x7f0e579469d0>
2025-02-07 08:32:56 - DEBUG - Event before-call.s3.CreateBucket: calling handler <bound method S3ExpressIdentityResolver.apply_signing_cache_key of <botocore.utils.S3ExpressIdentityResolver object at 0x7f0edab7ff40>>
2025-02-07 08:32:56 - DEBUG - Event before-call.s3.CreateBucket: calling handler <function add_recursion_detection_header at 0x7f0e579460d0>
2025-02-07 08:32:56 - DEBUG - Event before-call.s3.CreateBucket: calling handler <function add_query_compatibility_header at 0x7f0e5794cb80>
2025-02-07 08:32:56 - DEBUG - Event before-call.s3.CreateBucket: calling handler <function inject_api_version_header_if_needed at 0x7f0e57948d30>
2025-02-07 08:32:56 - DEBUG - Making request for OperationModel(name=CreateBucket) with params: {'url_path': '', 'query_string': {}, 'method': 'PUT', 'headers': {'User-Agent': 'Boto3/1.36.15 md/Botocore#1.36.15 ua/2.0 os/linux#5.15.153.1-microsoft-standard-WSL2 md/arch#x86_64 lang/python#3.9.21 md/pyimpl#CPython cfg/retry-mode#legacy Botocore/1.36.15'}, 'body': b'', 'auth_path': '/data_face_register_employee_images/', 'url': 'http://minio:9000/data_face_register_employee_images', 'context': {'client_region': 'us-east-1', 'client_config': <botocore.config.Config object at 0x7f0ee1afa610>, 'has_streaming_input': False, 'auth_type': 'v4', 'unsigned_payload': None, 's3_redirect': {'redirected': False, 'bucket': 'data_face_register_employee_images', 'params': {'Bucket': 'data_face_register_employee_images'}}, 'input_params': {'Bucket': 'data_face_register_employee_images'}, 'signing': {'region': 'us-east-1', 'signing_name': 's3', 'disableDoubleEncoding': True}, 'endpoint_properties': {'authSchemes': [{'disableDoubleEncoding': True, 'name': 'sigv4', 'signingName': 's3', 'signingRegion': 'us-east-1'}]}}}
2025-02-07 08:32:56 - DEBUG - Event request-created.s3.CreateBucket: calling handler <bound method RequestSigner.handler of <botocore.signers.RequestSigner object at 0x7f0edac21e50>>
2025-02-07 08:32:56 - DEBUG - Event choose-signer.s3.CreateBucket: calling handler <bound method ClientCreator._default_s3_presign_to_sigv2 of <botocore.client.ClientCreator object at 0x7f0ee1bf4cd0>>
2025-02-07 08:32:56 - DEBUG - Event choose-signer.s3.CreateBucket: calling handler <function set_operation_specific_signer at 0x7f0e57946310>
2025-02-07 08:32:56 - DEBUG - Event before-sign.s3.CreateBucket: calling handler <function remove_arn_from_signing_path at 0x7f0e5794c670>
2025-02-07 08:32:56 - DEBUG - Event before-sign.s3.CreateBucket: calling handler <function _set_extra_headers_for_unsigned_request at 0x7f0e5794cca0>
2025-02-07 08:32:56 - DEBUG - Event before-sign.s3.CreateBucket: calling handler <bound method S3ExpressIdentityResolver.resolve_s3express_identity of <botocore.utils.S3ExpressIdentityResolver object at 0x7f0edab7ff40>>
2025-02-07 08:32:56 - DEBUG - Calculating signature using v4 auth.
2025-02-07 08:32:56 - DEBUG - CanonicalRequest:
PUT
/data_face_register_employee_images

host:minio:9000
x-amz-content-sha256:e3b0c44298fc1c149afbf4c8996fb92427ae41e4649b934ca495991b7852b855
x-amz-date:20250207T083256Z

host;x-amz-content-sha256;x-amz-date
e3b0c44298fc1c149afbf4c8996fb92427ae41e4649b934ca495991b7852b855
2025-02-07 08:32:56 - DEBUG - StringToSign:
AWS4-HMAC-SHA256
20250207T083256Z
20250207/us-east-1/s3/aws4_request
9aabdb7d3248b0930e0ffa61970ad49bfb8ab50c7552d6ee2df37a308a71c595
2025-02-07 08:32:56 - DEBUG - Signature:
2e8c452b0fc7373f6ac9abfd09852d1338997df407c5f372dc538a31e9b642e7
2025-02-07 08:32:56 - DEBUG - Event request-created.s3.CreateBucket: calling handler <function add_retry_headers at 0x7f0e5794c4c0>
2025-02-07 08:32:56 - DEBUG - Sending http request: <AWSPreparedRequest stream_output=False, method=PUT, url=http://minio:9000/data_face_register_employee_images, headers={'User-Agent': b'Boto3/1.36.15 md/Botocore#1.36.15 ua/2.0 os/linux#5.15.153.1-microsoft-standard-WSL2 md/arch#x86_64 lang/python#3.9.21 md/pyimpl#CPython cfg/retry-mode#legacy Botocore/1.36.15', 'X-Amz-Date': b'20250207T083256Z', 'X-Amz-Content-SHA256': b'e3b0c44298fc1c149afbf4c8996fb92427ae41e4649b934ca495991b7852b855', 'Authorization': b'AWS4-HMAC-SHA256 Credential=minioadmin/20250207/us-east-1/s3/aws4_request, SignedHeaders=host;x-amz-content-sha256;x-amz-date, Signature=2e8c452b0fc7373f6ac9abfd09852d1338997df407c5f372dc538a31e9b642e7', 'amz-sdk-invocation-id': b'd2503704-30aa-44c6-a59d-2b7847424ce5', 'amz-sdk-request': b'attempt=1', 'Content-Length': '0'}>
2025-02-07 08:32:56 - DEBUG - Event before-parse.s3.CreateBucket: calling handler <function _handle_200_error at 0x7f0e5794c9d0>
2025-02-07 08:32:56 - DEBUG - Event before-parse.s3.CreateBucket: calling handler <function handle_expires_header at 0x7f0e5794c820>
2025-02-07 08:32:56 - DEBUG - Response headers: {'Accept-Ranges': 'bytes', 'Content-Length': '313', 'Content-Type': 'application/xml', 'Server': 'MinIO', 'Strict-Transport-Security': 'max-age=31536000; includeSubDomains', 'Vary': 'Origin', 'X-Amz-Id-2': 'dd9025bab4ad464b049177c95eb6ebf374d3b3fd1af9251148b658df7ac2e3e8', 'X-Amz-Request-Id': '1821DFF562DAE166', 'X-Content-Type-Options': 'nosniff', 'X-Xss-Protection': '1; mode=block', 'Date': 'Fri, 07 Feb 2025 08:32:56 GMT'}
2025-02-07 08:32:56 - DEBUG - Response body:
b'<?xml version="1.0" encoding="UTF-8"?>\n<Error><Code>InvalidBucketName</Code><Message>The specified bucket is not valid.</Message><Resource>/data_face_register_employee_images</Resource><RequestId>1821DFF562DAE166</RequestId><HostId>dd9025bab4ad464b049177c95eb6ebf374d3b3fd1af9251148b658df7ac2e3e8</HostId></Error>'
2025-02-07 08:32:56 - DEBUG - Event needs-retry.s3.CreateBucket: calling handler <function _update_status_code at 0x7f0e5794caf0>
2025-02-07 08:32:56 - DEBUG - Event needs-retry.s3.CreateBucket: calling handler <botocore.retryhandler.RetryHandler object at 0x7f0edab7fe50>
2025-02-07 08:32:56 - DEBUG - No retry needed.
2025-02-07 08:32:56 - DEBUG - Event needs-retry.s3.CreateBucket: calling handler <bound method S3RegionRedirectorv2.redirect_from_error of <botocore.utils.S3RegionRedirectorv2 object at 0x7f0edab7ff10>>
2025-02-07 08:32:58 - INFO - create_face_img_base64 - Create face tam with id test from store 1
2025-02-07 08:32:58 - INFO - Image decoded successfully from store 1
2025-02-07 08:32:58 - WARNING - 1 - Face is not detected
2025-02-07 08:32:58 - DEBUG - Event before-parameter-build.s3.HeadBucket: calling handler <function validate_bucket_name at 0x7f0e57946670>
2025-02-07 08:32:58 - DEBUG - Event before-parameter-build.s3.HeadBucket: calling handler <function remove_bucket_from_url_paths_from_model at 0x7f0e5794c550>
2025-02-07 08:32:58 - DEBUG - Event before-parameter-build.s3.HeadBucket: calling handler <bound method S3RegionRedirectorv2.annotate_request_context of <botocore.utils.S3RegionRedirectorv2 object at 0x7f0edab7ff10>>
2025-02-07 08:32:58 - DEBUG - Event before-parameter-build.s3.HeadBucket: calling handler <bound method ClientCreator._inject_s3_input_parameters of <botocore.client.ClientCreator object at 0x7f0ee1bf4cd0>>
2025-02-07 08:32:58 - DEBUG - Event before-parameter-build.s3.HeadBucket: calling handler <function generate_idempotent_uuid at 0x7f0e579464c0>
2025-02-07 08:32:58 - DEBUG - Event before-parameter-build.s3.HeadBucket: calling handler <function _handle_request_validation_mode_member at 0x7f0e5794cc10>
2025-02-07 08:32:58 - DEBUG - Event before-endpoint-resolution.s3: calling handler <function customize_endpoint_resolver_builtins at 0x7f0e5794c700>
2025-02-07 08:32:58 - DEBUG - Event before-endpoint-resolution.s3: calling handler <bound method S3RegionRedirectorv2.redirect_from_cache of <botocore.utils.S3RegionRedirectorv2 object at 0x7f0edab7ff10>>
2025-02-07 08:32:58 - DEBUG - Calling endpoint provider with parameters: {'Bucket': 'data_face_register_employee_images', 'Region': 'us-east-1', 'UseFIPS': False, 'UseDualStack': False, 'Endpoint': 'http://minio:9000', 'ForcePathStyle': True, 'Accelerate': False, 'UseGlobalEndpoint': True, 'DisableMultiRegionAccessPoints': False, 'UseArnRegion': True}
2025-02-07 08:32:58 - DEBUG - Endpoint provider result: http://minio:9000/data_face_register_employee_images
2025-02-07 08:32:58 - DEBUG - Selecting from endpoint provider's list of auth schemes: "sigv4". User selected auth scheme is: "None"
2025-02-07 08:32:58 - DEBUG - Selected auth type "v4" as "v4" with signing context params: {'region': 'us-east-1', 'signing_name': 's3', 'disableDoubleEncoding': True}
2025-02-07 08:32:58 - DEBUG - Event before-call.s3.HeadBucket: calling handler <function add_expect_header at 0x7f0e579469d0>
2025-02-07 08:32:58 - DEBUG - Event before-call.s3.HeadBucket: calling handler <bound method S3ExpressIdentityResolver.apply_signing_cache_key of <botocore.utils.S3ExpressIdentityResolver object at 0x7f0edab7ff40>>
2025-02-07 08:32:58 - DEBUG - Event before-call.s3.HeadBucket: calling handler <function add_recursion_detection_header at 0x7f0e579460d0>
2025-02-07 08:32:58 - DEBUG - Event before-call.s3.HeadBucket: calling handler <function add_query_compatibility_header at 0x7f0e5794cb80>
2025-02-07 08:32:58 - DEBUG - Event before-call.s3.HeadBucket: calling handler <function inject_api_version_header_if_needed at 0x7f0e57948d30>
2025-02-07 08:32:58 - DEBUG - Making request for OperationModel(name=HeadBucket) with params: {'url_path': '', 'query_string': {}, 'method': 'HEAD', 'headers': {'User-Agent': 'Boto3/1.36.15 md/Botocore#1.36.15 ua/2.0 os/linux#5.15.153.1-microsoft-standard-WSL2 md/arch#x86_64 lang/python#3.9.21 md/pyimpl#CPython cfg/retry-mode#legacy Botocore/1.36.15'}, 'body': b'', 'auth_path': '/data_face_register_employee_images/', 'url': 'http://minio:9000/data_face_register_employee_images', 'context': {'client_region': 'us-east-1', 'client_config': <botocore.config.Config object at 0x7f0ee1afa610>, 'has_streaming_input': False, 'auth_type': 'v4', 'unsigned_payload': None, 's3_redirect': {'redirected': False, 'bucket': 'data_face_register_employee_images', 'params': {'Bucket': 'data_face_register_employee_images'}}, 'input_params': {'Bucket': 'data_face_register_employee_images'}, 'signing': {'region': 'us-east-1', 'signing_name': 's3', 'disableDoubleEncoding': True}, 'endpoint_properties': {'authSchemes': [{'disableDoubleEncoding': True, 'name': 'sigv4', 'signingName': 's3', 'signingRegion': 'us-east-1'}]}}}
2025-02-07 08:32:58 - DEBUG - Event request-created.s3.HeadBucket: calling handler <bound method RequestSigner.handler of <botocore.signers.RequestSigner object at 0x7f0edac21e50>>
2025-02-07 08:32:58 - DEBUG - Event choose-signer.s3.HeadBucket: calling handler <bound method ClientCreator._default_s3_presign_to_sigv2 of <botocore.client.ClientCreator object at 0x7f0ee1bf4cd0>>
2025-02-07 08:32:58 - DEBUG - Event choose-signer.s3.HeadBucket: calling handler <function set_operation_specific_signer at 0x7f0e57946310>
2025-02-07 08:32:58 - DEBUG - Event before-sign.s3.HeadBucket: calling handler <function remove_arn_from_signing_path at 0x7f0e5794c670>
2025-02-07 08:32:58 - DEBUG - Event before-sign.s3.HeadBucket: calling handler <function _set_extra_headers_for_unsigned_request at 0x7f0e5794cca0>
2025-02-07 08:32:58 - DEBUG - Event before-sign.s3.HeadBucket: calling handler <bound method S3ExpressIdentityResolver.resolve_s3express_identity of <botocore.utils.S3ExpressIdentityResolver object at 0x7f0edab7ff40>>
2025-02-07 08:32:58 - DEBUG - Calculating signature using v4 auth.
2025-02-07 08:32:58 - DEBUG - CanonicalRequest:
HEAD
/data_face_register_employee_images

host:minio:9000
x-amz-content-sha256:e3b0c44298fc1c149afbf4c8996fb92427ae41e4649b934ca495991b7852b855
x-amz-date:20250207T083258Z

host;x-amz-content-sha256;x-amz-date
e3b0c44298fc1c149afbf4c8996fb92427ae41e4649b934ca495991b7852b855
2025-02-07 08:32:58 - DEBUG - StringToSign:
AWS4-HMAC-SHA256
20250207T083258Z
20250207/us-east-1/s3/aws4_request
08e4e1aba4722bcbac5c96a020e0d09379596773e6039f86ee4c2fac8e4dddba
2025-02-07 08:32:58 - DEBUG - Signature:
5b5f5e7274b5ec0d05770e93efac1dc2f225e28f2fc8e6d003376dfd9280f3fa
2025-02-07 08:32:58 - DEBUG - Event request-created.s3.HeadBucket: calling handler <function add_retry_headers at 0x7f0e5794c4c0>
2025-02-07 08:32:58 - DEBUG - Sending http request: <AWSPreparedRequest stream_output=False, method=HEAD, url=http://minio:9000/data_face_register_employee_images, headers={'User-Agent': b'Boto3/1.36.15 md/Botocore#1.36.15 ua/2.0 os/linux#5.15.153.1-microsoft-standard-WSL2 md/arch#x86_64 lang/python#3.9.21 md/pyimpl#CPython cfg/retry-mode#legacy Botocore/1.36.15', 'X-Amz-Date': b'20250207T083258Z', 'X-Amz-Content-SHA256': b'e3b0c44298fc1c149afbf4c8996fb92427ae41e4649b934ca495991b7852b855', 'Authorization': b'AWS4-HMAC-SHA256 Credential=minioadmin/20250207/us-east-1/s3/aws4_request, SignedHeaders=host;x-amz-content-sha256;x-amz-date, Signature=5b5f5e7274b5ec0d05770e93efac1dc2f225e28f2fc8e6d003376dfd9280f3fa', 'amz-sdk-invocation-id': b'fb2946d0-268d-46ef-8fa3-4bbf1c4e7637', 'amz-sdk-request': b'attempt=1'}>
2025-02-07 08:32:58 - DEBUG - Event before-parse.s3.HeadBucket: calling handler <function _handle_200_error at 0x7f0e5794c9d0>
2025-02-07 08:32:58 - DEBUG - Event before-parse.s3.HeadBucket: calling handler <function handle_expires_header at 0x7f0e5794c820>
2025-02-07 08:32:58 - DEBUG - Response headers: {'Accept-Ranges': 'bytes', 'Content-Length': '313', 'Content-Type': 'application/xml', 'Server': 'MinIO', 'Strict-Transport-Security': 'max-age=31536000; includeSubDomains', 'Vary': 'Origin', 'X-Amz-Id-2': 'dd9025bab4ad464b049177c95eb6ebf374d3b3fd1af9251148b658df7ac2e3e8', 'X-Amz-Request-Id': '1821DFF5E3487A56', 'X-Content-Type-Options': 'nosniff', 'X-Xss-Protection': '1; mode=block', 'Date': 'Fri, 07 Feb 2025 08:32:58 GMT'}
2025-02-07 08:32:58 - DEBUG - Response body:
b''
2025-02-07 08:32:58 - DEBUG - Event needs-retry.s3.HeadBucket: calling handler <function _update_status_code at 0x7f0e5794caf0>
2025-02-07 08:32:58 - DEBUG - Event needs-retry.s3.HeadBucket: calling handler <botocore.retryhandler.RetryHandler object at 0x7f0edab7fe50>
2025-02-07 08:32:58 - DEBUG - No retry needed.
2025-02-07 08:32:58 - DEBUG - Event needs-retry.s3.HeadBucket: calling handler <bound method S3RegionRedirectorv2.redirect_from_error of <botocore.utils.S3RegionRedirectorv2 object at 0x7f0edab7ff10>>
2025-02-07 08:32:58 - DEBUG - Event before-parameter-build.s3.CreateBucket: calling handler <function validate_bucket_name at 0x7f0e57946670>
2025-02-07 08:32:58 - DEBUG - Event before-parameter-build.s3.CreateBucket: calling handler <function remove_bucket_from_url_paths_from_model at 0x7f0e5794c550>
2025-02-07 08:32:58 - DEBUG - Event before-parameter-build.s3.CreateBucket: calling handler <bound method S3RegionRedirectorv2.annotate_request_context of <botocore.utils.S3RegionRedirectorv2 object at 0x7f0edab7ff10>>
2025-02-07 08:32:58 - DEBUG - Event before-parameter-build.s3.CreateBucket: calling handler <bound method ClientCreator._inject_s3_input_parameters of <botocore.client.ClientCreator object at 0x7f0ee1bf4cd0>>
2025-02-07 08:32:58 - DEBUG - Event before-parameter-build.s3.CreateBucket: calling handler <function generate_idempotent_uuid at 0x7f0e579464c0>
2025-02-07 08:32:58 - DEBUG - Event before-parameter-build.s3.CreateBucket: calling handler <function _handle_request_validation_mode_member at 0x7f0e5794cc10>
2025-02-07 08:32:58 - DEBUG - Event before-endpoint-resolution.s3: calling handler <function customize_endpoint_resolver_builtins at 0x7f0e5794c700>
2025-02-07 08:32:58 - DEBUG - Event before-endpoint-resolution.s3: calling handler <bound method S3RegionRedirectorv2.redirect_from_cache of <botocore.utils.S3RegionRedirectorv2 object at 0x7f0edab7ff10>>
2025-02-07 08:32:58 - DEBUG - Calling endpoint provider with parameters: {'Bucket': 'data_face_register_employee_images', 'Region': 'us-east-1', 'UseFIPS': False, 'UseDualStack': False, 'Endpoint': 'http://minio:9000', 'ForcePathStyle': True, 'Accelerate': False, 'UseGlobalEndpoint': True, 'DisableAccessPoints': True, 'DisableMultiRegionAccessPoints': False, 'UseArnRegion': True, 'UseS3ExpressControlEndpoint': True}
2025-02-07 08:32:58 - DEBUG - Endpoint provider result: http://minio:9000/data_face_register_employee_images
2025-02-07 08:32:58 - DEBUG - Selecting from endpoint provider's list of auth schemes: "sigv4". User selected auth scheme is: "None"
2025-02-07 08:32:58 - DEBUG - Selected auth type "v4" as "v4" with signing context params: {'region': 'us-east-1', 'signing_name': 's3', 'disableDoubleEncoding': True}
2025-02-07 08:32:58 - DEBUG - Event before-call.s3.CreateBucket: calling handler <function add_expect_header at 0x7f0e579469d0>
2025-02-07 08:32:58 - DEBUG - Event before-call.s3.CreateBucket: calling handler <bound method S3ExpressIdentityResolver.apply_signing_cache_key of <botocore.utils.S3ExpressIdentityResolver object at 0x7f0edab7ff40>>
2025-02-07 08:32:58 - DEBUG - Event before-call.s3.CreateBucket: calling handler <function add_recursion_detection_header at 0x7f0e579460d0>
2025-02-07 08:32:58 - DEBUG - Event before-call.s3.CreateBucket: calling handler <function add_query_compatibility_header at 0x7f0e5794cb80>
2025-02-07 08:32:58 - DEBUG - Event before-call.s3.CreateBucket: calling handler <function inject_api_version_header_if_needed at 0x7f0e57948d30>
2025-02-07 08:32:58 - DEBUG - Making request for OperationModel(name=CreateBucket) with params: {'url_path': '', 'query_string': {}, 'method': 'PUT', 'headers': {'User-Agent': 'Boto3/1.36.15 md/Botocore#1.36.15 ua/2.0 os/linux#5.15.153.1-microsoft-standard-WSL2 md/arch#x86_64 lang/python#3.9.21 md/pyimpl#CPython cfg/retry-mode#legacy Botocore/1.36.15'}, 'body': b'', 'auth_path': '/data_face_register_employee_images/', 'url': 'http://minio:9000/data_face_register_employee_images', 'context': {'client_region': 'us-east-1', 'client_config': <botocore.config.Config object at 0x7f0ee1afa610>, 'has_streaming_input': False, 'auth_type': 'v4', 'unsigned_payload': None, 's3_redirect': {'redirected': False, 'bucket': 'data_face_register_employee_images', 'params': {'Bucket': 'data_face_register_employee_images'}}, 'input_params': {'Bucket': 'data_face_register_employee_images'}, 'signing': {'region': 'us-east-1', 'signing_name': 's3', 'disableDoubleEncoding': True}, 'endpoint_properties': {'authSchemes': [{'disableDoubleEncoding': True, 'name': 'sigv4', 'signingName': 's3', 'signingRegion': 'us-east-1'}]}}}
2025-02-07 08:32:58 - DEBUG - Event request-created.s3.CreateBucket: calling handler <bound method RequestSigner.handler of <botocore.signers.RequestSigner object at 0x7f0edac21e50>>
2025-02-07 08:32:58 - DEBUG - Event choose-signer.s3.CreateBucket: calling handler <bound method ClientCreator._default_s3_presign_to_sigv2 of <botocore.client.ClientCreator object at 0x7f0ee1bf4cd0>>
2025-02-07 08:32:58 - DEBUG - Event choose-signer.s3.CreateBucket: calling handler <function set_operation_specific_signer at 0x7f0e57946310>
2025-02-07 08:32:58 - DEBUG - Event before-sign.s3.CreateBucket: calling handler <function remove_arn_from_signing_path at 0x7f0e5794c670>
2025-02-07 08:32:58 - DEBUG - Event before-sign.s3.CreateBucket: calling handler <function _set_extra_headers_for_unsigned_request at 0x7f0e5794cca0>
2025-02-07 08:32:58 - DEBUG - Event before-sign.s3.CreateBucket: calling handler <bound method S3ExpressIdentityResolver.resolve_s3express_identity of <botocore.utils.S3ExpressIdentityResolver object at 0x7f0edab7ff40>>
2025-02-07 08:32:58 - DEBUG - Calculating signature using v4 auth.
2025-02-07 08:32:58 - DEBUG - CanonicalRequest:
PUT
/data_face_register_employee_images

host:minio:9000
x-amz-content-sha256:e3b0c44298fc1c149afbf4c8996fb92427ae41e4649b934ca495991b7852b855
x-amz-date:20250207T083258Z

host;x-amz-content-sha256;x-amz-date
e3b0c44298fc1c149afbf4c8996fb92427ae41e4649b934ca495991b7852b855
2025-02-07 08:32:58 - DEBUG - StringToSign:
AWS4-HMAC-SHA256
20250207T083258Z
20250207/us-east-1/s3/aws4_request
96805ae9bbb0abc631656e461f0e2878f3b01a9cde49ea6d4701696412a45672
2025-02-07 08:32:58 - DEBUG - Signature:
603a8584b83e095b3b09c0218d36204b0b51e4d0465d5b480358b1ac9c0fd0d8
2025-02-07 08:32:58 - DEBUG - Event request-created.s3.CreateBucket: calling handler <function add_retry_headers at 0x7f0e5794c4c0>
2025-02-07 08:32:58 - DEBUG - Sending http request: <AWSPreparedRequest stream_output=False, method=PUT, url=http://minio:9000/data_face_register_employee_images, headers={'User-Agent': b'Boto3/1.36.15 md/Botocore#1.36.15 ua/2.0 os/linux#5.15.153.1-microsoft-standard-WSL2 md/arch#x86_64 lang/python#3.9.21 md/pyimpl#CPython cfg/retry-mode#legacy Botocore/1.36.15', 'X-Amz-Date': b'20250207T083258Z', 'X-Amz-Content-SHA256': b'e3b0c44298fc1c149afbf4c8996fb92427ae41e4649b934ca495991b7852b855', 'Authorization': b'AWS4-HMAC-SHA256 Credential=minioadmin/20250207/us-east-1/s3/aws4_request, SignedHeaders=host;x-amz-content-sha256;x-amz-date, Signature=603a8584b83e095b3b09c0218d36204b0b51e4d0465d5b480358b1ac9c0fd0d8', 'amz-sdk-invocation-id': b'382c8dbf-e5b9-419e-a4e9-22880970ce2a', 'amz-sdk-request': b'attempt=1', 'Content-Length': '0'}>
2025-02-07 08:32:58 - DEBUG - Event before-parse.s3.CreateBucket: calling handler <function _handle_200_error at 0x7f0e5794c9d0>
2025-02-07 08:32:58 - DEBUG - Event before-parse.s3.CreateBucket: calling handler <function handle_expires_header at 0x7f0e5794c820>
2025-02-07 08:32:58 - DEBUG - Response headers: {'Accept-Ranges': 'bytes', 'Content-Length': '313', 'Content-Type': 'application/xml', 'Server': 'MinIO', 'Strict-Transport-Security': 'max-age=31536000; includeSubDomains', 'Vary': 'Origin', 'X-Amz-Id-2': 'dd9025bab4ad464b049177c95eb6ebf374d3b3fd1af9251148b658df7ac2e3e8', 'X-Amz-Request-Id': '1821DFF5E42E19BF', 'X-Content-Type-Options': 'nosniff', 'X-Xss-Protection': '1; mode=block', 'Date': 'Fri, 07 Feb 2025 08:32:58 GMT'}
2025-02-07 08:32:58 - DEBUG - Response body:
b'<?xml version="1.0" encoding="UTF-8"?>\n<Error><Code>InvalidBucketName</Code><Message>The specified bucket is not valid.</Message><Resource>/data_face_register_employee_images</Resource><RequestId>1821DFF5E42E19BF</RequestId><HostId>dd9025bab4ad464b049177c95eb6ebf374d3b3fd1af9251148b658df7ac2e3e8</HostId></Error>'
2025-02-07 08:32:58 - DEBUG - Event needs-retry.s3.CreateBucket: calling handler <function _update_status_code at 0x7f0e5794caf0>
2025-02-07 08:32:58 - DEBUG - Event needs-retry.s3.CreateBucket: calling handler <botocore.retryhandler.RetryHandler object at 0x7f0edab7fe50>
2025-02-07 08:32:58 - DEBUG - No retry needed.
2025-02-07 08:32:58 - DEBUG - Event needs-retry.s3.CreateBucket: calling handler <bound method S3RegionRedirectorv2.redirect_from_error of <botocore.utils.S3RegionRedirectorv2 object at 0x7f0edab7ff10>>
2025-02-07 08:37:16 - DEBUG - Changing event name from creating-client-class.iot-data to creating-client-class.iot-data-plane
2025-02-07 08:37:16 - DEBUG - Changing event name from creating-client-class.iot-data to creating-client-class.iot-data-plane
2025-02-07 08:37:16 - DEBUG - Changing event name from creating-client-class.iot-data to creating-client-class.iot-data-plane
2025-02-07 08:37:16 - DEBUG - Changing event name from before-call.apigateway to before-call.api-gateway
2025-02-07 08:37:16 - DEBUG - Changing event name from request-created.machinelearning.Predict to request-created.machine-learning.Predict
2025-02-07 08:37:16 - DEBUG - Changing event name from before-parameter-build.autoscaling.CreateLaunchConfiguration to before-parameter-build.auto-scaling.CreateLaunchConfiguration
2025-02-07 08:37:16 - DEBUG - Changing event name from before-call.apigateway to before-call.api-gateway
2025-02-07 08:37:16 - DEBUG - Changing event name from before-parameter-build.route53 to before-parameter-build.route-53
2025-02-07 08:37:16 - DEBUG - Changing event name from before-call.apigateway to before-call.api-gateway
2025-02-07 08:37:16 - DEBUG - Changing event name from request-created.machinelearning.Predict to request-created.machine-learning.Predict
2025-02-07 08:37:16 - DEBUG - Changing event name from request-created.cloudsearchdomain.Search to request-created.cloudsearch-domain.Search
2025-02-07 08:37:16 - DEBUG - Changing event name from request-created.machinelearning.Predict to request-created.machine-learning.Predict
2025-02-07 08:37:16 - DEBUG - Changing event name from docs.*.autoscaling.CreateLaunchConfiguration.complete-section to docs.*.auto-scaling.CreateLaunchConfiguration.complete-section
2025-02-07 08:37:16 - DEBUG - Changing event name from before-parameter-build.autoscaling.CreateLaunchConfiguration to before-parameter-build.auto-scaling.CreateLaunchConfiguration
2025-02-07 08:37:16 - DEBUG - Changing event name from before-parameter-build.route53 to before-parameter-build.route-53
2025-02-07 08:37:16 - DEBUG - Changing event name from before-parameter-build.autoscaling.CreateLaunchConfiguration to before-parameter-build.auto-scaling.CreateLaunchConfiguration
2025-02-07 08:37:16 - DEBUG - Changing event name from before-parameter-build.route53 to before-parameter-build.route-53
2025-02-07 08:37:16 - DEBUG - Changing event name from request-created.cloudsearchdomain.Search to request-created.cloudsearch-domain.Search
2025-02-07 08:37:16 - DEBUG - Changing event name from request-created.cloudsearchdomain.Search to request-created.cloudsearch-domain.Search
2025-02-07 08:37:16 - DEBUG - Changing event name from before-parameter-build.logs.CreateExportTask to before-parameter-build.cloudwatch-logs.CreateExportTask
2025-02-07 08:37:16 - DEBUG - Changing event name from docs.*.autoscaling.CreateLaunchConfiguration.complete-section to docs.*.auto-scaling.CreateLaunchConfiguration.complete-section
2025-02-07 08:37:16 - DEBUG - Changing event name from docs.*.logs.CreateExportTask.complete-section to docs.*.cloudwatch-logs.CreateExportTask.complete-section
2025-02-07 08:37:16 - DEBUG - Changing event name from before-parameter-build.cloudsearchdomain.Search to before-parameter-build.cloudsearch-domain.Search
2025-02-07 08:37:16 - DEBUG - Changing event name from docs.*.cloudsearchdomain.Search.complete-section to docs.*.cloudsearch-domain.Search.complete-section
2025-02-07 08:37:16 - DEBUG - Changing event name from docs.*.autoscaling.CreateLaunchConfiguration.complete-section to docs.*.auto-scaling.CreateLaunchConfiguration.complete-section
2025-02-07 08:37:16 - DEBUG - Changing event name from before-parameter-build.logs.CreateExportTask to before-parameter-build.cloudwatch-logs.CreateExportTask
2025-02-07 08:37:16 - DEBUG - Changing event name from docs.*.logs.CreateExportTask.complete-section to docs.*.cloudwatch-logs.CreateExportTask.complete-section
2025-02-07 08:37:16 - DEBUG - Changing event name from before-parameter-build.cloudsearchdomain.Search to before-parameter-build.cloudsearch-domain.Search
2025-02-07 08:37:16 - DEBUG - Changing event name from docs.*.cloudsearchdomain.Search.complete-section to docs.*.cloudsearch-domain.Search.complete-section
2025-02-07 08:37:16 - DEBUG - Changing event name from before-parameter-build.logs.CreateExportTask to before-parameter-build.cloudwatch-logs.CreateExportTask
2025-02-07 08:37:16 - DEBUG - Loading JSON file: /usr/local/lib/python3.9/site-packages/botocore/data/endpoints.json
2025-02-07 08:37:16 - DEBUG - Changing event name from docs.*.logs.CreateExportTask.complete-section to docs.*.cloudwatch-logs.CreateExportTask.complete-section
2025-02-07 08:37:16 - DEBUG - Changing event name from before-parameter-build.cloudsearchdomain.Search to before-parameter-build.cloudsearch-domain.Search
2025-02-07 08:37:16 - DEBUG - Changing event name from docs.*.cloudsearchdomain.Search.complete-section to docs.*.cloudsearch-domain.Search.complete-section
2025-02-07 08:37:16 - DEBUG - Loading JSON file: /usr/local/lib/python3.9/site-packages/botocore/data/endpoints.json
2025-02-07 08:37:16 - DEBUG - Loading JSON file: /usr/local/lib/python3.9/site-packages/botocore/data/endpoints.json
2025-02-07 08:37:16 - DEBUG - Changing event name from creating-client-class.iot-data to creating-client-class.iot-data-plane
2025-02-07 08:37:16 - DEBUG - Changing event name from before-call.apigateway to before-call.api-gateway
2025-02-07 08:37:16 - DEBUG - Changing event name from request-created.machinelearning.Predict to request-created.machine-learning.Predict
2025-02-07 08:37:16 - DEBUG - Changing event name from before-parameter-build.autoscaling.CreateLaunchConfiguration to before-parameter-build.auto-scaling.CreateLaunchConfiguration
2025-02-07 08:37:16 - DEBUG - Changing event name from before-parameter-build.route53 to before-parameter-build.route-53
2025-02-07 08:37:16 - DEBUG - Changing event name from creating-client-class.iot-data to creating-client-class.iot-data-plane
2025-02-07 08:37:16 - DEBUG - Changing event name from request-created.cloudsearchdomain.Search to request-created.cloudsearch-domain.Search
2025-02-07 08:37:16 - DEBUG - Changing event name from docs.*.autoscaling.CreateLaunchConfiguration.complete-section to docs.*.auto-scaling.CreateLaunchConfiguration.complete-section
2025-02-07 08:37:16 - DEBUG - Changing event name from creating-client-class.iot-data to creating-client-class.iot-data-plane
2025-02-07 08:37:16 - DEBUG - Changing event name from before-call.apigateway to before-call.api-gateway
2025-02-07 08:37:16 - DEBUG - Changing event name from request-created.machinelearning.Predict to request-created.machine-learning.Predict
2025-02-07 08:37:16 - DEBUG - Changing event name from before-parameter-build.logs.CreateExportTask to before-parameter-build.cloudwatch-logs.CreateExportTask
2025-02-07 08:37:16 - DEBUG - Changing event name from docs.*.logs.CreateExportTask.complete-section to docs.*.cloudwatch-logs.CreateExportTask.complete-section
2025-02-07 08:37:16 - DEBUG - Changing event name from creating-client-class.iot-data to creating-client-class.iot-data-plane
2025-02-07 08:37:16 - DEBUG - Changing event name from before-parameter-build.cloudsearchdomain.Search to before-parameter-build.cloudsearch-domain.Search
2025-02-07 08:37:16 - DEBUG - Changing event name from docs.*.cloudsearchdomain.Search.complete-section to docs.*.cloudsearch-domain.Search.complete-section
2025-02-07 08:37:16 - DEBUG - Changing event name from creating-client-class.iot-data to creating-client-class.iot-data-plane
2025-02-07 08:37:16 - DEBUG - Changing event name from before-parameter-build.autoscaling.CreateLaunchConfiguration to before-parameter-build.auto-scaling.CreateLaunchConfiguration
2025-02-07 08:37:16 - DEBUG - Changing event name from before-call.apigateway to before-call.api-gateway
2025-02-07 08:37:16 - DEBUG - Changing event name from before-parameter-build.route53 to before-parameter-build.route-53
2025-02-07 08:37:16 - DEBUG - Changing event name from request-created.machinelearning.Predict to request-created.machine-learning.Predict
2025-02-07 08:37:16 - DEBUG - Changing event name from request-created.cloudsearchdomain.Search to request-created.cloudsearch-domain.Search
2025-02-07 08:37:16 - DEBUG - Changing event name from docs.*.autoscaling.CreateLaunchConfiguration.complete-section to docs.*.auto-scaling.CreateLaunchConfiguration.complete-section
2025-02-07 08:37:16 - DEBUG - Changing event name from before-call.apigateway to before-call.api-gateway
2025-02-07 08:37:16 - DEBUG - Changing event name from before-parameter-build.autoscaling.CreateLaunchConfiguration to before-parameter-build.auto-scaling.CreateLaunchConfiguration
2025-02-07 08:37:16 - DEBUG - Changing event name from before-call.apigateway to before-call.api-gateway
2025-02-07 08:37:16 - DEBUG - Changing event name from before-parameter-build.route53 to before-parameter-build.route-53
2025-02-07 08:37:16 - DEBUG - Changing event name from request-created.machinelearning.Predict to request-created.machine-learning.Predict
2025-02-07 08:37:16 - DEBUG - Loading JSON file: /usr/local/lib/python3.9/site-packages/botocore/data/sdk-default-configuration.json
2025-02-07 08:37:16 - DEBUG - Changing event name from request-created.cloudsearchdomain.Search to request-created.cloudsearch-domain.Search
2025-02-07 08:37:16 - DEBUG - Changing event name from request-created.machinelearning.Predict to request-created.machine-learning.Predict
2025-02-07 08:37:16 - DEBUG - Loading JSON file: /usr/local/lib/python3.9/site-packages/botocore/data/endpoints.json
2025-02-07 08:37:16 - DEBUG - Changing event name from before-parameter-build.logs.CreateExportTask to before-parameter-build.cloudwatch-logs.CreateExportTask
2025-02-07 08:37:16 - DEBUG - Event choose-service-name: calling handler <function handle_service_name_alias at 0x7f3a93cc5160>
2025-02-07 08:37:16 - DEBUG - Changing event name from docs.*.logs.CreateExportTask.complete-section to docs.*.cloudwatch-logs.CreateExportTask.complete-section
2025-02-07 08:37:16 - DEBUG - Changing event name from docs.*.autoscaling.CreateLaunchConfiguration.complete-section to docs.*.auto-scaling.CreateLaunchConfiguration.complete-section
2025-02-07 08:37:16 - DEBUG - Changing event name from before-parameter-build.cloudsearchdomain.Search to before-parameter-build.cloudsearch-domain.Search
2025-02-07 08:37:16 - DEBUG - Loading JSON file: /usr/local/lib/python3.9/site-packages/botocore/data/sdk-default-configuration.json
2025-02-07 08:37:16 - DEBUG - Changing event name from before-parameter-build.autoscaling.CreateLaunchConfiguration to before-parameter-build.auto-scaling.CreateLaunchConfiguration
2025-02-07 08:37:16 - DEBUG - Changing event name from docs.*.cloudsearchdomain.Search.complete-section to docs.*.cloudsearch-domain.Search.complete-section
2025-02-07 08:37:16 - DEBUG - Event choose-service-name: calling handler <function handle_service_name_alias at 0x7f166989c160>
2025-02-07 08:37:16 - DEBUG - Changing event name from before-parameter-build.route53 to before-parameter-build.route-53
2025-02-07 08:37:16 - DEBUG - Changing event name from before-parameter-build.autoscaling.CreateLaunchConfiguration to before-parameter-build.auto-scaling.CreateLaunchConfiguration
2025-02-07 08:37:16 - DEBUG - Changing event name from request-created.cloudsearchdomain.Search to request-created.cloudsearch-domain.Search
2025-02-07 08:37:16 - DEBUG - Changing event name from before-parameter-build.route53 to before-parameter-build.route-53
2025-02-07 08:37:16 - DEBUG - Changing event name from request-created.cloudsearchdomain.Search to request-created.cloudsearch-domain.Search
2025-02-07 08:37:16 - DEBUG - Changing event name from docs.*.autoscaling.CreateLaunchConfiguration.complete-section to docs.*.auto-scaling.CreateLaunchConfiguration.complete-section
2025-02-07 08:37:16 - DEBUG - Changing event name from docs.*.autoscaling.CreateLaunchConfiguration.complete-section to docs.*.auto-scaling.CreateLaunchConfiguration.complete-section
2025-02-07 08:37:16 - DEBUG - Changing event name from before-parameter-build.logs.CreateExportTask to before-parameter-build.cloudwatch-logs.CreateExportTask
2025-02-07 08:37:16 - DEBUG - Loading JSON file: /usr/local/lib/python3.9/site-packages/botocore/data/endpoints.json
2025-02-07 08:37:16 - DEBUG - Changing event name from docs.*.logs.CreateExportTask.complete-section to docs.*.cloudwatch-logs.CreateExportTask.complete-section
2025-02-07 08:37:16 - DEBUG - Loading JSON file: /usr/local/lib/python3.9/site-packages/botocore/data/sdk-default-configuration.json
2025-02-07 08:37:16 - DEBUG - Changing event name from before-parameter-build.cloudsearchdomain.Search to before-parameter-build.cloudsearch-domain.Search
2025-02-07 08:37:16 - DEBUG - Changing event name from before-parameter-build.logs.CreateExportTask to before-parameter-build.cloudwatch-logs.CreateExportTask
2025-02-07 08:37:16 - DEBUG - Changing event name from before-parameter-build.logs.CreateExportTask to before-parameter-build.cloudwatch-logs.CreateExportTask
2025-02-07 08:37:16 - DEBUG - Changing event name from docs.*.cloudsearchdomain.Search.complete-section to docs.*.cloudsearch-domain.Search.complete-section
2025-02-07 08:37:16 - DEBUG - Event choose-service-name: calling handler <function handle_service_name_alias at 0x7f4df2283160>
2025-02-07 08:37:16 - DEBUG - Changing event name from docs.*.logs.CreateExportTask.complete-section to docs.*.cloudwatch-logs.CreateExportTask.complete-section
2025-02-07 08:37:16 - DEBUG - Changing event name from docs.*.logs.CreateExportTask.complete-section to docs.*.cloudwatch-logs.CreateExportTask.complete-section
2025-02-07 08:37:16 - DEBUG - Changing event name from before-parameter-build.cloudsearchdomain.Search to before-parameter-build.cloudsearch-domain.Search
2025-02-07 08:37:16 - DEBUG - Changing event name from before-parameter-build.cloudsearchdomain.Search to before-parameter-build.cloudsearch-domain.Search
2025-02-07 08:37:16 - DEBUG - Changing event name from docs.*.cloudsearchdomain.Search.complete-section to docs.*.cloudsearch-domain.Search.complete-section
2025-02-07 08:37:16 - DEBUG - Changing event name from docs.*.cloudsearchdomain.Search.complete-section to docs.*.cloudsearch-domain.Search.complete-section
2025-02-07 08:37:16 - DEBUG - Loading JSON file: /usr/local/lib/python3.9/site-packages/botocore/data/endpoints.json
2025-02-07 08:37:16 - DEBUG - Loading JSON file: /usr/local/lib/python3.9/site-packages/botocore/data/endpoints.json
2025-02-07 08:37:16 - DEBUG - Loading JSON file: /usr/local/lib/python3.9/site-packages/botocore/data/endpoints.json
2025-02-07 08:37:16 - DEBUG - Loading JSON file: /usr/local/lib/python3.9/site-packages/botocore/data/s3/2006-03-01/service-2.json.gz
2025-02-07 08:37:16 - DEBUG - Loading JSON file: /usr/local/lib/python3.9/site-packages/botocore/data/s3/2006-03-01/service-2.json.gz
2025-02-07 08:37:16 - DEBUG - Loading JSON file: /usr/local/lib/python3.9/site-packages/botocore/data/sdk-default-configuration.json
2025-02-07 08:37:16 - DEBUG - Event choose-service-name: calling handler <function handle_service_name_alias at 0x7f8ba6dbf160>
2025-02-07 08:37:16 - DEBUG - Loading JSON file: /usr/local/lib/python3.9/site-packages/botocore/data/sdk-default-configuration.json
2025-02-07 08:37:16 - DEBUG - Event choose-service-name: calling handler <function handle_service_name_alias at 0x7f9512ba2160>
2025-02-07 08:37:16 - DEBUG - Loading JSON file: /usr/local/lib/python3.9/site-packages/botocore/data/s3/2006-03-01/service-2.json.gz
2025-02-07 08:37:16 - DEBUG - Loading JSON file: /usr/local/lib/python3.9/site-packages/botocore/data/s3/2006-03-01/service-2.sdk-extras.json
2025-02-07 08:37:16 - DEBUG - Loading JSON file: /usr/local/lib/python3.9/site-packages/botocore/data/s3/2006-03-01/service-2.sdk-extras.json
2025-02-07 08:37:16 - DEBUG - Loading JSON file: /usr/local/lib/python3.9/site-packages/botocore/data/sdk-default-configuration.json
2025-02-07 08:37:16 - DEBUG - Loading JSON file: /usr/local/lib/python3.9/site-packages/botocore/data/sdk-default-configuration.json
2025-02-07 08:37:16 - DEBUG - Event choose-service-name: calling handler <function handle_service_name_alias at 0x7fceddf0a160>
2025-02-07 08:37:16 - DEBUG - Event choose-service-name: calling handler <function handle_service_name_alias at 0x7f9e626af160>
2025-02-07 08:37:16 - DEBUG - Loading JSON file: /usr/local/lib/python3.9/site-packages/botocore/data/sdk-default-configuration.json
2025-02-07 08:37:16 - DEBUG - Event choose-service-name: calling handler <function handle_service_name_alias at 0x7fc26fbe7160>
2025-02-07 08:37:16 - DEBUG - Loading JSON file: /usr/local/lib/python3.9/site-packages/botocore/data/s3/2006-03-01/service-2.sdk-extras.json
2025-02-07 08:37:16 - DEBUG - Loading JSON file: /usr/local/lib/python3.9/site-packages/botocore/data/s3/2006-03-01/service-2.json.gz
2025-02-07 08:37:16 - DEBUG - Loading JSON file: /usr/local/lib/python3.9/site-packages/botocore/data/s3/2006-03-01/service-2.json.gz
2025-02-07 08:37:16 - DEBUG - Loading JSON file: /usr/local/lib/python3.9/site-packages/botocore/data/s3/2006-03-01/endpoint-rule-set-1.json.gz
2025-02-07 08:37:16 - DEBUG - Loading JSON file: /usr/local/lib/python3.9/site-packages/botocore/data/s3/2006-03-01/endpoint-rule-set-1.json.gz
2025-02-07 08:37:16 - DEBUG - Loading JSON file: /usr/local/lib/python3.9/site-packages/botocore/data/partitions.json
2025-02-07 08:37:16 - DEBUG - Loading JSON file: /usr/local/lib/python3.9/site-packages/botocore/data/partitions.json
2025-02-07 08:37:16 - DEBUG - Loading JSON file: /usr/local/lib/python3.9/site-packages/botocore/data/s3/2006-03-01/service-2.sdk-extras.json
2025-02-07 08:37:16 - DEBUG - Event creating-client-class.s3: calling handler <function add_generate_presigned_post at 0x7f166964f940>
2025-02-07 08:37:16 - DEBUG - Loading JSON file: /usr/local/lib/python3.9/site-packages/botocore/data/s3/2006-03-01/service-2.json.gz
2025-02-07 08:37:16 - DEBUG - Loading JSON file: /usr/local/lib/python3.9/site-packages/botocore/data/s3/2006-03-01/service-2.json.gz
2025-02-07 08:37:16 - DEBUG - Event creating-client-class.s3: calling handler <function lazy_call.<locals>._handler at 0x7f16f4291af0>
2025-02-07 08:37:16 - DEBUG - Event creating-client-class.s3: calling handler <function add_generate_presigned_post at 0x7f3a93a7a940>
2025-02-07 08:37:16 - DEBUG - Event creating-client-class.s3: calling handler <function lazy_call.<locals>._handler at 0x7f3b1dc66af0>
2025-02-07 08:37:16 - DEBUG - Loading JSON file: /usr/local/lib/python3.9/site-packages/botocore/data/s3/2006-03-01/endpoint-rule-set-1.json.gz
2025-02-07 08:37:16 - DEBUG - Loading JSON file: /usr/local/lib/python3.9/site-packages/botocore/data/s3/2006-03-01/service-2.json.gz
2025-02-07 08:37:16 - DEBUG - Loading JSON file: /usr/local/lib/python3.9/site-packages/botocore/data/s3/2006-03-01/service-2.sdk-extras.json
2025-02-07 08:37:16 - DEBUG - Loading JSON file: /usr/local/lib/python3.9/site-packages/botocore/data/partitions.json
2025-02-07 08:37:16 - DEBUG - Event creating-client-class.s3: calling handler <function add_generate_presigned_post at 0x7f4df2038940>
2025-02-07 08:37:16 - DEBUG - Event creating-client-class.s3: calling handler <function lazy_call.<locals>._handler at 0x7f4e7aa32af0>
2025-02-07 08:37:16 - DEBUG - Loading JSON file: /usr/local/lib/python3.9/site-packages/botocore/data/s3/2006-03-01/service-2.sdk-extras.json
2025-02-07 08:37:16 - DEBUG - Loading JSON file: /usr/local/lib/python3.9/site-packages/botocore/data/s3/2006-03-01/service-2.sdk-extras.json
2025-02-07 08:37:16 - DEBUG - Loading JSON file: /usr/local/lib/python3.9/site-packages/botocore/data/s3/2006-03-01/service-2.sdk-extras.json
2025-02-07 08:37:16 - DEBUG - Loading JSON file: /usr/local/lib/python3.9/site-packages/botocore/data/s3/2006-03-01/endpoint-rule-set-1.json.gz
2025-02-07 08:37:16 - DEBUG - Loading JSON file: /usr/local/lib/python3.9/site-packages/botocore/data/partitions.json
2025-02-07 08:37:16 - DEBUG - Loading JSON file: /usr/local/lib/python3.9/site-packages/botocore/data/s3/2006-03-01/endpoint-rule-set-1.json.gz
2025-02-07 08:37:16 - DEBUG - Event creating-client-class.s3: calling handler <function add_generate_presigned_post at 0x7f8ba6b74940>
2025-02-07 08:37:16 - DEBUG - Event creating-client-class.s3: calling handler <function lazy_call.<locals>._handler at 0x7f8c2ccd7af0>
2025-02-07 08:37:16 - DEBUG - Loading JSON file: /usr/local/lib/python3.9/site-packages/botocore/data/s3/2006-03-01/endpoint-rule-set-1.json.gz
2025-02-07 08:37:16 - DEBUG - Loading JSON file: /usr/local/lib/python3.9/site-packages/botocore/data/partitions.json
2025-02-07 08:37:16 - DEBUG - Loading JSON file: /usr/local/lib/python3.9/site-packages/botocore/data/s3/2006-03-01/endpoint-rule-set-1.json.gz
2025-02-07 08:37:16 - DEBUG - Loading JSON file: /usr/local/lib/python3.9/site-packages/botocore/data/s3/2006-03-01/endpoint-rule-set-1.json.gz
2025-02-07 08:37:16 - DEBUG - Event creating-client-class.s3: calling handler <function add_generate_presigned_post at 0x7f9512956940>
2025-02-07 08:37:16 - DEBUG - Loading JSON file: /usr/local/lib/python3.9/site-packages/botocore/data/partitions.json
2025-02-07 08:37:16 - DEBUG - Event creating-client-class.s3: calling handler <function lazy_call.<locals>._handler at 0x7f959acd8af0>
2025-02-07 08:37:16 - DEBUG - Event creating-client-class.s3: calling handler <function add_generate_presigned_post at 0x7fceddcbe940>
2025-02-07 08:37:16 - DEBUG - Loading JSON file: /usr/local/lib/python3.9/site-packages/botocore/data/partitions.json
2025-02-07 08:37:16 - DEBUG - Event creating-client-class.s3: calling handler <function lazy_call.<locals>._handler at 0x7fcf6447eaf0>
2025-02-07 08:37:16 - DEBUG - Loading JSON file: /usr/local/lib/python3.9/site-packages/botocore/data/partitions.json
2025-02-07 08:37:16 - DEBUG - Event creating-client-class.s3: calling handler <function add_generate_presigned_post at 0x7fc26f99d940>
2025-02-07 08:37:16 - DEBUG - Event creating-client-class.s3: calling handler <function lazy_call.<locals>._handler at 0x7fc2f9c68af0>
2025-02-07 08:37:16 - DEBUG - Event creating-client-class.s3: calling handler <function add_generate_presigned_post at 0x7f9e62464940>
2025-02-07 08:37:16 - DEBUG - Event creating-client-class.s3: calling handler <function lazy_call.<locals>._handler at 0x7f9ee8a80af0>
2025-02-07 08:37:17 - DEBUG - Event creating-client-class.s3: calling handler <function add_generate_presigned_url at 0x7f166964f700>
2025-02-07 08:37:17 - DEBUG - Event creating-client-class.s3: calling handler <function add_generate_presigned_url at 0x7f3a93a7a700>
2025-02-07 08:37:17 - DEBUG - Event creating-client-class.s3: calling handler <function add_generate_presigned_url at 0x7f4df2038700>
2025-02-07 08:37:17 - DEBUG - Event creating-client-class.s3: calling handler <function add_generate_presigned_url at 0x7f8ba6b74700>
2025-02-07 08:37:17 - DEBUG - Event creating-client-class.s3: calling handler <function add_generate_presigned_url at 0x7fceddcbe700>
2025-02-07 08:37:17 - DEBUG - Event creating-client-class.s3: calling handler <function add_generate_presigned_url at 0x7f9512956700>
2025-02-07 08:37:17 - DEBUG - Event creating-client-class.s3: calling handler <function add_generate_presigned_url at 0x7fc26f99d700>
2025-02-07 08:37:17 - DEBUG - Event creating-client-class.s3: calling handler <function add_generate_presigned_url at 0x7f9e62464700>
2025-02-07 08:37:46 - DEBUG - Changing event name from creating-client-class.iot-data to creating-client-class.iot-data-plane
2025-02-07 08:37:46 - DEBUG - Changing event name from before-call.apigateway to before-call.api-gateway
2025-02-07 08:37:46 - DEBUG - Changing event name from request-created.machinelearning.Predict to request-created.machine-learning.Predict
2025-02-07 08:37:46 - DEBUG - Changing event name from before-parameter-build.autoscaling.CreateLaunchConfiguration to before-parameter-build.auto-scaling.CreateLaunchConfiguration
2025-02-07 08:37:46 - DEBUG - Changing event name from before-parameter-build.route53 to before-parameter-build.route-53
2025-02-07 08:37:46 - DEBUG - Changing event name from request-created.cloudsearchdomain.Search to request-created.cloudsearch-domain.Search
2025-02-07 08:37:46 - DEBUG - Changing event name from docs.*.autoscaling.CreateLaunchConfiguration.complete-section to docs.*.auto-scaling.CreateLaunchConfiguration.complete-section
2025-02-07 08:37:46 - DEBUG - Changing event name from before-parameter-build.logs.CreateExportTask to before-parameter-build.cloudwatch-logs.CreateExportTask
2025-02-07 08:37:46 - DEBUG - Changing event name from docs.*.logs.CreateExportTask.complete-section to docs.*.cloudwatch-logs.CreateExportTask.complete-section
2025-02-07 08:37:46 - DEBUG - Changing event name from before-parameter-build.cloudsearchdomain.Search to before-parameter-build.cloudsearch-domain.Search
2025-02-07 08:37:46 - DEBUG - Changing event name from docs.*.cloudsearchdomain.Search.complete-section to docs.*.cloudsearch-domain.Search.complete-section
2025-02-07 08:37:46 - DEBUG - Loading JSON file: /usr/local/lib/python3.9/site-packages/botocore/data/endpoints.json
2025-02-07 08:37:46 - DEBUG - Loading JSON file: /usr/local/lib/python3.9/site-packages/botocore/data/sdk-default-configuration.json
2025-02-07 08:37:46 - DEBUG - Event choose-service-name: calling handler <function handle_service_name_alias at 0x7ffae92ae160>
2025-02-07 08:37:46 - DEBUG - Loading JSON file: /usr/local/lib/python3.9/site-packages/botocore/data/s3/2006-03-01/service-2.json.gz
2025-02-07 08:37:46 - DEBUG - Loading JSON file: /usr/local/lib/python3.9/site-packages/botocore/data/s3/2006-03-01/service-2.sdk-extras.json
2025-02-07 08:37:46 - DEBUG - Loading JSON file: /usr/local/lib/python3.9/site-packages/botocore/data/s3/2006-03-01/endpoint-rule-set-1.json.gz
2025-02-07 08:37:46 - DEBUG - Loading JSON file: /usr/local/lib/python3.9/site-packages/botocore/data/partitions.json
2025-02-07 08:37:46 - DEBUG - Event creating-client-class.s3: calling handler <function add_generate_presigned_post at 0x7ffae9063940>
2025-02-07 08:37:46 - DEBUG - Event creating-client-class.s3: calling handler <function lazy_call.<locals>._handler at 0x7ffb716d5af0>
2025-02-07 08:37:46 - DEBUG - Event creating-client-class.s3: calling handler <function add_generate_presigned_url at 0x7ffae9063700>
2025-02-07 08:37:51 - DEBUG - Changing event name from creating-client-class.iot-data to creating-client-class.iot-data-plane
2025-02-07 08:37:51 - DEBUG - Changing event name from before-call.apigateway to before-call.api-gateway
2025-02-07 08:37:51 - DEBUG - Changing event name from request-created.machinelearning.Predict to request-created.machine-learning.Predict
2025-02-07 08:37:51 - DEBUG - Changing event name from before-parameter-build.autoscaling.CreateLaunchConfiguration to before-parameter-build.auto-scaling.CreateLaunchConfiguration
2025-02-07 08:37:51 - DEBUG - Changing event name from before-parameter-build.route53 to before-parameter-build.route-53
2025-02-07 08:37:51 - DEBUG - Changing event name from request-created.cloudsearchdomain.Search to request-created.cloudsearch-domain.Search
2025-02-07 08:37:51 - DEBUG - Changing event name from docs.*.autoscaling.CreateLaunchConfiguration.complete-section to docs.*.auto-scaling.CreateLaunchConfiguration.complete-section
2025-02-07 08:37:51 - DEBUG - Changing event name from before-parameter-build.logs.CreateExportTask to before-parameter-build.cloudwatch-logs.CreateExportTask
2025-02-07 08:37:51 - DEBUG - Changing event name from docs.*.logs.CreateExportTask.complete-section to docs.*.cloudwatch-logs.CreateExportTask.complete-section
2025-02-07 08:37:51 - DEBUG - Changing event name from before-parameter-build.cloudsearchdomain.Search to before-parameter-build.cloudsearch-domain.Search
2025-02-07 08:37:51 - DEBUG - Changing event name from docs.*.cloudsearchdomain.Search.complete-section to docs.*.cloudsearch-domain.Search.complete-section
2025-02-07 08:37:51 - DEBUG - Loading JSON file: /usr/local/lib/python3.9/site-packages/botocore/data/endpoints.json
2025-02-07 08:37:51 - DEBUG - Changing event name from creating-client-class.iot-data to creating-client-class.iot-data-plane
2025-02-07 08:37:51 - DEBUG - Changing event name from before-call.apigateway to before-call.api-gateway
2025-02-07 08:37:51 - DEBUG - Changing event name from request-created.machinelearning.Predict to request-created.machine-learning.Predict
2025-02-07 08:37:51 - DEBUG - Changing event name from before-parameter-build.autoscaling.CreateLaunchConfiguration to before-parameter-build.auto-scaling.CreateLaunchConfiguration
2025-02-07 08:37:51 - DEBUG - Changing event name from before-parameter-build.route53 to before-parameter-build.route-53
2025-02-07 08:37:51 - DEBUG - Changing event name from request-created.cloudsearchdomain.Search to request-created.cloudsearch-domain.Search
2025-02-07 08:37:51 - DEBUG - Changing event name from docs.*.autoscaling.CreateLaunchConfiguration.complete-section to docs.*.auto-scaling.CreateLaunchConfiguration.complete-section
2025-02-07 08:37:51 - DEBUG - Changing event name from before-parameter-build.logs.CreateExportTask to before-parameter-build.cloudwatch-logs.CreateExportTask
2025-02-07 08:37:51 - DEBUG - Changing event name from docs.*.logs.CreateExportTask.complete-section to docs.*.cloudwatch-logs.CreateExportTask.complete-section
2025-02-07 08:37:51 - DEBUG - Changing event name from before-parameter-build.cloudsearchdomain.Search to before-parameter-build.cloudsearch-domain.Search
2025-02-07 08:37:51 - DEBUG - Loading JSON file: /usr/local/lib/python3.9/site-packages/botocore/data/sdk-default-configuration.json
2025-02-07 08:37:51 - DEBUG - Changing event name from docs.*.cloudsearchdomain.Search.complete-section to docs.*.cloudsearch-domain.Search.complete-section
2025-02-07 08:37:51 - DEBUG - Event choose-service-name: calling handler <function handle_service_name_alias at 0x7fce39d6a160>
2025-02-07 08:37:51 - DEBUG - Loading JSON file: /usr/local/lib/python3.9/site-packages/botocore/data/endpoints.json
2025-02-07 08:37:51 - DEBUG - Loading JSON file: /usr/local/lib/python3.9/site-packages/botocore/data/s3/2006-03-01/service-2.json.gz
2025-02-07 08:37:51 - DEBUG - Loading JSON file: /usr/local/lib/python3.9/site-packages/botocore/data/sdk-default-configuration.json
2025-02-07 08:37:51 - DEBUG - Event choose-service-name: calling handler <function handle_service_name_alias at 0x7f3828dcb160>
2025-02-07 08:37:51 - DEBUG - Loading JSON file: /usr/local/lib/python3.9/site-packages/botocore/data/s3/2006-03-01/service-2.sdk-extras.json
2025-02-07 08:37:51 - DEBUG - Loading JSON file: /usr/local/lib/python3.9/site-packages/botocore/data/s3/2006-03-01/endpoint-rule-set-1.json.gz
2025-02-07 08:37:51 - DEBUG - Loading JSON file: /usr/local/lib/python3.9/site-packages/botocore/data/partitions.json
2025-02-07 08:37:51 - DEBUG - Event creating-client-class.s3: calling handler <function add_generate_presigned_post at 0x7fce39b1f940>
2025-02-07 08:37:51 - DEBUG - Loading JSON file: /usr/local/lib/python3.9/site-packages/botocore/data/s3/2006-03-01/service-2.json.gz
2025-02-07 08:37:51 - DEBUG - Event creating-client-class.s3: calling handler <function lazy_call.<locals>._handler at 0x7fcec24d9af0>
2025-02-07 08:37:51 - DEBUG - Loading JSON file: /usr/local/lib/python3.9/site-packages/botocore/data/s3/2006-03-01/service-2.sdk-extras.json
2025-02-07 08:37:51 - DEBUG - Loading JSON file: /usr/local/lib/python3.9/site-packages/botocore/data/s3/2006-03-01/endpoint-rule-set-1.json.gz
2025-02-07 08:37:51 - DEBUG - Loading JSON file: /usr/local/lib/python3.9/site-packages/botocore/data/partitions.json
2025-02-07 08:37:51 - DEBUG - Event creating-client-class.s3: calling handler <function add_generate_presigned_post at 0x7f3828b80940>
2025-02-07 08:37:51 - DEBUG - Event creating-client-class.s3: calling handler <function lazy_call.<locals>._handler at 0x7f38b13ecaf0>
2025-02-07 08:37:51 - DEBUG - Changing event name from creating-client-class.iot-data to creating-client-class.iot-data-plane
2025-02-07 08:37:51 - DEBUG - Changing event name from before-call.apigateway to before-call.api-gateway
2025-02-07 08:37:51 - DEBUG - Changing event name from request-created.machinelearning.Predict to request-created.machine-learning.Predict
2025-02-07 08:37:51 - DEBUG - Changing event name from before-parameter-build.autoscaling.CreateLaunchConfiguration to before-parameter-build.auto-scaling.CreateLaunchConfiguration
2025-02-07 08:37:51 - DEBUG - Changing event name from before-parameter-build.route53 to before-parameter-build.route-53
2025-02-07 08:37:51 - DEBUG - Changing event name from request-created.cloudsearchdomain.Search to request-created.cloudsearch-domain.Search
2025-02-07 08:37:51 - DEBUG - Changing event name from docs.*.autoscaling.CreateLaunchConfiguration.complete-section to docs.*.auto-scaling.CreateLaunchConfiguration.complete-section
2025-02-07 08:37:51 - DEBUG - Changing event name from before-parameter-build.logs.CreateExportTask to before-parameter-build.cloudwatch-logs.CreateExportTask
2025-02-07 08:37:51 - DEBUG - Changing event name from docs.*.logs.CreateExportTask.complete-section to docs.*.cloudwatch-logs.CreateExportTask.complete-section
2025-02-07 08:37:51 - DEBUG - Changing event name from before-parameter-build.cloudsearchdomain.Search to before-parameter-build.cloudsearch-domain.Search
2025-02-07 08:37:51 - DEBUG - Changing event name from docs.*.cloudsearchdomain.Search.complete-section to docs.*.cloudsearch-domain.Search.complete-section
2025-02-07 08:37:51 - DEBUG - Loading JSON file: /usr/local/lib/python3.9/site-packages/botocore/data/endpoints.json
2025-02-07 08:37:51 - DEBUG - Loading JSON file: /usr/local/lib/python3.9/site-packages/botocore/data/sdk-default-configuration.json
2025-02-07 08:37:51 - DEBUG - Event choose-service-name: calling handler <function handle_service_name_alias at 0x7f18230dc160>
2025-02-07 08:37:51 - DEBUG - Loading JSON file: /usr/local/lib/python3.9/site-packages/botocore/data/s3/2006-03-01/service-2.json.gz
2025-02-07 08:37:51 - DEBUG - Loading JSON file: /usr/local/lib/python3.9/site-packages/botocore/data/s3/2006-03-01/service-2.sdk-extras.json
2025-02-07 08:37:51 - DEBUG - Changing event name from creating-client-class.iot-data to creating-client-class.iot-data-plane
2025-02-07 08:37:51 - DEBUG - Loading JSON file: /usr/local/lib/python3.9/site-packages/botocore/data/s3/2006-03-01/endpoint-rule-set-1.json.gz
2025-02-07 08:37:51 - DEBUG - Changing event name from before-call.apigateway to before-call.api-gateway
2025-02-07 08:37:51 - DEBUG - Changing event name from request-created.machinelearning.Predict to request-created.machine-learning.Predict
2025-02-07 08:37:51 - DEBUG - Changing event name from before-parameter-build.autoscaling.CreateLaunchConfiguration to before-parameter-build.auto-scaling.CreateLaunchConfiguration
2025-02-07 08:37:51 - DEBUG - Loading JSON file: /usr/local/lib/python3.9/site-packages/botocore/data/partitions.json
2025-02-07 08:37:51 - DEBUG - Changing event name from before-parameter-build.route53 to before-parameter-build.route-53
2025-02-07 08:37:51 - DEBUG - Changing event name from request-created.cloudsearchdomain.Search to request-created.cloudsearch-domain.Search
2025-02-07 08:37:51 - DEBUG - Changing event name from docs.*.autoscaling.CreateLaunchConfiguration.complete-section to docs.*.auto-scaling.CreateLaunchConfiguration.complete-section
2025-02-07 08:37:51 - DEBUG - Changing event name from before-parameter-build.logs.CreateExportTask to before-parameter-build.cloudwatch-logs.CreateExportTask
2025-02-07 08:37:51 - DEBUG - Changing event name from docs.*.logs.CreateExportTask.complete-section to docs.*.cloudwatch-logs.CreateExportTask.complete-section
2025-02-07 08:37:51 - DEBUG - Event creating-client-class.s3: calling handler <function add_generate_presigned_post at 0x7f1822e92940>
2025-02-07 08:37:51 - DEBUG - Changing event name from before-parameter-build.cloudsearchdomain.Search to before-parameter-build.cloudsearch-domain.Search
2025-02-07 08:37:51 - DEBUG - Event creating-client-class.s3: calling handler <function lazy_call.<locals>._handler at 0x7f18ab575af0>
2025-02-07 08:37:51 - DEBUG - Changing event name from docs.*.cloudsearchdomain.Search.complete-section to docs.*.cloudsearch-domain.Search.complete-section
2025-02-07 08:37:51 - DEBUG - Loading JSON file: /usr/local/lib/python3.9/site-packages/botocore/data/endpoints.json
2025-02-07 08:37:52 - DEBUG - Loading JSON file: /usr/local/lib/python3.9/site-packages/botocore/data/sdk-default-configuration.json
2025-02-07 08:37:52 - DEBUG - Event choose-service-name: calling handler <function handle_service_name_alias at 0x7fd97e038160>
2025-02-07 08:37:52 - DEBUG - Changing event name from creating-client-class.iot-data to creating-client-class.iot-data-plane
2025-02-07 08:37:52 - DEBUG - Changing event name from creating-client-class.iot-data to creating-client-class.iot-data-plane
2025-02-07 08:37:52 - DEBUG - Changing event name from before-call.apigateway to before-call.api-gateway
2025-02-07 08:37:52 - DEBUG - Changing event name from before-call.apigateway to before-call.api-gateway
2025-02-07 08:37:52 - DEBUG - Changing event name from request-created.machinelearning.Predict to request-created.machine-learning.Predict
2025-02-07 08:37:52 - DEBUG - Changing event name from request-created.machinelearning.Predict to request-created.machine-learning.Predict
2025-02-07 08:37:52 - DEBUG - Changing event name from before-parameter-build.autoscaling.CreateLaunchConfiguration to before-parameter-build.auto-scaling.CreateLaunchConfiguration
2025-02-07 08:37:52 - DEBUG - Changing event name from before-parameter-build.autoscaling.CreateLaunchConfiguration to before-parameter-build.auto-scaling.CreateLaunchConfiguration
2025-02-07 08:37:52 - DEBUG - Changing event name from before-parameter-build.route53 to before-parameter-build.route-53
2025-02-07 08:37:52 - DEBUG - Changing event name from before-parameter-build.route53 to before-parameter-build.route-53
2025-02-07 08:37:52 - DEBUG - Changing event name from request-created.cloudsearchdomain.Search to request-created.cloudsearch-domain.Search
2025-02-07 08:37:52 - DEBUG - Changing event name from request-created.cloudsearchdomain.Search to request-created.cloudsearch-domain.Search
2025-02-07 08:37:52 - DEBUG - Changing event name from docs.*.autoscaling.CreateLaunchConfiguration.complete-section to docs.*.auto-scaling.CreateLaunchConfiguration.complete-section
2025-02-07 08:37:52 - DEBUG - Changing event name from docs.*.autoscaling.CreateLaunchConfiguration.complete-section to docs.*.auto-scaling.CreateLaunchConfiguration.complete-section
2025-02-07 08:37:52 - DEBUG - Changing event name from before-parameter-build.logs.CreateExportTask to before-parameter-build.cloudwatch-logs.CreateExportTask
2025-02-07 08:37:52 - DEBUG - Changing event name from docs.*.logs.CreateExportTask.complete-section to docs.*.cloudwatch-logs.CreateExportTask.complete-section
2025-02-07 08:37:52 - DEBUG - Changing event name from before-parameter-build.logs.CreateExportTask to before-parameter-build.cloudwatch-logs.CreateExportTask
2025-02-07 08:37:52 - DEBUG - Changing event name from before-parameter-build.cloudsearchdomain.Search to before-parameter-build.cloudsearch-domain.Search
2025-02-07 08:37:52 - DEBUG - Changing event name from docs.*.logs.CreateExportTask.complete-section to docs.*.cloudwatch-logs.CreateExportTask.complete-section
2025-02-07 08:37:52 - DEBUG - Changing event name from docs.*.cloudsearchdomain.Search.complete-section to docs.*.cloudsearch-domain.Search.complete-section
2025-02-07 08:37:52 - DEBUG - Changing event name from before-parameter-build.cloudsearchdomain.Search to before-parameter-build.cloudsearch-domain.Search
2025-02-07 08:37:52 - DEBUG - Changing event name from docs.*.cloudsearchdomain.Search.complete-section to docs.*.cloudsearch-domain.Search.complete-section
2025-02-07 08:37:52 - DEBUG - Loading JSON file: /usr/local/lib/python3.9/site-packages/botocore/data/s3/2006-03-01/service-2.json.gz
2025-02-07 08:37:52 - DEBUG - Loading JSON file: /usr/local/lib/python3.9/site-packages/botocore/data/endpoints.json
2025-02-07 08:37:52 - DEBUG - Loading JSON file: /usr/local/lib/python3.9/site-packages/botocore/data/endpoints.json
2025-02-07 08:37:52 - DEBUG - Loading JSON file: /usr/local/lib/python3.9/site-packages/botocore/data/s3/2006-03-01/service-2.sdk-extras.json
2025-02-07 08:37:52 - DEBUG - Loading JSON file: /usr/local/lib/python3.9/site-packages/botocore/data/sdk-default-configuration.json
2025-02-07 08:37:52 - DEBUG - Event choose-service-name: calling handler <function handle_service_name_alias at 0x7ff51e7f9160>
2025-02-07 08:37:52 - DEBUG - Loading JSON file: /usr/local/lib/python3.9/site-packages/botocore/data/sdk-default-configuration.json
2025-02-07 08:37:52 - DEBUG - Loading JSON file: /usr/local/lib/python3.9/site-packages/botocore/data/s3/2006-03-01/endpoint-rule-set-1.json.gz
2025-02-07 08:37:52 - DEBUG - Event choose-service-name: calling handler <function handle_service_name_alias at 0x7fb6ede84160>
2025-02-07 08:37:52 - DEBUG - Loading JSON file: /usr/local/lib/python3.9/site-packages/botocore/data/partitions.json
2025-02-07 08:37:52 - DEBUG - Event creating-client-class.s3: calling handler <function add_generate_presigned_post at 0x7fd97dded940>
2025-02-07 08:37:52 - DEBUG - Event creating-client-class.s3: calling handler <function lazy_call.<locals>._handler at 0x7fda060d4af0>
2025-02-07 08:37:52 - DEBUG - Changing event name from creating-client-class.iot-data to creating-client-class.iot-data-plane
2025-02-07 08:37:52 - DEBUG - Loading JSON file: /usr/local/lib/python3.9/site-packages/botocore/data/s3/2006-03-01/service-2.json.gz
2025-02-07 08:37:52 - DEBUG - Changing event name from before-call.apigateway to before-call.api-gateway
2025-02-07 08:37:52 - DEBUG - Changing event name from request-created.machinelearning.Predict to request-created.machine-learning.Predict
2025-02-07 08:37:52 - DEBUG - Changing event name from before-parameter-build.autoscaling.CreateLaunchConfiguration to before-parameter-build.auto-scaling.CreateLaunchConfiguration
2025-02-07 08:37:52 - DEBUG - Loading JSON file: /usr/local/lib/python3.9/site-packages/botocore/data/s3/2006-03-01/service-2.json.gz
2025-02-07 08:37:52 - DEBUG - Changing event name from before-parameter-build.route53 to before-parameter-build.route-53
2025-02-07 08:37:52 - DEBUG - Changing event name from request-created.cloudsearchdomain.Search to request-created.cloudsearch-domain.Search
2025-02-07 08:37:52 - DEBUG - Changing event name from docs.*.autoscaling.CreateLaunchConfiguration.complete-section to docs.*.auto-scaling.CreateLaunchConfiguration.complete-section
2025-02-07 08:37:52 - DEBUG - Changing event name from before-parameter-build.logs.CreateExportTask to before-parameter-build.cloudwatch-logs.CreateExportTask
2025-02-07 08:37:52 - DEBUG - Changing event name from docs.*.logs.CreateExportTask.complete-section to docs.*.cloudwatch-logs.CreateExportTask.complete-section
2025-02-07 08:37:52 - DEBUG - Changing event name from before-parameter-build.cloudsearchdomain.Search to before-parameter-build.cloudsearch-domain.Search
2025-02-07 08:37:52 - DEBUG - Changing event name from docs.*.cloudsearchdomain.Search.complete-section to docs.*.cloudsearch-domain.Search.complete-section
2025-02-07 08:37:52 - DEBUG - Loading JSON file: /usr/local/lib/python3.9/site-packages/botocore/data/endpoints.json
2025-02-07 08:37:52 - DEBUG - Loading JSON file: /usr/local/lib/python3.9/site-packages/botocore/data/s3/2006-03-01/service-2.sdk-extras.json
2025-02-07 08:37:52 - DEBUG - Loading JSON file: /usr/local/lib/python3.9/site-packages/botocore/data/s3/2006-03-01/service-2.sdk-extras.json
2025-02-07 08:37:52 - DEBUG - Loading JSON file: /usr/local/lib/python3.9/site-packages/botocore/data/s3/2006-03-01/endpoint-rule-set-1.json.gz
2025-02-07 08:37:52 - DEBUG - Loading JSON file: /usr/local/lib/python3.9/site-packages/botocore/data/s3/2006-03-01/endpoint-rule-set-1.json.gz
2025-02-07 08:37:52 - DEBUG - Loading JSON file: /usr/local/lib/python3.9/site-packages/botocore/data/partitions.json
2025-02-07 08:37:52 - DEBUG - Loading JSON file: /usr/local/lib/python3.9/site-packages/botocore/data/partitions.json
2025-02-07 08:37:52 - DEBUG - Loading JSON file: /usr/local/lib/python3.9/site-packages/botocore/data/sdk-default-configuration.json
2025-02-07 08:37:52 - DEBUG - Event choose-service-name: calling handler <function handle_service_name_alias at 0x7f1931a74160>
2025-02-07 08:37:52 - DEBUG - Event creating-client-class.s3: calling handler <function add_generate_presigned_post at 0x7ff51e5ad940>
2025-02-07 08:37:52 - DEBUG - Event creating-client-class.s3: calling handler <function lazy_call.<locals>._handler at 0x7ff5a6ad2af0>
2025-02-07 08:37:52 - DEBUG - Event creating-client-class.s3: calling handler <function add_generate_presigned_post at 0x7fb6edc3a940>
2025-02-07 08:37:52 - DEBUG - Event creating-client-class.s3: calling handler <function lazy_call.<locals>._handler at 0x7fb7760d3af0>
2025-02-07 08:37:52 - DEBUG - Loading JSON file: /usr/local/lib/python3.9/site-packages/botocore/data/s3/2006-03-01/service-2.json.gz
2025-02-07 08:37:52 - DEBUG - Loading JSON file: /usr/local/lib/python3.9/site-packages/botocore/data/s3/2006-03-01/service-2.sdk-extras.json
2025-02-07 08:37:52 - DEBUG - Loading JSON file: /usr/local/lib/python3.9/site-packages/botocore/data/s3/2006-03-01/endpoint-rule-set-1.json.gz
2025-02-07 08:37:52 - DEBUG - Event creating-client-class.s3: calling handler <function add_generate_presigned_url at 0x7fce39b1f700>
2025-02-07 08:37:52 - DEBUG - Loading JSON file: /usr/local/lib/python3.9/site-packages/botocore/data/partitions.json
2025-02-07 08:37:52 - DEBUG - Event creating-client-class.s3: calling handler <function add_generate_presigned_post at 0x7f1931829940>
2025-02-07 08:37:52 - DEBUG - Event creating-client-class.s3: calling handler <function lazy_call.<locals>._handler at 0x7f19b9ed3af0>
2025-02-07 08:37:52 - DEBUG - Event creating-client-class.s3: calling handler <function add_generate_presigned_url at 0x7f3828b80700>
2025-02-07 08:37:53 - DEBUG - Event creating-client-class.s3: calling handler <function add_generate_presigned_url at 0x7f1822e92700>
2025-02-07 08:37:53 - DEBUG - Event creating-client-class.s3: calling handler <function add_generate_presigned_url at 0x7fd97dded700>
2025-02-07 08:37:53 - DEBUG - Event creating-client-class.s3: calling handler <function add_generate_presigned_url at 0x7ff51e5ad700>
2025-02-07 08:37:53 - DEBUG - Event creating-client-class.s3: calling handler <function add_generate_presigned_url at 0x7fb6edc3a700>
2025-02-07 08:37:53 - DEBUG - Event creating-client-class.s3: calling handler <function add_generate_presigned_url at 0x7f1931829700>
2025-02-07 08:38:10 - DEBUG - Changing event name from creating-client-class.iot-data to creating-client-class.iot-data-plane
2025-02-07 08:38:10 - DEBUG - Changing event name from before-call.apigateway to before-call.api-gateway
2025-02-07 08:38:10 - DEBUG - Changing event name from request-created.machinelearning.Predict to request-created.machine-learning.Predict
2025-02-07 08:38:10 - DEBUG - Changing event name from before-parameter-build.autoscaling.CreateLaunchConfiguration to before-parameter-build.auto-scaling.CreateLaunchConfiguration
2025-02-07 08:38:10 - DEBUG - Changing event name from before-parameter-build.route53 to before-parameter-build.route-53
2025-02-07 08:38:10 - DEBUG - Changing event name from request-created.cloudsearchdomain.Search to request-created.cloudsearch-domain.Search
2025-02-07 08:38:10 - DEBUG - Changing event name from docs.*.autoscaling.CreateLaunchConfiguration.complete-section to docs.*.auto-scaling.CreateLaunchConfiguration.complete-section
2025-02-07 08:38:10 - DEBUG - Changing event name from before-parameter-build.logs.CreateExportTask to before-parameter-build.cloudwatch-logs.CreateExportTask
2025-02-07 08:38:10 - DEBUG - Changing event name from docs.*.logs.CreateExportTask.complete-section to docs.*.cloudwatch-logs.CreateExportTask.complete-section
2025-02-07 08:38:10 - DEBUG - Changing event name from before-parameter-build.cloudsearchdomain.Search to before-parameter-build.cloudsearch-domain.Search
2025-02-07 08:38:10 - DEBUG - Changing event name from docs.*.cloudsearchdomain.Search.complete-section to docs.*.cloudsearch-domain.Search.complete-section
2025-02-07 08:38:10 - DEBUG - Loading JSON file: /usr/local/lib/python3.9/site-packages/botocore/data/endpoints.json
2025-02-07 08:38:10 - DEBUG - Loading JSON file: /usr/local/lib/python3.9/site-packages/botocore/data/sdk-default-configuration.json
2025-02-07 08:38:10 - DEBUG - Event choose-service-name: calling handler <function handle_service_name_alias at 0x7fe43f333160>
2025-02-07 08:38:10 - DEBUG - Loading JSON file: /usr/local/lib/python3.9/site-packages/botocore/data/s3/2006-03-01/service-2.json.gz
2025-02-07 08:38:10 - DEBUG - Loading JSON file: /usr/local/lib/python3.9/site-packages/botocore/data/s3/2006-03-01/service-2.sdk-extras.json
2025-02-07 08:38:10 - DEBUG - Loading JSON file: /usr/local/lib/python3.9/site-packages/botocore/data/s3/2006-03-01/endpoint-rule-set-1.json.gz
2025-02-07 08:38:10 - DEBUG - Loading JSON file: /usr/local/lib/python3.9/site-packages/botocore/data/partitions.json
2025-02-07 08:38:10 - DEBUG - Event creating-client-class.s3: calling handler <function add_generate_presigned_post at 0x7fe43f0e7940>
2025-02-07 08:38:10 - DEBUG - Event creating-client-class.s3: calling handler <function lazy_call.<locals>._handler at 0x7fe4c7059af0>
2025-02-07 08:38:11 - DEBUG - Event creating-client-class.s3: calling handler <function add_generate_presigned_url at 0x7fe43f0e7700>
2025-02-07 08:38:18 - DEBUG - Changing event name from creating-client-class.iot-data to creating-client-class.iot-data-plane
2025-02-07 08:38:18 - DEBUG - Changing event name from before-call.apigateway to before-call.api-gateway
2025-02-07 08:38:18 - DEBUG - Changing event name from request-created.machinelearning.Predict to request-created.machine-learning.Predict
2025-02-07 08:38:19 - DEBUG - Changing event name from creating-client-class.iot-data to creating-client-class.iot-data-plane
2025-02-07 08:38:19 - DEBUG - Changing event name from before-parameter-build.autoscaling.CreateLaunchConfiguration to before-parameter-build.auto-scaling.CreateLaunchConfiguration
2025-02-07 08:38:19 - DEBUG - Changing event name from creating-client-class.iot-data to creating-client-class.iot-data-plane
2025-02-07 08:38:19 - DEBUG - Changing event name from before-call.apigateway to before-call.api-gateway
2025-02-07 08:38:19 - DEBUG - Changing event name from before-parameter-build.route53 to before-parameter-build.route-53
2025-02-07 08:38:19 - DEBUG - Changing event name from request-created.machinelearning.Predict to request-created.machine-learning.Predict
2025-02-07 08:38:19 - DEBUG - Changing event name from request-created.cloudsearchdomain.Search to request-created.cloudsearch-domain.Search
2025-02-07 08:38:19 - DEBUG - Changing event name from docs.*.autoscaling.CreateLaunchConfiguration.complete-section to docs.*.auto-scaling.CreateLaunchConfiguration.complete-section
2025-02-07 08:38:19 - DEBUG - Changing event name from before-call.apigateway to before-call.api-gateway
2025-02-07 08:38:19 - DEBUG - Changing event name from before-parameter-build.autoscaling.CreateLaunchConfiguration to before-parameter-build.auto-scaling.CreateLaunchConfiguration
2025-02-07 08:38:19 - DEBUG - Changing event name from before-parameter-build.route53 to before-parameter-build.route-53
2025-02-07 08:38:19 - DEBUG - Changing event name from request-created.machinelearning.Predict to request-created.machine-learning.Predict
2025-02-07 08:38:19 - DEBUG - Changing event name from before-parameter-build.logs.CreateExportTask to before-parameter-build.cloudwatch-logs.CreateExportTask
2025-02-07 08:38:19 - DEBUG - Changing event name from request-created.cloudsearchdomain.Search to request-created.cloudsearch-domain.Search
2025-02-07 08:38:19 - DEBUG - Changing event name from before-parameter-build.autoscaling.CreateLaunchConfiguration to before-parameter-build.auto-scaling.CreateLaunchConfiguration
2025-02-07 08:38:19 - DEBUG - Changing event name from before-parameter-build.route53 to before-parameter-build.route-53
2025-02-07 08:38:19 - DEBUG - Changing event name from docs.*.logs.CreateExportTask.complete-section to docs.*.cloudwatch-logs.CreateExportTask.complete-section
2025-02-07 08:38:19 - DEBUG - Changing event name from request-created.cloudsearchdomain.Search to request-created.cloudsearch-domain.Search
2025-02-07 08:38:19 - DEBUG - Changing event name from docs.*.autoscaling.CreateLaunchConfiguration.complete-section to docs.*.auto-scaling.CreateLaunchConfiguration.complete-section
2025-02-07 08:38:19 - DEBUG - Changing event name from before-parameter-build.cloudsearchdomain.Search to before-parameter-build.cloudsearch-domain.Search
2025-02-07 08:38:19 - DEBUG - Changing event name from docs.*.autoscaling.CreateLaunchConfiguration.complete-section to docs.*.auto-scaling.CreateLaunchConfiguration.complete-section
2025-02-07 08:38:19 - DEBUG - Changing event name from docs.*.cloudsearchdomain.Search.complete-section to docs.*.cloudsearch-domain.Search.complete-section
2025-02-07 08:38:19 - DEBUG - Changing event name from before-parameter-build.logs.CreateExportTask to before-parameter-build.cloudwatch-logs.CreateExportTask
2025-02-07 08:38:19 - DEBUG - Changing event name from docs.*.logs.CreateExportTask.complete-section to docs.*.cloudwatch-logs.CreateExportTask.complete-section
2025-02-07 08:38:19 - DEBUG - Changing event name from before-parameter-build.cloudsearchdomain.Search to before-parameter-build.cloudsearch-domain.Search
2025-02-07 08:38:19 - DEBUG - Changing event name from before-parameter-build.logs.CreateExportTask to before-parameter-build.cloudwatch-logs.CreateExportTask
2025-02-07 08:38:19 - DEBUG - Changing event name from docs.*.cloudsearchdomain.Search.complete-section to docs.*.cloudsearch-domain.Search.complete-section
2025-02-07 08:38:19 - DEBUG - Changing event name from docs.*.logs.CreateExportTask.complete-section to docs.*.cloudwatch-logs.CreateExportTask.complete-section
2025-02-07 08:38:19 - DEBUG - Changing event name from before-parameter-build.cloudsearchdomain.Search to before-parameter-build.cloudsearch-domain.Search
2025-02-07 08:38:19 - DEBUG - Changing event name from docs.*.cloudsearchdomain.Search.complete-section to docs.*.cloudsearch-domain.Search.complete-section
2025-02-07 08:38:19 - DEBUG - Loading JSON file: /usr/local/lib/python3.9/site-packages/botocore/data/endpoints.json
2025-02-07 08:38:19 - DEBUG - Loading JSON file: /usr/local/lib/python3.9/site-packages/botocore/data/endpoints.json
2025-02-07 08:38:19 - DEBUG - Loading JSON file: /usr/local/lib/python3.9/site-packages/botocore/data/endpoints.json
2025-02-07 08:38:19 - DEBUG - Changing event name from creating-client-class.iot-data to creating-client-class.iot-data-plane
2025-02-07 08:38:19 - DEBUG - Changing event name from before-call.apigateway to before-call.api-gateway
2025-02-07 08:38:19 - DEBUG - Changing event name from request-created.machinelearning.Predict to request-created.machine-learning.Predict
2025-02-07 08:38:19 - DEBUG - Changing event name from before-parameter-build.autoscaling.CreateLaunchConfiguration to before-parameter-build.auto-scaling.CreateLaunchConfiguration
2025-02-07 08:38:19 - DEBUG - Changing event name from before-parameter-build.route53 to before-parameter-build.route-53
2025-02-07 08:38:19 - DEBUG - Loading JSON file: /usr/local/lib/python3.9/site-packages/botocore/data/sdk-default-configuration.json
2025-02-07 08:38:19 - DEBUG - Changing event name from request-created.cloudsearchdomain.Search to request-created.cloudsearch-domain.Search
2025-02-07 08:38:19 - DEBUG - Loading JSON file: /usr/local/lib/python3.9/site-packages/botocore/data/sdk-default-configuration.json
2025-02-07 08:38:19 - DEBUG - Event choose-service-name: calling handler <function handle_service_name_alias at 0x7f3dd57b0160>
2025-02-07 08:38:19 - DEBUG - Changing event name from docs.*.autoscaling.CreateLaunchConfiguration.complete-section to docs.*.auto-scaling.CreateLaunchConfiguration.complete-section
2025-02-07 08:38:19 - DEBUG - Event choose-service-name: calling handler <function handle_service_name_alias at 0x7fd8713b4160>
2025-02-07 08:38:19 - DEBUG - Loading JSON file: /usr/local/lib/python3.9/site-packages/botocore/data/sdk-default-configuration.json
2025-02-07 08:38:19 - DEBUG - Changing event name from before-parameter-build.logs.CreateExportTask to before-parameter-build.cloudwatch-logs.CreateExportTask
2025-02-07 08:38:19 - DEBUG - Changing event name from docs.*.logs.CreateExportTask.complete-section to docs.*.cloudwatch-logs.CreateExportTask.complete-section
2025-02-07 08:38:19 - DEBUG - Event choose-service-name: calling handler <function handle_service_name_alias at 0x7f9f61225160>
2025-02-07 08:38:19 - DEBUG - Changing event name from before-parameter-build.cloudsearchdomain.Search to before-parameter-build.cloudsearch-domain.Search
2025-02-07 08:38:19 - DEBUG - Changing event name from docs.*.cloudsearchdomain.Search.complete-section to docs.*.cloudsearch-domain.Search.complete-section
2025-02-07 08:38:19 - DEBUG - Loading JSON file: /usr/local/lib/python3.9/site-packages/botocore/data/endpoints.json
2025-02-07 08:38:19 - DEBUG - Loading JSON file: /usr/local/lib/python3.9/site-packages/botocore/data/s3/2006-03-01/service-2.json.gz
2025-02-07 08:38:19 - DEBUG - Loading JSON file: /usr/local/lib/python3.9/site-packages/botocore/data/s3/2006-03-01/service-2.json.gz
2025-02-07 08:38:19 - DEBUG - Loading JSON file: /usr/local/lib/python3.9/site-packages/botocore/data/s3/2006-03-01/service-2.json.gz
2025-02-07 08:38:19 - DEBUG - Loading JSON file: /usr/local/lib/python3.9/site-packages/botocore/data/s3/2006-03-01/service-2.sdk-extras.json
2025-02-07 08:38:19 - DEBUG - Loading JSON file: /usr/local/lib/python3.9/site-packages/botocore/data/s3/2006-03-01/service-2.sdk-extras.json
2025-02-07 08:38:19 - DEBUG - Loading JSON file: /usr/local/lib/python3.9/site-packages/botocore/data/sdk-default-configuration.json
2025-02-07 08:38:19 - DEBUG - Event choose-service-name: calling handler <function handle_service_name_alias at 0x7f096d723160>
2025-02-07 08:38:19 - DEBUG - Loading JSON file: /usr/local/lib/python3.9/site-packages/botocore/data/s3/2006-03-01/service-2.sdk-extras.json
2025-02-07 08:38:19 - DEBUG - Loading JSON file: /usr/local/lib/python3.9/site-packages/botocore/data/s3/2006-03-01/endpoint-rule-set-1.json.gz
2025-02-07 08:38:19 - DEBUG - Loading JSON file: /usr/local/lib/python3.9/site-packages/botocore/data/s3/2006-03-01/endpoint-rule-set-1.json.gz
2025-02-07 08:38:19 - DEBUG - Loading JSON file: /usr/local/lib/python3.9/site-packages/botocore/data/partitions.json
2025-02-07 08:38:19 - DEBUG - Loading JSON file: /usr/local/lib/python3.9/site-packages/botocore/data/s3/2006-03-01/endpoint-rule-set-1.json.gz
2025-02-07 08:38:19 - DEBUG - Event creating-client-class.s3: calling handler <function add_generate_presigned_post at 0x7f3dd5564940>
2025-02-07 08:38:19 - DEBUG - Event creating-client-class.s3: calling handler <function lazy_call.<locals>._handler at 0x7f3e5dff0af0>
2025-02-07 08:38:19 - DEBUG - Loading JSON file: /usr/local/lib/python3.9/site-packages/botocore/data/partitions.json
2025-02-07 08:38:19 - DEBUG - Loading JSON file: /usr/local/lib/python3.9/site-packages/botocore/data/s3/2006-03-01/service-2.json.gz
2025-02-07 08:38:19 - DEBUG - Loading JSON file: /usr/local/lib/python3.9/site-packages/botocore/data/partitions.json
2025-02-07 08:38:19 - DEBUG - Event creating-client-class.s3: calling handler <function add_generate_presigned_post at 0x7fd871168940>
2025-02-07 08:38:19 - DEBUG - Event creating-client-class.s3: calling handler <function lazy_call.<locals>._handler at 0x7fd8f96d1af0>
2025-02-07 08:38:19 - DEBUG - Event creating-client-class.s3: calling handler <function add_generate_presigned_post at 0x7f9f60fda940>
2025-02-07 08:38:19 - DEBUG - Event creating-client-class.s3: calling handler <function lazy_call.<locals>._handler at 0x7f9fe99f0af0>
2025-02-07 08:38:19 - DEBUG - Loading JSON file: /usr/local/lib/python3.9/site-packages/botocore/data/s3/2006-03-01/service-2.sdk-extras.json
2025-02-07 08:38:19 - DEBUG - Loading JSON file: /usr/local/lib/python3.9/site-packages/botocore/data/s3/2006-03-01/endpoint-rule-set-1.json.gz
2025-02-07 08:38:19 - DEBUG - Loading JSON file: /usr/local/lib/python3.9/site-packages/botocore/data/partitions.json
2025-02-07 08:38:19 - DEBUG - Event creating-client-class.s3: calling handler <function add_generate_presigned_post at 0x7f096d4d8940>
2025-02-07 08:38:19 - DEBUG - Event creating-client-class.s3: calling handler <function lazy_call.<locals>._handler at 0x7f09f5ad4af0>
2025-02-07 08:38:19 - DEBUG - Changing event name from creating-client-class.iot-data to creating-client-class.iot-data-plane
2025-02-07 08:38:19 - DEBUG - Changing event name from before-call.apigateway to before-call.api-gateway
2025-02-07 08:38:19 - DEBUG - Changing event name from request-created.machinelearning.Predict to request-created.machine-learning.Predict
2025-02-07 08:38:19 - DEBUG - Changing event name from before-parameter-build.autoscaling.CreateLaunchConfiguration to before-parameter-build.auto-scaling.CreateLaunchConfiguration
2025-02-07 08:38:19 - DEBUG - Changing event name from creating-client-class.iot-data to creating-client-class.iot-data-plane
2025-02-07 08:38:19 - DEBUG - Changing event name from before-parameter-build.route53 to before-parameter-build.route-53
2025-02-07 08:38:19 - DEBUG - Changing event name from request-created.cloudsearchdomain.Search to request-created.cloudsearch-domain.Search
2025-02-07 08:38:19 - DEBUG - Changing event name from before-call.apigateway to before-call.api-gateway
2025-02-07 08:38:19 - DEBUG - Changing event name from docs.*.autoscaling.CreateLaunchConfiguration.complete-section to docs.*.auto-scaling.CreateLaunchConfiguration.complete-section
2025-02-07 08:38:19 - DEBUG - Changing event name from request-created.machinelearning.Predict to request-created.machine-learning.Predict
2025-02-07 08:38:19 - DEBUG - Changing event name from before-parameter-build.autoscaling.CreateLaunchConfiguration to before-parameter-build.auto-scaling.CreateLaunchConfiguration
2025-02-07 08:38:19 - DEBUG - Changing event name from before-parameter-build.route53 to before-parameter-build.route-53
2025-02-07 08:38:19 - DEBUG - Changing event name from request-created.cloudsearchdomain.Search to request-created.cloudsearch-domain.Search
2025-02-07 08:38:19 - DEBUG - Changing event name from before-parameter-build.logs.CreateExportTask to before-parameter-build.cloudwatch-logs.CreateExportTask
2025-02-07 08:38:19 - DEBUG - Changing event name from docs.*.logs.CreateExportTask.complete-section to docs.*.cloudwatch-logs.CreateExportTask.complete-section
2025-02-07 08:38:19 - DEBUG - Changing event name from before-parameter-build.cloudsearchdomain.Search to before-parameter-build.cloudsearch-domain.Search
2025-02-07 08:38:19 - DEBUG - Changing event name from docs.*.cloudsearchdomain.Search.complete-section to docs.*.cloudsearch-domain.Search.complete-section
2025-02-07 08:38:19 - DEBUG - Changing event name from docs.*.autoscaling.CreateLaunchConfiguration.complete-section to docs.*.auto-scaling.CreateLaunchConfiguration.complete-section
2025-02-07 08:38:19 - DEBUG - Changing event name from before-parameter-build.logs.CreateExportTask to before-parameter-build.cloudwatch-logs.CreateExportTask
2025-02-07 08:38:19 - DEBUG - Loading JSON file: /usr/local/lib/python3.9/site-packages/botocore/data/endpoints.json
2025-02-07 08:38:19 - DEBUG - Changing event name from docs.*.logs.CreateExportTask.complete-section to docs.*.cloudwatch-logs.CreateExportTask.complete-section
2025-02-07 08:38:19 - DEBUG - Changing event name from before-parameter-build.cloudsearchdomain.Search to before-parameter-build.cloudsearch-domain.Search
2025-02-07 08:38:19 - DEBUG - Changing event name from docs.*.cloudsearchdomain.Search.complete-section to docs.*.cloudsearch-domain.Search.complete-section
2025-02-07 08:38:19 - DEBUG - Loading JSON file: /usr/local/lib/python3.9/site-packages/botocore/data/endpoints.json
2025-02-07 08:38:19 - DEBUG - Loading JSON file: /usr/local/lib/python3.9/site-packages/botocore/data/sdk-default-configuration.json
2025-02-07 08:38:19 - DEBUG - Event choose-service-name: calling handler <function handle_service_name_alias at 0x7f49e99bb160>
2025-02-07 08:38:19 - DEBUG - Loading JSON file: /usr/local/lib/python3.9/site-packages/botocore/data/sdk-default-configuration.json
2025-02-07 08:38:19 - DEBUG - Event choose-service-name: calling handler <function handle_service_name_alias at 0x7f75d2797160>
2025-02-07 08:38:19 - DEBUG - Changing event name from creating-client-class.iot-data to creating-client-class.iot-data-plane
2025-02-07 08:38:19 - DEBUG - Changing event name from before-call.apigateway to before-call.api-gateway
2025-02-07 08:38:19 - DEBUG - Changing event name from request-created.machinelearning.Predict to request-created.machine-learning.Predict
2025-02-07 08:38:19 - DEBUG - Changing event name from before-parameter-build.autoscaling.CreateLaunchConfiguration to before-parameter-build.auto-scaling.CreateLaunchConfiguration
2025-02-07 08:38:19 - DEBUG - Changing event name from before-parameter-build.route53 to before-parameter-build.route-53
2025-02-07 08:38:19 - DEBUG - Changing event name from request-created.cloudsearchdomain.Search to request-created.cloudsearch-domain.Search
2025-02-07 08:38:19 - DEBUG - Changing event name from docs.*.autoscaling.CreateLaunchConfiguration.complete-section to docs.*.auto-scaling.CreateLaunchConfiguration.complete-section
2025-02-07 08:38:19 - DEBUG - Changing event name from before-parameter-build.logs.CreateExportTask to before-parameter-build.cloudwatch-logs.CreateExportTask
2025-02-07 08:38:19 - DEBUG - Changing event name from docs.*.logs.CreateExportTask.complete-section to docs.*.cloudwatch-logs.CreateExportTask.complete-section
2025-02-07 08:38:19 - DEBUG - Changing event name from before-parameter-build.cloudsearchdomain.Search to before-parameter-build.cloudsearch-domain.Search
2025-02-07 08:38:19 - DEBUG - Changing event name from docs.*.cloudsearchdomain.Search.complete-section to docs.*.cloudsearch-domain.Search.complete-section
2025-02-07 08:38:19 - DEBUG - Loading JSON file: /usr/local/lib/python3.9/site-packages/botocore/data/s3/2006-03-01/service-2.json.gz
2025-02-07 08:38:19 - DEBUG - Loading JSON file: /usr/local/lib/python3.9/site-packages/botocore/data/endpoints.json
2025-02-07 08:38:19 - DEBUG - Loading JSON file: /usr/local/lib/python3.9/site-packages/botocore/data/s3/2006-03-01/service-2.json.gz
2025-02-07 08:38:19 - DEBUG - Loading JSON file: /usr/local/lib/python3.9/site-packages/botocore/data/s3/2006-03-01/service-2.sdk-extras.json
2025-02-07 08:38:19 - DEBUG - Loading JSON file: /usr/local/lib/python3.9/site-packages/botocore/data/s3/2006-03-01/service-2.sdk-extras.json
2025-02-07 08:38:19 - DEBUG - Loading JSON file: /usr/local/lib/python3.9/site-packages/botocore/data/sdk-default-configuration.json
2025-02-07 08:38:19 - DEBUG - Event choose-service-name: calling handler <function handle_service_name_alias at 0x7fb2aff07160>
2025-02-07 08:38:19 - DEBUG - Loading JSON file: /usr/local/lib/python3.9/site-packages/botocore/data/s3/2006-03-01/endpoint-rule-set-1.json.gz
2025-02-07 08:38:19 - DEBUG - Loading JSON file: /usr/local/lib/python3.9/site-packages/botocore/data/partitions.json
2025-02-07 08:38:19 - DEBUG - Loading JSON file: /usr/local/lib/python3.9/site-packages/botocore/data/s3/2006-03-01/endpoint-rule-set-1.json.gz
2025-02-07 08:38:19 - DEBUG - Event creating-client-class.s3: calling handler <function add_generate_presigned_post at 0x7f49e9770940>
2025-02-07 08:38:19 - DEBUG - Event creating-client-class.s3: calling handler <function lazy_call.<locals>._handler at 0x7f4a72230af0>
2025-02-07 08:38:19 - DEBUG - Loading JSON file: /usr/local/lib/python3.9/site-packages/botocore/data/partitions.json
2025-02-07 08:38:19 - DEBUG - Event creating-client-class.s3: calling handler <function add_generate_presigned_post at 0x7f75d254c940>
2025-02-07 08:38:19 - DEBUG - Event creating-client-class.s3: calling handler <function lazy_call.<locals>._handler at 0x7f765b02faf0>
2025-02-07 08:38:19 - DEBUG - Loading JSON file: /usr/local/lib/python3.9/site-packages/botocore/data/s3/2006-03-01/service-2.json.gz
2025-02-07 08:38:19 - DEBUG - Loading JSON file: /usr/local/lib/python3.9/site-packages/botocore/data/s3/2006-03-01/service-2.sdk-extras.json
2025-02-07 08:38:19 - DEBUG - Loading JSON file: /usr/local/lib/python3.9/site-packages/botocore/data/s3/2006-03-01/endpoint-rule-set-1.json.gz
2025-02-07 08:38:19 - DEBUG - Loading JSON file: /usr/local/lib/python3.9/site-packages/botocore/data/partitions.json
2025-02-07 08:38:19 - DEBUG - Event creating-client-class.s3: calling handler <function add_generate_presigned_post at 0x7fb2afcbc940>
2025-02-07 08:38:19 - DEBUG - Event creating-client-class.s3: calling handler <function lazy_call.<locals>._handler at 0x7fb338058af0>
2025-02-07 08:38:20 - DEBUG - Event creating-client-class.s3: calling handler <function add_generate_presigned_url at 0x7f3dd5564700>
2025-02-07 08:38:20 - DEBUG - Event creating-client-class.s3: calling handler <function add_generate_presigned_url at 0x7fd871168700>
2025-02-07 08:38:20 - DEBUG - Event creating-client-class.s3: calling handler <function add_generate_presigned_url at 0x7f9f60fda700>
2025-02-07 08:38:20 - DEBUG - Event creating-client-class.s3: calling handler <function add_generate_presigned_url at 0x7f096d4d8700>
2025-02-07 08:38:21 - DEBUG - Event creating-client-class.s3: calling handler <function add_generate_presigned_url at 0x7f49e9770700>
2025-02-07 08:38:21 - DEBUG - Event creating-client-class.s3: calling handler <function add_generate_presigned_url at 0x7f75d254c700>
2025-02-07 08:38:21 - DEBUG - Event creating-client-class.s3: calling handler <function add_generate_presigned_url at 0x7fb2afcbc700>
2025-02-07 08:38:35 - DEBUG - Changing event name from creating-client-class.iot-data to creating-client-class.iot-data-plane
2025-02-07 08:38:35 - DEBUG - Changing event name from before-call.apigateway to before-call.api-gateway
2025-02-07 08:38:35 - DEBUG - Changing event name from request-created.machinelearning.Predict to request-created.machine-learning.Predict
2025-02-07 08:38:35 - DEBUG - Changing event name from before-parameter-build.autoscaling.CreateLaunchConfiguration to before-parameter-build.auto-scaling.CreateLaunchConfiguration
2025-02-07 08:38:35 - DEBUG - Changing event name from before-parameter-build.route53 to before-parameter-build.route-53
2025-02-07 08:38:35 - DEBUG - Changing event name from request-created.cloudsearchdomain.Search to request-created.cloudsearch-domain.Search
2025-02-07 08:38:35 - DEBUG - Changing event name from docs.*.autoscaling.CreateLaunchConfiguration.complete-section to docs.*.auto-scaling.CreateLaunchConfiguration.complete-section
2025-02-07 08:38:35 - DEBUG - Changing event name from before-parameter-build.logs.CreateExportTask to before-parameter-build.cloudwatch-logs.CreateExportTask
2025-02-07 08:38:35 - DEBUG - Changing event name from docs.*.logs.CreateExportTask.complete-section to docs.*.cloudwatch-logs.CreateExportTask.complete-section
2025-02-07 08:38:35 - DEBUG - Changing event name from before-parameter-build.cloudsearchdomain.Search to before-parameter-build.cloudsearch-domain.Search
2025-02-07 08:38:35 - DEBUG - Changing event name from docs.*.cloudsearchdomain.Search.complete-section to docs.*.cloudsearch-domain.Search.complete-section
2025-02-07 08:38:35 - DEBUG - Loading JSON file: /usr/local/lib/python3.9/site-packages/botocore/data/endpoints.json
2025-02-07 08:38:35 - DEBUG - Loading JSON file: /usr/local/lib/python3.9/site-packages/botocore/data/sdk-default-configuration.json
2025-02-07 08:38:35 - DEBUG - Event choose-service-name: calling handler <function handle_service_name_alias at 0x7f78f0711160>
2025-02-07 08:38:36 - DEBUG - Loading JSON file: /usr/local/lib/python3.9/site-packages/botocore/data/s3/2006-03-01/service-2.json.gz
2025-02-07 08:38:36 - DEBUG - Loading JSON file: /usr/local/lib/python3.9/site-packages/botocore/data/s3/2006-03-01/service-2.sdk-extras.json
2025-02-07 08:38:36 - DEBUG - Loading JSON file: /usr/local/lib/python3.9/site-packages/botocore/data/s3/2006-03-01/endpoint-rule-set-1.json.gz
2025-02-07 08:38:36 - DEBUG - Loading JSON file: /usr/local/lib/python3.9/site-packages/botocore/data/partitions.json
2025-02-07 08:38:36 - DEBUG - Event creating-client-class.s3: calling handler <function add_generate_presigned_post at 0x7f78f04c5940>
2025-02-07 08:38:36 - DEBUG - Event creating-client-class.s3: calling handler <function lazy_call.<locals>._handler at 0x7f79788d4af0>
2025-02-07 08:38:37 - DEBUG - Event creating-client-class.s3: calling handler <function add_generate_presigned_url at 0x7f78f04c5700>
2025-02-07 08:38:45 - DEBUG - Changing event name from creating-client-class.iot-data to creating-client-class.iot-data-plane
2025-02-07 08:38:45 - DEBUG - Changing event name from before-call.apigateway to before-call.api-gateway
2025-02-07 08:38:45 - DEBUG - Changing event name from request-created.machinelearning.Predict to request-created.machine-learning.Predict
2025-02-07 08:38:45 - DEBUG - Changing event name from before-parameter-build.autoscaling.CreateLaunchConfiguration to before-parameter-build.auto-scaling.CreateLaunchConfiguration
2025-02-07 08:38:45 - DEBUG - Changing event name from before-parameter-build.route53 to before-parameter-build.route-53
2025-02-07 08:38:45 - DEBUG - Changing event name from request-created.cloudsearchdomain.Search to request-created.cloudsearch-domain.Search
2025-02-07 08:38:45 - DEBUG - Changing event name from docs.*.autoscaling.CreateLaunchConfiguration.complete-section to docs.*.auto-scaling.CreateLaunchConfiguration.complete-section
2025-02-07 08:38:45 - DEBUG - Changing event name from before-parameter-build.logs.CreateExportTask to before-parameter-build.cloudwatch-logs.CreateExportTask
2025-02-07 08:38:45 - DEBUG - Changing event name from docs.*.logs.CreateExportTask.complete-section to docs.*.cloudwatch-logs.CreateExportTask.complete-section
2025-02-07 08:38:45 - DEBUG - Changing event name from before-parameter-build.cloudsearchdomain.Search to before-parameter-build.cloudsearch-domain.Search
2025-02-07 08:38:45 - DEBUG - Changing event name from docs.*.cloudsearchdomain.Search.complete-section to docs.*.cloudsearch-domain.Search.complete-section
2025-02-07 08:38:45 - DEBUG - Loading JSON file: /usr/local/lib/python3.9/site-packages/botocore/data/endpoints.json
2025-02-07 08:38:46 - DEBUG - Loading JSON file: /usr/local/lib/python3.9/site-packages/botocore/data/sdk-default-configuration.json
2025-02-07 08:38:46 - DEBUG - Event choose-service-name: calling handler <function handle_service_name_alias at 0x7fca57c5b160>
2025-02-07 08:38:46 - DEBUG - Loading JSON file: /usr/local/lib/python3.9/site-packages/botocore/data/s3/2006-03-01/service-2.json.gz
2025-02-07 08:38:46 - DEBUG - Loading JSON file: /usr/local/lib/python3.9/site-packages/botocore/data/s3/2006-03-01/service-2.sdk-extras.json
2025-02-07 08:38:46 - DEBUG - Loading JSON file: /usr/local/lib/python3.9/site-packages/botocore/data/s3/2006-03-01/endpoint-rule-set-1.json.gz
2025-02-07 08:38:46 - DEBUG - Loading JSON file: /usr/local/lib/python3.9/site-packages/botocore/data/partitions.json
2025-02-07 08:38:46 - DEBUG - Event creating-client-class.s3: calling handler <function add_generate_presigned_post at 0x7fca57a10940>
2025-02-07 08:38:46 - DEBUG - Event creating-client-class.s3: calling handler <function lazy_call.<locals>._handler at 0x7fcadf85aaf0>
2025-02-07 08:38:48 - DEBUG - Event creating-client-class.s3: calling handler <function add_generate_presigned_url at 0x7fca57a10700>
2025-02-07 08:38:55 - DEBUG - Changing event name from creating-client-class.iot-data to creating-client-class.iot-data-plane
2025-02-07 08:38:55 - DEBUG - Changing event name from before-call.apigateway to before-call.api-gateway
2025-02-07 08:38:55 - DEBUG - Changing event name from request-created.machinelearning.Predict to request-created.machine-learning.Predict
2025-02-07 08:38:55 - DEBUG - Changing event name from before-parameter-build.autoscaling.CreateLaunchConfiguration to before-parameter-build.auto-scaling.CreateLaunchConfiguration
2025-02-07 08:38:55 - DEBUG - Changing event name from before-parameter-build.route53 to before-parameter-build.route-53
2025-02-07 08:38:55 - DEBUG - Changing event name from request-created.cloudsearchdomain.Search to request-created.cloudsearch-domain.Search
2025-02-07 08:38:55 - DEBUG - Changing event name from docs.*.autoscaling.CreateLaunchConfiguration.complete-section to docs.*.auto-scaling.CreateLaunchConfiguration.complete-section
2025-02-07 08:38:55 - DEBUG - Changing event name from before-parameter-build.logs.CreateExportTask to before-parameter-build.cloudwatch-logs.CreateExportTask
2025-02-07 08:38:55 - DEBUG - Changing event name from docs.*.logs.CreateExportTask.complete-section to docs.*.cloudwatch-logs.CreateExportTask.complete-section
2025-02-07 08:38:55 - DEBUG - Changing event name from before-parameter-build.cloudsearchdomain.Search to before-parameter-build.cloudsearch-domain.Search
2025-02-07 08:38:55 - DEBUG - Changing event name from docs.*.cloudsearchdomain.Search.complete-section to docs.*.cloudsearch-domain.Search.complete-section
2025-02-07 08:38:55 - DEBUG - Loading JSON file: /usr/local/lib/python3.9/site-packages/botocore/data/endpoints.json
2025-02-07 08:38:55 - DEBUG - Loading JSON file: /usr/local/lib/python3.9/site-packages/botocore/data/sdk-default-configuration.json
2025-02-07 08:38:55 - DEBUG - Event choose-service-name: calling handler <function handle_service_name_alias at 0x7fd9f6694160>
2025-02-07 08:38:55 - DEBUG - Loading JSON file: /usr/local/lib/python3.9/site-packages/botocore/data/s3/2006-03-01/service-2.json.gz
2025-02-07 08:38:55 - DEBUG - Loading JSON file: /usr/local/lib/python3.9/site-packages/botocore/data/s3/2006-03-01/service-2.sdk-extras.json
2025-02-07 08:38:55 - DEBUG - Loading JSON file: /usr/local/lib/python3.9/site-packages/botocore/data/s3/2006-03-01/endpoint-rule-set-1.json.gz
2025-02-07 08:38:55 - DEBUG - Loading JSON file: /usr/local/lib/python3.9/site-packages/botocore/data/partitions.json
2025-02-07 08:38:55 - DEBUG - Event creating-client-class.s3: calling handler <function add_generate_presigned_post at 0x7fd9f6449940>
2025-02-07 08:38:55 - DEBUG - Event creating-client-class.s3: calling handler <function lazy_call.<locals>._handler at 0x7fda7ebf0af0>
2025-02-07 08:38:55 - DEBUG - Changing event name from creating-client-class.iot-data to creating-client-class.iot-data-plane
2025-02-07 08:38:55 - DEBUG - Changing event name from before-call.apigateway to before-call.api-gateway
2025-02-07 08:38:55 - DEBUG - Changing event name from request-created.machinelearning.Predict to request-created.machine-learning.Predict
2025-02-07 08:38:55 - DEBUG - Changing event name from before-parameter-build.autoscaling.CreateLaunchConfiguration to before-parameter-build.auto-scaling.CreateLaunchConfiguration
2025-02-07 08:38:55 - DEBUG - Changing event name from before-parameter-build.route53 to before-parameter-build.route-53
2025-02-07 08:38:55 - DEBUG - Changing event name from request-created.cloudsearchdomain.Search to request-created.cloudsearch-domain.Search
2025-02-07 08:38:55 - DEBUG - Changing event name from docs.*.autoscaling.CreateLaunchConfiguration.complete-section to docs.*.auto-scaling.CreateLaunchConfiguration.complete-section
2025-02-07 08:38:55 - DEBUG - Changing event name from before-parameter-build.logs.CreateExportTask to before-parameter-build.cloudwatch-logs.CreateExportTask
2025-02-07 08:38:55 - DEBUG - Changing event name from docs.*.logs.CreateExportTask.complete-section to docs.*.cloudwatch-logs.CreateExportTask.complete-section
2025-02-07 08:38:55 - DEBUG - Changing event name from before-parameter-build.cloudsearchdomain.Search to before-parameter-build.cloudsearch-domain.Search
2025-02-07 08:38:55 - DEBUG - Changing event name from docs.*.cloudsearchdomain.Search.complete-section to docs.*.cloudsearch-domain.Search.complete-section
2025-02-07 08:38:55 - DEBUG - Loading JSON file: /usr/local/lib/python3.9/site-packages/botocore/data/endpoints.json
2025-02-07 08:38:55 - DEBUG - Loading JSON file: /usr/local/lib/python3.9/site-packages/botocore/data/sdk-default-configuration.json
2025-02-07 08:38:55 - DEBUG - Event choose-service-name: calling handler <function handle_service_name_alias at 0x7efba8394160>
2025-02-07 08:38:56 - DEBUG - Loading JSON file: /usr/local/lib/python3.9/site-packages/botocore/data/s3/2006-03-01/service-2.json.gz
2025-02-07 08:38:56 - DEBUG - Changing event name from creating-client-class.iot-data to creating-client-class.iot-data-plane
2025-02-07 08:38:56 - DEBUG - Changing event name from before-call.apigateway to before-call.api-gateway
2025-02-07 08:38:56 - DEBUG - Changing event name from request-created.machinelearning.Predict to request-created.machine-learning.Predict
2025-02-07 08:38:56 - DEBUG - Loading JSON file: /usr/local/lib/python3.9/site-packages/botocore/data/s3/2006-03-01/service-2.sdk-extras.json
2025-02-07 08:38:56 - DEBUG - Changing event name from before-parameter-build.autoscaling.CreateLaunchConfiguration to before-parameter-build.auto-scaling.CreateLaunchConfiguration
2025-02-07 08:38:56 - DEBUG - Changing event name from before-parameter-build.route53 to before-parameter-build.route-53
2025-02-07 08:38:56 - DEBUG - Changing event name from request-created.cloudsearchdomain.Search to request-created.cloudsearch-domain.Search
2025-02-07 08:38:56 - DEBUG - Changing event name from docs.*.autoscaling.CreateLaunchConfiguration.complete-section to docs.*.auto-scaling.CreateLaunchConfiguration.complete-section
2025-02-07 08:38:56 - DEBUG - Changing event name from before-parameter-build.logs.CreateExportTask to before-parameter-build.cloudwatch-logs.CreateExportTask
2025-02-07 08:38:56 - DEBUG - Changing event name from docs.*.logs.CreateExportTask.complete-section to docs.*.cloudwatch-logs.CreateExportTask.complete-section
2025-02-07 08:38:56 - DEBUG - Changing event name from before-parameter-build.cloudsearchdomain.Search to before-parameter-build.cloudsearch-domain.Search
2025-02-07 08:38:56 - DEBUG - Changing event name from docs.*.cloudsearchdomain.Search.complete-section to docs.*.cloudsearch-domain.Search.complete-section
2025-02-07 08:38:56 - DEBUG - Loading JSON file: /usr/local/lib/python3.9/site-packages/botocore/data/endpoints.json
2025-02-07 08:38:56 - DEBUG - Loading JSON file: /usr/local/lib/python3.9/site-packages/botocore/data/s3/2006-03-01/endpoint-rule-set-1.json.gz
2025-02-07 08:38:56 - DEBUG - Loading JSON file: /usr/local/lib/python3.9/site-packages/botocore/data/partitions.json
2025-02-07 08:38:56 - DEBUG - Event creating-client-class.s3: calling handler <function add_generate_presigned_post at 0x7efba814a940>
2025-02-07 08:38:56 - DEBUG - Event creating-client-class.s3: calling handler <function lazy_call.<locals>._handler at 0x7efc304d5af0>
2025-02-07 08:38:56 - DEBUG - Loading JSON file: /usr/local/lib/python3.9/site-packages/botocore/data/sdk-default-configuration.json
2025-02-07 08:38:56 - DEBUG - Event choose-service-name: calling handler <function handle_service_name_alias at 0x7f98e7dbc160>
2025-02-07 08:38:56 - DEBUG - Loading JSON file: /usr/local/lib/python3.9/site-packages/botocore/data/s3/2006-03-01/service-2.json.gz
2025-02-07 08:38:56 - DEBUG - Changing event name from creating-client-class.iot-data to creating-client-class.iot-data-plane
2025-02-07 08:38:56 - DEBUG - Changing event name from before-call.apigateway to before-call.api-gateway
2025-02-07 08:38:56 - DEBUG - Changing event name from request-created.machinelearning.Predict to request-created.machine-learning.Predict
2025-02-07 08:38:56 - DEBUG - Changing event name from before-parameter-build.autoscaling.CreateLaunchConfiguration to before-parameter-build.auto-scaling.CreateLaunchConfiguration
2025-02-07 08:38:56 - DEBUG - Changing event name from before-parameter-build.route53 to before-parameter-build.route-53
2025-02-07 08:38:56 - DEBUG - Changing event name from request-created.cloudsearchdomain.Search to request-created.cloudsearch-domain.Search
2025-02-07 08:38:56 - DEBUG - Changing event name from docs.*.autoscaling.CreateLaunchConfiguration.complete-section to docs.*.auto-scaling.CreateLaunchConfiguration.complete-section
2025-02-07 08:38:56 - DEBUG - Changing event name from before-parameter-build.logs.CreateExportTask to before-parameter-build.cloudwatch-logs.CreateExportTask
2025-02-07 08:38:56 - DEBUG - Changing event name from docs.*.logs.CreateExportTask.complete-section to docs.*.cloudwatch-logs.CreateExportTask.complete-section
2025-02-07 08:38:56 - DEBUG - Loading JSON file: /usr/local/lib/python3.9/site-packages/botocore/data/s3/2006-03-01/service-2.sdk-extras.json
2025-02-07 08:38:56 - DEBUG - Changing event name from before-parameter-build.cloudsearchdomain.Search to before-parameter-build.cloudsearch-domain.Search
2025-02-07 08:38:56 - DEBUG - Changing event name from docs.*.cloudsearchdomain.Search.complete-section to docs.*.cloudsearch-domain.Search.complete-section
2025-02-07 08:38:56 - DEBUG - Loading JSON file: /usr/local/lib/python3.9/site-packages/botocore/data/endpoints.json
2025-02-07 08:38:56 - DEBUG - Loading JSON file: /usr/local/lib/python3.9/site-packages/botocore/data/s3/2006-03-01/endpoint-rule-set-1.json.gz
2025-02-07 08:38:56 - DEBUG - Changing event name from creating-client-class.iot-data to creating-client-class.iot-data-plane
2025-02-07 08:38:56 - DEBUG - Loading JSON file: /usr/local/lib/python3.9/site-packages/botocore/data/partitions.json
2025-02-07 08:38:56 - DEBUG - Changing event name from before-call.apigateway to before-call.api-gateway
2025-02-07 08:38:56 - DEBUG - Event creating-client-class.s3: calling handler <function add_generate_presigned_post at 0x7f98e7b70940>
2025-02-07 08:38:56 - DEBUG - Event creating-client-class.s3: calling handler <function lazy_call.<locals>._handler at 0x7f996f858af0>
2025-02-07 08:38:56 - DEBUG - Changing event name from request-created.machinelearning.Predict to request-created.machine-learning.Predict
2025-02-07 08:38:56 - DEBUG - Changing event name from before-parameter-build.autoscaling.CreateLaunchConfiguration to before-parameter-build.auto-scaling.CreateLaunchConfiguration
2025-02-07 08:38:56 - DEBUG - Changing event name from before-parameter-build.route53 to before-parameter-build.route-53
2025-02-07 08:38:56 - DEBUG - Changing event name from request-created.cloudsearchdomain.Search to request-created.cloudsearch-domain.Search
2025-02-07 08:38:56 - DEBUG - Loading JSON file: /usr/local/lib/python3.9/site-packages/botocore/data/sdk-default-configuration.json
2025-02-07 08:38:56 - DEBUG - Changing event name from docs.*.autoscaling.CreateLaunchConfiguration.complete-section to docs.*.auto-scaling.CreateLaunchConfiguration.complete-section
2025-02-07 08:38:56 - DEBUG - Event choose-service-name: calling handler <function handle_service_name_alias at 0x7facae761160>
2025-02-07 08:38:56 - DEBUG - Changing event name from before-parameter-build.logs.CreateExportTask to before-parameter-build.cloudwatch-logs.CreateExportTask
2025-02-07 08:38:56 - DEBUG - Changing event name from docs.*.logs.CreateExportTask.complete-section to docs.*.cloudwatch-logs.CreateExportTask.complete-section
2025-02-07 08:38:56 - DEBUG - Changing event name from before-parameter-build.cloudsearchdomain.Search to before-parameter-build.cloudsearch-domain.Search
2025-02-07 08:38:56 - DEBUG - Changing event name from docs.*.cloudsearchdomain.Search.complete-section to docs.*.cloudsearch-domain.Search.complete-section
2025-02-07 08:38:56 - DEBUG - Loading JSON file: /usr/local/lib/python3.9/site-packages/botocore/data/endpoints.json
2025-02-07 08:38:56 - DEBUG - Event creating-client-class.s3: calling handler <function add_generate_presigned_url at 0x7fd9f6449700>
2025-02-07 08:38:56 - DEBUG - Loading JSON file: /usr/local/lib/python3.9/site-packages/botocore/data/sdk-default-configuration.json
2025-02-07 08:38:56 - DEBUG - Event choose-service-name: calling handler <function handle_service_name_alias at 0x7fc4fa033160>
2025-02-07 08:38:56 - DEBUG - Loading JSON file: /usr/local/lib/python3.9/site-packages/botocore/data/s3/2006-03-01/service-2.json.gz
2025-02-07 08:38:56 - DEBUG - Loading JSON file: /usr/local/lib/python3.9/site-packages/botocore/data/s3/2006-03-01/service-2.sdk-extras.json
2025-02-07 08:38:56 - DEBUG - Loading JSON file: /usr/local/lib/python3.9/site-packages/botocore/data/s3/2006-03-01/service-2.json.gz
2025-02-07 08:38:56 - DEBUG - Loading JSON file: /usr/local/lib/python3.9/site-packages/botocore/data/s3/2006-03-01/service-2.sdk-extras.json
2025-02-07 08:38:56 - DEBUG - Loading JSON file: /usr/local/lib/python3.9/site-packages/botocore/data/s3/2006-03-01/endpoint-rule-set-1.json.gz
2025-02-07 08:38:56 - DEBUG - Loading JSON file: /usr/local/lib/python3.9/site-packages/botocore/data/partitions.json
2025-02-07 08:38:56 - DEBUG - Event creating-client-class.s3: calling handler <function add_generate_presigned_post at 0x7facae516940>
2025-02-07 08:38:56 - DEBUG - Loading JSON file: /usr/local/lib/python3.9/site-packages/botocore/data/s3/2006-03-01/endpoint-rule-set-1.json.gz
2025-02-07 08:38:56 - DEBUG - Event creating-client-class.s3: calling handler <function lazy_call.<locals>._handler at 0x7fad366d3af0>
2025-02-07 08:38:56 - DEBUG - Loading JSON file: /usr/local/lib/python3.9/site-packages/botocore/data/partitions.json
2025-02-07 08:38:56 - DEBUG - Event creating-client-class.s3: calling handler <function add_generate_presigned_post at 0x7fc4f9de8940>
2025-02-07 08:38:56 - DEBUG - Event creating-client-class.s3: calling handler <function lazy_call.<locals>._handler at 0x7fc5825f1af0>
2025-02-07 08:38:57 - DEBUG - Event creating-client-class.s3: calling handler <function add_generate_presigned_url at 0x7efba814a700>
2025-02-07 08:38:57 - DEBUG - Changing event name from creating-client-class.iot-data to creating-client-class.iot-data-plane
2025-02-07 08:38:57 - DEBUG - Changing event name from before-call.apigateway to before-call.api-gateway
2025-02-07 08:38:57 - DEBUG - Changing event name from request-created.machinelearning.Predict to request-created.machine-learning.Predict
2025-02-07 08:38:57 - DEBUG - Changing event name from before-parameter-build.autoscaling.CreateLaunchConfiguration to before-parameter-build.auto-scaling.CreateLaunchConfiguration
2025-02-07 08:38:57 - DEBUG - Changing event name from before-parameter-build.route53 to before-parameter-build.route-53
2025-02-07 08:38:57 - DEBUG - Changing event name from request-created.cloudsearchdomain.Search to request-created.cloudsearch-domain.Search
2025-02-07 08:38:57 - DEBUG - Changing event name from docs.*.autoscaling.CreateLaunchConfiguration.complete-section to docs.*.auto-scaling.CreateLaunchConfiguration.complete-section
2025-02-07 08:38:57 - DEBUG - Changing event name from before-parameter-build.logs.CreateExportTask to before-parameter-build.cloudwatch-logs.CreateExportTask
2025-02-07 08:38:57 - DEBUG - Changing event name from docs.*.logs.CreateExportTask.complete-section to docs.*.cloudwatch-logs.CreateExportTask.complete-section
2025-02-07 08:38:57 - DEBUG - Changing event name from before-parameter-build.cloudsearchdomain.Search to before-parameter-build.cloudsearch-domain.Search
2025-02-07 08:38:57 - DEBUG - Changing event name from docs.*.cloudsearchdomain.Search.complete-section to docs.*.cloudsearch-domain.Search.complete-section
2025-02-07 08:38:57 - DEBUG - Loading JSON file: /usr/local/lib/python3.9/site-packages/botocore/data/endpoints.json
2025-02-07 08:38:57 - DEBUG - Loading JSON file: /usr/local/lib/python3.9/site-packages/botocore/data/sdk-default-configuration.json
2025-02-07 08:38:57 - DEBUG - Event choose-service-name: calling handler <function handle_service_name_alias at 0x7f4c4b810160>
2025-02-07 08:38:57 - DEBUG - Event creating-client-class.s3: calling handler <function add_generate_presigned_url at 0x7f98e7b70700>
2025-02-07 08:38:57 - DEBUG - Loading JSON file: /usr/local/lib/python3.9/site-packages/botocore/data/s3/2006-03-01/service-2.json.gz
2025-02-07 08:38:57 - DEBUG - Loading JSON file: /usr/local/lib/python3.9/site-packages/botocore/data/s3/2006-03-01/service-2.sdk-extras.json
2025-02-07 08:38:57 - DEBUG - Loading JSON file: /usr/local/lib/python3.9/site-packages/botocore/data/s3/2006-03-01/endpoint-rule-set-1.json.gz
2025-02-07 08:38:57 - DEBUG - Loading JSON file: /usr/local/lib/python3.9/site-packages/botocore/data/partitions.json
2025-02-07 08:38:57 - DEBUG - Event creating-client-class.s3: calling handler <function add_generate_presigned_post at 0x7f4c4b5c5940>
2025-02-07 08:38:57 - DEBUG - Event creating-client-class.s3: calling handler <function lazy_call.<locals>._handler at 0x7f4cd3c02af0>
2025-02-07 08:38:58 - DEBUG - Event creating-client-class.s3: calling handler <function add_generate_presigned_url at 0x7fc4f9de8700>
2025-02-07 08:38:58 - DEBUG - Event creating-client-class.s3: calling handler <function add_generate_presigned_url at 0x7facae516700>
2025-02-07 08:38:58 - DEBUG - Event creating-client-class.s3: calling handler <function add_generate_presigned_url at 0x7f4c4b5c5700>
2025-02-07 08:39:08 - DEBUG - Changing event name from creating-client-class.iot-data to creating-client-class.iot-data-plane
2025-02-07 08:39:08 - DEBUG - Changing event name from before-call.apigateway to before-call.api-gateway
2025-02-07 08:39:08 - DEBUG - Changing event name from request-created.machinelearning.Predict to request-created.machine-learning.Predict
2025-02-07 08:39:08 - DEBUG - Changing event name from before-parameter-build.autoscaling.CreateLaunchConfiguration to before-parameter-build.auto-scaling.CreateLaunchConfiguration
2025-02-07 08:39:08 - DEBUG - Changing event name from before-parameter-build.route53 to before-parameter-build.route-53
2025-02-07 08:39:08 - DEBUG - Changing event name from request-created.cloudsearchdomain.Search to request-created.cloudsearch-domain.Search
2025-02-07 08:39:08 - DEBUG - Changing event name from docs.*.autoscaling.CreateLaunchConfiguration.complete-section to docs.*.auto-scaling.CreateLaunchConfiguration.complete-section
2025-02-07 08:39:08 - DEBUG - Changing event name from before-parameter-build.logs.CreateExportTask to before-parameter-build.cloudwatch-logs.CreateExportTask
2025-02-07 08:39:08 - DEBUG - Changing event name from docs.*.logs.CreateExportTask.complete-section to docs.*.cloudwatch-logs.CreateExportTask.complete-section
2025-02-07 08:39:08 - DEBUG - Changing event name from before-parameter-build.cloudsearchdomain.Search to before-parameter-build.cloudsearch-domain.Search
2025-02-07 08:39:08 - DEBUG - Changing event name from docs.*.cloudsearchdomain.Search.complete-section to docs.*.cloudsearch-domain.Search.complete-section
2025-02-07 08:39:08 - DEBUG - Loading JSON file: /usr/local/lib/python3.9/site-packages/botocore/data/endpoints.json
2025-02-07 08:39:08 - DEBUG - Loading JSON file: /usr/local/lib/python3.9/site-packages/botocore/data/sdk-default-configuration.json
2025-02-07 08:39:08 - DEBUG - Event choose-service-name: calling handler <function handle_service_name_alias at 0x7f47e4ac7160>
2025-02-07 08:39:08 - DEBUG - Loading JSON file: /usr/local/lib/python3.9/site-packages/botocore/data/s3/2006-03-01/service-2.json.gz
2025-02-07 08:39:08 - DEBUG - Loading JSON file: /usr/local/lib/python3.9/site-packages/botocore/data/s3/2006-03-01/service-2.sdk-extras.json
2025-02-07 08:39:08 - DEBUG - Loading JSON file: /usr/local/lib/python3.9/site-packages/botocore/data/s3/2006-03-01/endpoint-rule-set-1.json.gz
2025-02-07 08:39:08 - DEBUG - Loading JSON file: /usr/local/lib/python3.9/site-packages/botocore/data/partitions.json
2025-02-07 08:39:08 - DEBUG - Event creating-client-class.s3: calling handler <function add_generate_presigned_post at 0x7f47e487d940>
2025-02-07 08:39:08 - DEBUG - Event creating-client-class.s3: calling handler <function lazy_call.<locals>._handler at 0x7f486cad3af0>
2025-02-07 08:39:08 - DEBUG - Event creating-client-class.s3: calling handler <function add_generate_presigned_url at 0x7f47e487d700>
2025-02-07 08:39:14 - DEBUG - Changing event name from creating-client-class.iot-data to creating-client-class.iot-data-plane
2025-02-07 08:39:14 - DEBUG - Changing event name from before-call.apigateway to before-call.api-gateway
2025-02-07 08:39:14 - DEBUG - Changing event name from request-created.machinelearning.Predict to request-created.machine-learning.Predict
2025-02-07 08:39:14 - DEBUG - Changing event name from before-parameter-build.autoscaling.CreateLaunchConfiguration to before-parameter-build.auto-scaling.CreateLaunchConfiguration
2025-02-07 08:39:14 - DEBUG - Changing event name from before-parameter-build.route53 to before-parameter-build.route-53
2025-02-07 08:39:14 - DEBUG - Changing event name from request-created.cloudsearchdomain.Search to request-created.cloudsearch-domain.Search
2025-02-07 08:39:14 - DEBUG - Changing event name from docs.*.autoscaling.CreateLaunchConfiguration.complete-section to docs.*.auto-scaling.CreateLaunchConfiguration.complete-section
2025-02-07 08:39:14 - DEBUG - Changing event name from before-parameter-build.logs.CreateExportTask to before-parameter-build.cloudwatch-logs.CreateExportTask
2025-02-07 08:39:14 - DEBUG - Changing event name from docs.*.logs.CreateExportTask.complete-section to docs.*.cloudwatch-logs.CreateExportTask.complete-section
2025-02-07 08:39:14 - DEBUG - Changing event name from before-parameter-build.cloudsearchdomain.Search to before-parameter-build.cloudsearch-domain.Search
2025-02-07 08:39:14 - DEBUG - Changing event name from docs.*.cloudsearchdomain.Search.complete-section to docs.*.cloudsearch-domain.Search.complete-section
2025-02-07 08:39:14 - DEBUG - Loading JSON file: /usr/local/lib/python3.9/site-packages/botocore/data/endpoints.json
2025-02-07 08:39:14 - DEBUG - Loading JSON file: /usr/local/lib/python3.9/site-packages/botocore/data/sdk-default-configuration.json
2025-02-07 08:39:14 - DEBUG - Event choose-service-name: calling handler <function handle_service_name_alias at 0x7feb2faf8160>
2025-02-07 08:39:14 - DEBUG - Loading JSON file: /usr/local/lib/python3.9/site-packages/botocore/data/s3/2006-03-01/service-2.json.gz
2025-02-07 08:39:14 - DEBUG - Loading JSON file: /usr/local/lib/python3.9/site-packages/botocore/data/s3/2006-03-01/service-2.sdk-extras.json
2025-02-07 08:39:14 - DEBUG - Loading JSON file: /usr/local/lib/python3.9/site-packages/botocore/data/s3/2006-03-01/endpoint-rule-set-1.json.gz
2025-02-07 08:39:14 - DEBUG - Loading JSON file: /usr/local/lib/python3.9/site-packages/botocore/data/partitions.json
2025-02-07 08:39:14 - DEBUG - Event creating-client-class.s3: calling handler <function add_generate_presigned_post at 0x7feb2f8ac940>
2025-02-07 08:39:14 - DEBUG - Event creating-client-class.s3: calling handler <function lazy_call.<locals>._handler at 0x7febb7857af0>
2025-02-07 08:39:15 - DEBUG - Event creating-client-class.s3: calling handler <function add_generate_presigned_url at 0x7feb2f8ac700>
2025-02-07 08:39:18 - DEBUG - Changing event name from creating-client-class.iot-data to creating-client-class.iot-data-plane
2025-02-07 08:39:18 - DEBUG - Changing event name from before-call.apigateway to before-call.api-gateway
2025-02-07 08:39:18 - DEBUG - Changing event name from request-created.machinelearning.Predict to request-created.machine-learning.Predict
2025-02-07 08:39:18 - DEBUG - Changing event name from before-parameter-build.autoscaling.CreateLaunchConfiguration to before-parameter-build.auto-scaling.CreateLaunchConfiguration
2025-02-07 08:39:18 - DEBUG - Changing event name from before-parameter-build.route53 to before-parameter-build.route-53
2025-02-07 08:39:18 - DEBUG - Changing event name from request-created.cloudsearchdomain.Search to request-created.cloudsearch-domain.Search
2025-02-07 08:39:18 - DEBUG - Changing event name from docs.*.autoscaling.CreateLaunchConfiguration.complete-section to docs.*.auto-scaling.CreateLaunchConfiguration.complete-section
2025-02-07 08:39:18 - DEBUG - Changing event name from before-parameter-build.logs.CreateExportTask to before-parameter-build.cloudwatch-logs.CreateExportTask
2025-02-07 08:39:18 - DEBUG - Changing event name from docs.*.logs.CreateExportTask.complete-section to docs.*.cloudwatch-logs.CreateExportTask.complete-section
2025-02-07 08:39:18 - DEBUG - Changing event name from before-parameter-build.cloudsearchdomain.Search to before-parameter-build.cloudsearch-domain.Search
2025-02-07 08:39:18 - DEBUG - Changing event name from docs.*.cloudsearchdomain.Search.complete-section to docs.*.cloudsearch-domain.Search.complete-section
2025-02-07 08:39:18 - DEBUG - Loading JSON file: /usr/local/lib/python3.9/site-packages/botocore/data/endpoints.json
2025-02-07 08:39:19 - DEBUG - Loading JSON file: /usr/local/lib/python3.9/site-packages/botocore/data/sdk-default-configuration.json
2025-02-07 08:39:19 - DEBUG - Event choose-service-name: calling handler <function handle_service_name_alias at 0x7fe76e869160>
2025-02-07 08:39:19 - DEBUG - Loading JSON file: /usr/local/lib/python3.9/site-packages/botocore/data/s3/2006-03-01/service-2.json.gz
2025-02-07 08:39:19 - DEBUG - Loading JSON file: /usr/local/lib/python3.9/site-packages/botocore/data/s3/2006-03-01/service-2.sdk-extras.json
2025-02-07 08:39:19 - DEBUG - Loading JSON file: /usr/local/lib/python3.9/site-packages/botocore/data/s3/2006-03-01/endpoint-rule-set-1.json.gz
2025-02-07 08:39:19 - DEBUG - Loading JSON file: /usr/local/lib/python3.9/site-packages/botocore/data/partitions.json
2025-02-07 08:39:19 - DEBUG - Event creating-client-class.s3: calling handler <function add_generate_presigned_post at 0x7fe76e61f940>
2025-02-07 08:39:19 - DEBUG - Event creating-client-class.s3: calling handler <function lazy_call.<locals>._handler at 0x7fe7f6ad1af0>
2025-02-07 08:39:19 - DEBUG - Event creating-client-class.s3: calling handler <function add_generate_presigned_url at 0x7fe76e61f700>
2025-02-07 08:39:23 - DEBUG - Changing event name from creating-client-class.iot-data to creating-client-class.iot-data-plane
2025-02-07 08:39:23 - DEBUG - Changing event name from before-call.apigateway to before-call.api-gateway
2025-02-07 08:39:23 - DEBUG - Changing event name from request-created.machinelearning.Predict to request-created.machine-learning.Predict
2025-02-07 08:39:23 - DEBUG - Changing event name from before-parameter-build.autoscaling.CreateLaunchConfiguration to before-parameter-build.auto-scaling.CreateLaunchConfiguration
2025-02-07 08:39:23 - DEBUG - Changing event name from before-parameter-build.route53 to before-parameter-build.route-53
2025-02-07 08:39:23 - DEBUG - Changing event name from request-created.cloudsearchdomain.Search to request-created.cloudsearch-domain.Search
2025-02-07 08:39:23 - DEBUG - Changing event name from docs.*.autoscaling.CreateLaunchConfiguration.complete-section to docs.*.auto-scaling.CreateLaunchConfiguration.complete-section
2025-02-07 08:39:23 - DEBUG - Changing event name from before-parameter-build.logs.CreateExportTask to before-parameter-build.cloudwatch-logs.CreateExportTask
2025-02-07 08:39:23 - DEBUG - Changing event name from docs.*.logs.CreateExportTask.complete-section to docs.*.cloudwatch-logs.CreateExportTask.complete-section
2025-02-07 08:39:23 - DEBUG - Changing event name from before-parameter-build.cloudsearchdomain.Search to before-parameter-build.cloudsearch-domain.Search
2025-02-07 08:39:23 - DEBUG - Changing event name from docs.*.cloudsearchdomain.Search.complete-section to docs.*.cloudsearch-domain.Search.complete-section
2025-02-07 08:39:23 - DEBUG - Loading JSON file: /usr/local/lib/python3.9/site-packages/botocore/data/endpoints.json
2025-02-07 08:39:23 - DEBUG - Loading JSON file: /usr/local/lib/python3.9/site-packages/botocore/data/sdk-default-configuration.json
2025-02-07 08:39:23 - DEBUG - Event choose-service-name: calling handler <function handle_service_name_alias at 0x7f38d73ad160>
2025-02-07 08:39:23 - DEBUG - Loading JSON file: /usr/local/lib/python3.9/site-packages/botocore/data/s3/2006-03-01/service-2.json.gz
2025-02-07 08:39:23 - DEBUG - Loading JSON file: /usr/local/lib/python3.9/site-packages/botocore/data/s3/2006-03-01/service-2.sdk-extras.json
2025-02-07 08:39:23 - DEBUG - Loading JSON file: /usr/local/lib/python3.9/site-packages/botocore/data/s3/2006-03-01/endpoint-rule-set-1.json.gz
2025-02-07 08:39:23 - DEBUG - Loading JSON file: /usr/local/lib/python3.9/site-packages/botocore/data/partitions.json
2025-02-07 08:39:23 - DEBUG - Event creating-client-class.s3: calling handler <function add_generate_presigned_post at 0x7f38d7161940>
2025-02-07 08:39:23 - DEBUG - Event creating-client-class.s3: calling handler <function lazy_call.<locals>._handler at 0x7f395f5b3af0>
2025-02-07 08:39:23 - DEBUG - Changing event name from creating-client-class.iot-data to creating-client-class.iot-data-plane
2025-02-07 08:39:23 - DEBUG - Changing event name from before-call.apigateway to before-call.api-gateway
2025-02-07 08:39:23 - DEBUG - Changing event name from request-created.machinelearning.Predict to request-created.machine-learning.Predict
2025-02-07 08:39:23 - DEBUG - Changing event name from before-parameter-build.autoscaling.CreateLaunchConfiguration to before-parameter-build.auto-scaling.CreateLaunchConfiguration
2025-02-07 08:39:23 - DEBUG - Changing event name from before-parameter-build.route53 to before-parameter-build.route-53
2025-02-07 08:39:23 - DEBUG - Changing event name from request-created.cloudsearchdomain.Search to request-created.cloudsearch-domain.Search
2025-02-07 08:39:23 - DEBUG - Changing event name from creating-client-class.iot-data to creating-client-class.iot-data-plane
2025-02-07 08:39:23 - DEBUG - Changing event name from docs.*.autoscaling.CreateLaunchConfiguration.complete-section to docs.*.auto-scaling.CreateLaunchConfiguration.complete-section
2025-02-07 08:39:23 - DEBUG - Changing event name from creating-client-class.iot-data to creating-client-class.iot-data-plane
2025-02-07 08:39:23 - DEBUG - Changing event name from before-call.apigateway to before-call.api-gateway
2025-02-07 08:39:23 - DEBUG - Changing event name from before-parameter-build.logs.CreateExportTask to before-parameter-build.cloudwatch-logs.CreateExportTask
2025-02-07 08:39:23 - DEBUG - Changing event name from before-call.apigateway to before-call.api-gateway
2025-02-07 08:39:23 - DEBUG - Changing event name from request-created.machinelearning.Predict to request-created.machine-learning.Predict
2025-02-07 08:39:23 - DEBUG - Changing event name from docs.*.logs.CreateExportTask.complete-section to docs.*.cloudwatch-logs.CreateExportTask.complete-section
2025-02-07 08:39:23 - DEBUG - Changing event name from before-parameter-build.cloudsearchdomain.Search to before-parameter-build.cloudsearch-domain.Search
2025-02-07 08:39:23 - DEBUG - Changing event name from before-parameter-build.autoscaling.CreateLaunchConfiguration to before-parameter-build.auto-scaling.CreateLaunchConfiguration
2025-02-07 08:39:23 - DEBUG - Changing event name from docs.*.cloudsearchdomain.Search.complete-section to docs.*.cloudsearch-domain.Search.complete-section
2025-02-07 08:39:23 - DEBUG - Changing event name from before-parameter-build.route53 to before-parameter-build.route-53
2025-02-07 08:39:23 - DEBUG - Changing event name from request-created.machinelearning.Predict to request-created.machine-learning.Predict
2025-02-07 08:39:23 - DEBUG - Changing event name from request-created.cloudsearchdomain.Search to request-created.cloudsearch-domain.Search
2025-02-07 08:39:23 - DEBUG - Changing event name from before-parameter-build.autoscaling.CreateLaunchConfiguration to before-parameter-build.auto-scaling.CreateLaunchConfiguration
2025-02-07 08:39:23 - DEBUG - Changing event name from before-parameter-build.route53 to before-parameter-build.route-53
2025-02-07 08:39:23 - DEBUG - Changing event name from docs.*.autoscaling.CreateLaunchConfiguration.complete-section to docs.*.auto-scaling.CreateLaunchConfiguration.complete-section
2025-02-07 08:39:23 - DEBUG - Changing event name from request-created.cloudsearchdomain.Search to request-created.cloudsearch-domain.Search
2025-02-07 08:39:23 - DEBUG - Loading JSON file: /usr/local/lib/python3.9/site-packages/botocore/data/endpoints.json
2025-02-07 08:39:23 - DEBUG - Changing event name from docs.*.autoscaling.CreateLaunchConfiguration.complete-section to docs.*.auto-scaling.CreateLaunchConfiguration.complete-section
2025-02-07 08:39:23 - DEBUG - Changing event name from before-parameter-build.logs.CreateExportTask to before-parameter-build.cloudwatch-logs.CreateExportTask
2025-02-07 08:39:23 - DEBUG - Changing event name from creating-client-class.iot-data to creating-client-class.iot-data-plane
2025-02-07 08:39:23 - DEBUG - Changing event name from docs.*.logs.CreateExportTask.complete-section to docs.*.cloudwatch-logs.CreateExportTask.complete-section
2025-02-07 08:39:23 - DEBUG - Changing event name from before-parameter-build.cloudsearchdomain.Search to before-parameter-build.cloudsearch-domain.Search
2025-02-07 08:39:23 - DEBUG - Changing event name from docs.*.cloudsearchdomain.Search.complete-section to docs.*.cloudsearch-domain.Search.complete-section
2025-02-07 08:39:23 - DEBUG - Changing event name from before-parameter-build.logs.CreateExportTask to before-parameter-build.cloudwatch-logs.CreateExportTask
2025-02-07 08:39:23 - DEBUG - Changing event name from docs.*.logs.CreateExportTask.complete-section to docs.*.cloudwatch-logs.CreateExportTask.complete-section
2025-02-07 08:39:23 - DEBUG - Changing event name from before-parameter-build.cloudsearchdomain.Search to before-parameter-build.cloudsearch-domain.Search
2025-02-07 08:39:23 - DEBUG - Changing event name from docs.*.cloudsearchdomain.Search.complete-section to docs.*.cloudsearch-domain.Search.complete-section
2025-02-07 08:39:23 - DEBUG - Changing event name from before-call.apigateway to before-call.api-gateway
2025-02-07 08:39:23 - DEBUG - Loading JSON file: /usr/local/lib/python3.9/site-packages/botocore/data/endpoints.json
2025-02-07 08:39:23 - DEBUG - Changing event name from request-created.machinelearning.Predict to request-created.machine-learning.Predict
2025-02-07 08:39:23 - DEBUG - Loading JSON file: /usr/local/lib/python3.9/site-packages/botocore/data/endpoints.json
2025-02-07 08:39:23 - DEBUG - Changing event name from before-parameter-build.autoscaling.CreateLaunchConfiguration to before-parameter-build.auto-scaling.CreateLaunchConfiguration
2025-02-07 08:39:23 - DEBUG - Changing event name from before-parameter-build.route53 to before-parameter-build.route-53
2025-02-07 08:39:23 - DEBUG - Changing event name from request-created.cloudsearchdomain.Search to request-created.cloudsearch-domain.Search
2025-02-07 08:39:23 - DEBUG - Changing event name from docs.*.autoscaling.CreateLaunchConfiguration.complete-section to docs.*.auto-scaling.CreateLaunchConfiguration.complete-section
2025-02-07 08:39:24 - DEBUG - Changing event name from before-parameter-build.logs.CreateExportTask to before-parameter-build.cloudwatch-logs.CreateExportTask
2025-02-07 08:39:24 - DEBUG - Changing event name from docs.*.logs.CreateExportTask.complete-section to docs.*.cloudwatch-logs.CreateExportTask.complete-section
2025-02-07 08:39:24 - DEBUG - Changing event name from before-parameter-build.cloudsearchdomain.Search to before-parameter-build.cloudsearch-domain.Search
2025-02-07 08:39:24 - DEBUG - Changing event name from docs.*.cloudsearchdomain.Search.complete-section to docs.*.cloudsearch-domain.Search.complete-section
2025-02-07 08:39:24 - DEBUG - Loading JSON file: /usr/local/lib/python3.9/site-packages/botocore/data/endpoints.json
2025-02-07 08:39:24 - DEBUG - Loading JSON file: /usr/local/lib/python3.9/site-packages/botocore/data/sdk-default-configuration.json
2025-02-07 08:39:24 - DEBUG - Event choose-service-name: calling handler <function handle_service_name_alias at 0x7f0620ca3160>
2025-02-07 08:39:24 - DEBUG - Loading JSON file: /usr/local/lib/python3.9/site-packages/botocore/data/sdk-default-configuration.json
2025-02-07 08:39:24 - DEBUG - Event choose-service-name: calling handler <function handle_service_name_alias at 0x7fefdca1a160>
2025-02-07 08:39:24 - DEBUG - Loading JSON file: /usr/local/lib/python3.9/site-packages/botocore/data/sdk-default-configuration.json
2025-02-07 08:39:24 - DEBUG - Event choose-service-name: calling handler <function handle_service_name_alias at 0x7f0b96507160>
2025-02-07 08:39:24 - DEBUG - Loading JSON file: /usr/local/lib/python3.9/site-packages/botocore/data/sdk-default-configuration.json
2025-02-07 08:39:24 - DEBUG - Event choose-service-name: calling handler <function handle_service_name_alias at 0x7faf1c933160>
2025-02-07 08:39:24 - DEBUG - Loading JSON file: /usr/local/lib/python3.9/site-packages/botocore/data/s3/2006-03-01/service-2.json.gz
2025-02-07 08:39:24 - DEBUG - Loading JSON file: /usr/local/lib/python3.9/site-packages/botocore/data/s3/2006-03-01/service-2.json.gz
2025-02-07 08:39:24 - DEBUG - Loading JSON file: /usr/local/lib/python3.9/site-packages/botocore/data/s3/2006-03-01/service-2.json.gz
2025-02-07 08:39:24 - DEBUG - Loading JSON file: /usr/local/lib/python3.9/site-packages/botocore/data/s3/2006-03-01/service-2.sdk-extras.json
2025-02-07 08:39:24 - DEBUG - Loading JSON file: /usr/local/lib/python3.9/site-packages/botocore/data/s3/2006-03-01/service-2.sdk-extras.json
2025-02-07 08:39:24 - DEBUG - Loading JSON file: /usr/local/lib/python3.9/site-packages/botocore/data/s3/2006-03-01/service-2.json.gz
2025-02-07 08:39:24 - DEBUG - Loading JSON file: /usr/local/lib/python3.9/site-packages/botocore/data/s3/2006-03-01/service-2.sdk-extras.json
2025-02-07 08:39:24 - DEBUG - Loading JSON file: /usr/local/lib/python3.9/site-packages/botocore/data/s3/2006-03-01/service-2.sdk-extras.json
2025-02-07 08:39:24 - DEBUG - Loading JSON file: /usr/local/lib/python3.9/site-packages/botocore/data/s3/2006-03-01/endpoint-rule-set-1.json.gz
2025-02-07 08:39:24 - DEBUG - Loading JSON file: /usr/local/lib/python3.9/site-packages/botocore/data/s3/2006-03-01/endpoint-rule-set-1.json.gz
2025-02-07 08:39:24 - DEBUG - Loading JSON file: /usr/local/lib/python3.9/site-packages/botocore/data/s3/2006-03-01/endpoint-rule-set-1.json.gz
2025-02-07 08:39:24 - DEBUG - Loading JSON file: /usr/local/lib/python3.9/site-packages/botocore/data/partitions.json
2025-02-07 08:39:24 - DEBUG - Loading JSON file: /usr/local/lib/python3.9/site-packages/botocore/data/partitions.json
2025-02-07 08:39:24 - DEBUG - Event creating-client-class.s3: calling handler <function add_generate_presigned_post at 0x7fefdc7cd940>
2025-02-07 08:39:24 - DEBUG - Event creating-client-class.s3: calling handler <function lazy_call.<locals>._handler at 0x7ff06502daf0>
2025-02-07 08:39:24 - DEBUG - Event creating-client-class.s3: calling handler <function add_generate_presigned_post at 0x7f0b962bc940>
2025-02-07 08:39:24 - DEBUG - Event creating-client-class.s3: calling handler <function lazy_call.<locals>._handler at 0x7f0c1e6d3af0>
2025-02-07 08:39:24 - DEBUG - Loading JSON file: /usr/local/lib/python3.9/site-packages/botocore/data/partitions.json
2025-02-07 08:39:24 - DEBUG - Event creating-client-class.s3: calling handler <function add_generate_presigned_post at 0x7f0620a57940>
2025-02-07 08:39:24 - DEBUG - Event creating-client-class.s3: calling handler <function lazy_call.<locals>._handler at 0x7f06a93dbaf0>
2025-02-07 08:39:24 - DEBUG - Loading JSON file: /usr/local/lib/python3.9/site-packages/botocore/data/s3/2006-03-01/endpoint-rule-set-1.json.gz
2025-02-07 08:39:24 - DEBUG - Loading JSON file: /usr/local/lib/python3.9/site-packages/botocore/data/partitions.json
2025-02-07 08:39:24 - DEBUG - Event creating-client-class.s3: calling handler <function add_generate_presigned_post at 0x7faf1c6e6940>
2025-02-07 08:39:24 - DEBUG - Event creating-client-class.s3: calling handler <function lazy_call.<locals>._handler at 0x7fafa5030af0>
2025-02-07 08:39:24 - DEBUG - Event creating-client-class.s3: calling handler <function add_generate_presigned_url at 0x7f38d7161700>
2025-02-07 08:39:25 - DEBUG - Event creating-client-class.s3: calling handler <function add_generate_presigned_url at 0x7fefdc7cd700>
2025-02-07 08:39:25 - DEBUG - Event creating-client-class.s3: calling handler <function add_generate_presigned_url at 0x7f0620a57700>
2025-02-07 08:39:25 - DEBUG - Event creating-client-class.s3: calling handler <function add_generate_presigned_url at 0x7f0b962bc700>
2025-02-07 08:39:25 - DEBUG - Event creating-client-class.s3: calling handler <function add_generate_presigned_url at 0x7faf1c6e6700>
2025-02-07 08:39:32 - DEBUG - Changing event name from creating-client-class.iot-data to creating-client-class.iot-data-plane
2025-02-07 08:39:32 - DEBUG - Changing event name from before-call.apigateway to before-call.api-gateway
2025-02-07 08:39:32 - DEBUG - Changing event name from request-created.machinelearning.Predict to request-created.machine-learning.Predict
2025-02-07 08:39:32 - DEBUG - Changing event name from before-parameter-build.autoscaling.CreateLaunchConfiguration to before-parameter-build.auto-scaling.CreateLaunchConfiguration
2025-02-07 08:39:33 - DEBUG - Changing event name from before-parameter-build.route53 to before-parameter-build.route-53
2025-02-07 08:39:33 - DEBUG - Changing event name from request-created.cloudsearchdomain.Search to request-created.cloudsearch-domain.Search
2025-02-07 08:39:33 - DEBUG - Changing event name from docs.*.autoscaling.CreateLaunchConfiguration.complete-section to docs.*.auto-scaling.CreateLaunchConfiguration.complete-section
2025-02-07 08:39:33 - DEBUG - Changing event name from before-parameter-build.logs.CreateExportTask to before-parameter-build.cloudwatch-logs.CreateExportTask
2025-02-07 08:39:33 - DEBUG - Changing event name from docs.*.logs.CreateExportTask.complete-section to docs.*.cloudwatch-logs.CreateExportTask.complete-section
2025-02-07 08:39:33 - DEBUG - Changing event name from before-parameter-build.cloudsearchdomain.Search to before-parameter-build.cloudsearch-domain.Search
2025-02-07 08:39:33 - DEBUG - Changing event name from docs.*.cloudsearchdomain.Search.complete-section to docs.*.cloudsearch-domain.Search.complete-section
2025-02-07 08:39:33 - DEBUG - Loading JSON file: /usr/local/lib/python3.9/site-packages/botocore/data/endpoints.json
2025-02-07 08:39:33 - DEBUG - Loading JSON file: /usr/local/lib/python3.9/site-packages/botocore/data/sdk-default-configuration.json
2025-02-07 08:39:33 - DEBUG - Event choose-service-name: calling handler <function handle_service_name_alias at 0x7f5e43407160>
2025-02-07 08:39:33 - DEBUG - Loading JSON file: /usr/local/lib/python3.9/site-packages/botocore/data/s3/2006-03-01/service-2.json.gz
2025-02-07 08:39:33 - DEBUG - Loading JSON file: /usr/local/lib/python3.9/site-packages/botocore/data/s3/2006-03-01/service-2.sdk-extras.json
2025-02-07 08:39:33 - DEBUG - Loading JSON file: /usr/local/lib/python3.9/site-packages/botocore/data/s3/2006-03-01/endpoint-rule-set-1.json.gz
2025-02-07 08:39:33 - DEBUG - Loading JSON file: /usr/local/lib/python3.9/site-packages/botocore/data/partitions.json
2025-02-07 08:39:33 - DEBUG - Event creating-client-class.s3: calling handler <function add_generate_presigned_post at 0x7f5e431bc940>
2025-02-07 08:39:33 - DEBUG - Event creating-client-class.s3: calling handler <function lazy_call.<locals>._handler at 0x7f5ecb057af0>
2025-02-07 08:39:33 - DEBUG - Event creating-client-class.s3: calling handler <function add_generate_presigned_url at 0x7f5e431bc700>
2025-02-07 08:39:38 - DEBUG - Changing event name from creating-client-class.iot-data to creating-client-class.iot-data-plane
2025-02-07 08:39:38 - DEBUG - Changing event name from before-call.apigateway to before-call.api-gateway
2025-02-07 08:39:38 - DEBUG - Changing event name from request-created.machinelearning.Predict to request-created.machine-learning.Predict
2025-02-07 08:39:38 - DEBUG - Changing event name from before-parameter-build.autoscaling.CreateLaunchConfiguration to before-parameter-build.auto-scaling.CreateLaunchConfiguration
2025-02-07 08:39:38 - DEBUG - Changing event name from before-parameter-build.route53 to before-parameter-build.route-53
2025-02-07 08:39:38 - DEBUG - Changing event name from request-created.cloudsearchdomain.Search to request-created.cloudsearch-domain.Search
2025-02-07 08:39:38 - DEBUG - Changing event name from docs.*.autoscaling.CreateLaunchConfiguration.complete-section to docs.*.auto-scaling.CreateLaunchConfiguration.complete-section
2025-02-07 08:39:38 - DEBUG - Changing event name from before-parameter-build.logs.CreateExportTask to before-parameter-build.cloudwatch-logs.CreateExportTask
2025-02-07 08:39:38 - DEBUG - Changing event name from docs.*.logs.CreateExportTask.complete-section to docs.*.cloudwatch-logs.CreateExportTask.complete-section
2025-02-07 08:39:38 - DEBUG - Changing event name from before-parameter-build.cloudsearchdomain.Search to before-parameter-build.cloudsearch-domain.Search
2025-02-07 08:39:38 - DEBUG - Changing event name from docs.*.cloudsearchdomain.Search.complete-section to docs.*.cloudsearch-domain.Search.complete-section
2025-02-07 08:39:38 - DEBUG - Loading JSON file: /usr/local/lib/python3.9/site-packages/botocore/data/endpoints.json
2025-02-07 08:39:38 - DEBUG - Loading JSON file: /usr/local/lib/python3.9/site-packages/botocore/data/sdk-default-configuration.json
2025-02-07 08:39:38 - DEBUG - Event choose-service-name: calling handler <function handle_service_name_alias at 0x7f6b4372b160>
2025-02-07 08:39:38 - DEBUG - Loading JSON file: /usr/local/lib/python3.9/site-packages/botocore/data/s3/2006-03-01/service-2.json.gz
2025-02-07 08:39:38 - DEBUG - Loading JSON file: /usr/local/lib/python3.9/site-packages/botocore/data/s3/2006-03-01/service-2.sdk-extras.json
2025-02-07 08:39:38 - DEBUG - Loading JSON file: /usr/local/lib/python3.9/site-packages/botocore/data/s3/2006-03-01/endpoint-rule-set-1.json.gz
2025-02-07 08:39:38 - DEBUG - Loading JSON file: /usr/local/lib/python3.9/site-packages/botocore/data/partitions.json
2025-02-07 08:39:38 - DEBUG - Event creating-client-class.s3: calling handler <function add_generate_presigned_post at 0x7f6b434e0940>
2025-02-07 08:39:38 - DEBUG - Event creating-client-class.s3: calling handler <function lazy_call.<locals>._handler at 0x7f6bcb859af0>
2025-02-07 08:39:38 - DEBUG - Event creating-client-class.s3: calling handler <function add_generate_presigned_url at 0x7f6b434e0700>
2025-02-07 08:39:43 - DEBUG - Changing event name from creating-client-class.iot-data to creating-client-class.iot-data-plane
2025-02-07 08:39:43 - DEBUG - Changing event name from before-call.apigateway to before-call.api-gateway
2025-02-07 08:39:43 - DEBUG - Changing event name from request-created.machinelearning.Predict to request-created.machine-learning.Predict
2025-02-07 08:39:44 - DEBUG - Changing event name from before-parameter-build.autoscaling.CreateLaunchConfiguration to before-parameter-build.auto-scaling.CreateLaunchConfiguration
2025-02-07 08:39:44 - DEBUG - Changing event name from before-parameter-build.route53 to before-parameter-build.route-53
2025-02-07 08:39:44 - DEBUG - Changing event name from request-created.cloudsearchdomain.Search to request-created.cloudsearch-domain.Search
2025-02-07 08:39:44 - DEBUG - Changing event name from docs.*.autoscaling.CreateLaunchConfiguration.complete-section to docs.*.auto-scaling.CreateLaunchConfiguration.complete-section
2025-02-07 08:39:44 - DEBUG - Changing event name from before-parameter-build.logs.CreateExportTask to before-parameter-build.cloudwatch-logs.CreateExportTask
2025-02-07 08:39:44 - DEBUG - Changing event name from docs.*.logs.CreateExportTask.complete-section to docs.*.cloudwatch-logs.CreateExportTask.complete-section
2025-02-07 08:39:44 - DEBUG - Changing event name from before-parameter-build.cloudsearchdomain.Search to before-parameter-build.cloudsearch-domain.Search
2025-02-07 08:39:44 - DEBUG - Changing event name from docs.*.cloudsearchdomain.Search.complete-section to docs.*.cloudsearch-domain.Search.complete-section
2025-02-07 08:39:44 - DEBUG - Loading JSON file: /usr/local/lib/python3.9/site-packages/botocore/data/endpoints.json
2025-02-07 08:39:44 - DEBUG - Loading JSON file: /usr/local/lib/python3.9/site-packages/botocore/data/sdk-default-configuration.json
2025-02-07 08:39:44 - DEBUG - Event choose-service-name: calling handler <function handle_service_name_alias at 0x7f63b05a8160>
2025-02-07 08:39:44 - DEBUG - Loading JSON file: /usr/local/lib/python3.9/site-packages/botocore/data/s3/2006-03-01/service-2.json.gz
2025-02-07 08:39:44 - DEBUG - Loading JSON file: /usr/local/lib/python3.9/site-packages/botocore/data/s3/2006-03-01/service-2.sdk-extras.json
2025-02-07 08:39:44 - DEBUG - Loading JSON file: /usr/local/lib/python3.9/site-packages/botocore/data/s3/2006-03-01/endpoint-rule-set-1.json.gz
2025-02-07 08:39:44 - DEBUG - Loading JSON file: /usr/local/lib/python3.9/site-packages/botocore/data/partitions.json
2025-02-07 08:39:44 - DEBUG - Event creating-client-class.s3: calling handler <function add_generate_presigned_post at 0x7f63b035f940>
2025-02-07 08:39:44 - DEBUG - Event creating-client-class.s3: calling handler <function lazy_call.<locals>._handler at 0x7f64384ccaf0>
2025-02-07 08:39:45 - DEBUG - Event creating-client-class.s3: calling handler <function add_generate_presigned_url at 0x7f63b035f700>
2025-02-07 08:39:48 - DEBUG - Changing event name from creating-client-class.iot-data to creating-client-class.iot-data-plane
2025-02-07 08:39:48 - DEBUG - Changing event name from before-call.apigateway to before-call.api-gateway
2025-02-07 08:39:48 - DEBUG - Changing event name from request-created.machinelearning.Predict to request-created.machine-learning.Predict
2025-02-07 08:39:48 - DEBUG - Changing event name from before-parameter-build.autoscaling.CreateLaunchConfiguration to before-parameter-build.auto-scaling.CreateLaunchConfiguration
2025-02-07 08:39:48 - DEBUG - Changing event name from before-parameter-build.route53 to before-parameter-build.route-53
2025-02-07 08:39:48 - DEBUG - Changing event name from request-created.cloudsearchdomain.Search to request-created.cloudsearch-domain.Search
2025-02-07 08:39:48 - DEBUG - Changing event name from docs.*.autoscaling.CreateLaunchConfiguration.complete-section to docs.*.auto-scaling.CreateLaunchConfiguration.complete-section
2025-02-07 08:39:48 - DEBUG - Changing event name from before-parameter-build.logs.CreateExportTask to before-parameter-build.cloudwatch-logs.CreateExportTask
2025-02-07 08:39:48 - DEBUG - Changing event name from docs.*.logs.CreateExportTask.complete-section to docs.*.cloudwatch-logs.CreateExportTask.complete-section
2025-02-07 08:39:48 - DEBUG - Changing event name from before-parameter-build.cloudsearchdomain.Search to before-parameter-build.cloudsearch-domain.Search
2025-02-07 08:39:48 - DEBUG - Changing event name from docs.*.cloudsearchdomain.Search.complete-section to docs.*.cloudsearch-domain.Search.complete-section
2025-02-07 08:39:48 - DEBUG - Loading JSON file: /usr/local/lib/python3.9/site-packages/botocore/data/endpoints.json
2025-02-07 08:39:48 - DEBUG - Loading JSON file: /usr/local/lib/python3.9/site-packages/botocore/data/sdk-default-configuration.json
2025-02-07 08:39:48 - DEBUG - Event choose-service-name: calling handler <function handle_service_name_alias at 0x7f2888028160>
2025-02-07 08:39:48 - DEBUG - Loading JSON file: /usr/local/lib/python3.9/site-packages/botocore/data/s3/2006-03-01/service-2.json.gz
2025-02-07 08:39:48 - DEBUG - Loading JSON file: /usr/local/lib/python3.9/site-packages/botocore/data/s3/2006-03-01/service-2.sdk-extras.json
2025-02-07 08:39:48 - DEBUG - Loading JSON file: /usr/local/lib/python3.9/site-packages/botocore/data/s3/2006-03-01/endpoint-rule-set-1.json.gz
2025-02-07 08:39:48 - DEBUG - Loading JSON file: /usr/local/lib/python3.9/site-packages/botocore/data/partitions.json
2025-02-07 08:39:48 - DEBUG - Event creating-client-class.s3: calling handler <function add_generate_presigned_post at 0x7f2887ddf940>
2025-02-07 08:39:48 - DEBUG - Event creating-client-class.s3: calling handler <function lazy_call.<locals>._handler at 0x7f291005baf0>
2025-02-07 08:39:49 - DEBUG - Event creating-client-class.s3: calling handler <function add_generate_presigned_url at 0x7f2887ddf700>
2025-02-07 08:39:54 - DEBUG - Changing event name from creating-client-class.iot-data to creating-client-class.iot-data-plane
2025-02-07 08:39:54 - DEBUG - Changing event name from before-call.apigateway to before-call.api-gateway
2025-02-07 08:39:54 - DEBUG - Changing event name from request-created.machinelearning.Predict to request-created.machine-learning.Predict
2025-02-07 08:39:54 - DEBUG - Changing event name from before-parameter-build.autoscaling.CreateLaunchConfiguration to before-parameter-build.auto-scaling.CreateLaunchConfiguration
2025-02-07 08:39:54 - DEBUG - Changing event name from before-parameter-build.route53 to before-parameter-build.route-53
2025-02-07 08:39:54 - DEBUG - Changing event name from request-created.cloudsearchdomain.Search to request-created.cloudsearch-domain.Search
2025-02-07 08:39:54 - DEBUG - Changing event name from docs.*.autoscaling.CreateLaunchConfiguration.complete-section to docs.*.auto-scaling.CreateLaunchConfiguration.complete-section
2025-02-07 08:39:54 - DEBUG - Changing event name from before-parameter-build.logs.CreateExportTask to before-parameter-build.cloudwatch-logs.CreateExportTask
2025-02-07 08:39:54 - DEBUG - Changing event name from docs.*.logs.CreateExportTask.complete-section to docs.*.cloudwatch-logs.CreateExportTask.complete-section
2025-02-07 08:39:54 - DEBUG - Changing event name from before-parameter-build.cloudsearchdomain.Search to before-parameter-build.cloudsearch-domain.Search
2025-02-07 08:39:54 - DEBUG - Changing event name from docs.*.cloudsearchdomain.Search.complete-section to docs.*.cloudsearch-domain.Search.complete-section
2025-02-07 08:39:54 - DEBUG - Loading JSON file: /usr/local/lib/python3.9/site-packages/botocore/data/endpoints.json
2025-02-07 08:39:54 - DEBUG - Changing event name from creating-client-class.iot-data to creating-client-class.iot-data-plane
2025-02-07 08:39:54 - DEBUG - Changing event name from before-call.apigateway to before-call.api-gateway
2025-02-07 08:39:54 - DEBUG - Changing event name from request-created.machinelearning.Predict to request-created.machine-learning.Predict
2025-02-07 08:39:54 - DEBUG - Changing event name from before-parameter-build.autoscaling.CreateLaunchConfiguration to before-parameter-build.auto-scaling.CreateLaunchConfiguration
2025-02-07 08:39:54 - DEBUG - Changing event name from before-parameter-build.route53 to before-parameter-build.route-53
2025-02-07 08:39:54 - DEBUG - Changing event name from creating-client-class.iot-data to creating-client-class.iot-data-plane
2025-02-07 08:39:54 - DEBUG - Changing event name from request-created.cloudsearchdomain.Search to request-created.cloudsearch-domain.Search
2025-02-07 08:39:54 - DEBUG - Changing event name from docs.*.autoscaling.CreateLaunchConfiguration.complete-section to docs.*.auto-scaling.CreateLaunchConfiguration.complete-section
2025-02-07 08:39:54 - DEBUG - Changing event name from before-call.apigateway to before-call.api-gateway
2025-02-07 08:39:54 - DEBUG - Changing event name from request-created.machinelearning.Predict to request-created.machine-learning.Predict
2025-02-07 08:39:54 - DEBUG - Loading JSON file: /usr/local/lib/python3.9/site-packages/botocore/data/sdk-default-configuration.json
2025-02-07 08:39:54 - DEBUG - Changing event name from before-parameter-build.autoscaling.CreateLaunchConfiguration to before-parameter-build.auto-scaling.CreateLaunchConfiguration
2025-02-07 08:39:54 - DEBUG - Event choose-service-name: calling handler <function handle_service_name_alias at 0x7f7c613c6160>
2025-02-07 08:39:54 - DEBUG - Changing event name from before-parameter-build.logs.CreateExportTask to before-parameter-build.cloudwatch-logs.CreateExportTask
2025-02-07 08:39:54 - DEBUG - Changing event name from before-parameter-build.route53 to before-parameter-build.route-53
2025-02-07 08:39:54 - DEBUG - Changing event name from docs.*.logs.CreateExportTask.complete-section to docs.*.cloudwatch-logs.CreateExportTask.complete-section
2025-02-07 08:39:54 - DEBUG - Changing event name from creating-client-class.iot-data to creating-client-class.iot-data-plane
2025-02-07 08:39:54 - DEBUG - Changing event name from before-parameter-build.cloudsearchdomain.Search to before-parameter-build.cloudsearch-domain.Search
2025-02-07 08:39:54 - DEBUG - Changing event name from request-created.cloudsearchdomain.Search to request-created.cloudsearch-domain.Search
2025-02-07 08:39:54 - DEBUG - Changing event name from docs.*.cloudsearchdomain.Search.complete-section to docs.*.cloudsearch-domain.Search.complete-section
2025-02-07 08:39:54 - DEBUG - Changing event name from docs.*.autoscaling.CreateLaunchConfiguration.complete-section to docs.*.auto-scaling.CreateLaunchConfiguration.complete-section
2025-02-07 08:39:54 - DEBUG - Changing event name from before-call.apigateway to before-call.api-gateway
2025-02-07 08:39:54 - DEBUG - Changing event name from request-created.machinelearning.Predict to request-created.machine-learning.Predict
2025-02-07 08:39:54 - DEBUG - Changing event name from before-parameter-build.logs.CreateExportTask to before-parameter-build.cloudwatch-logs.CreateExportTask
2025-02-07 08:39:54 - DEBUG - Changing event name from docs.*.logs.CreateExportTask.complete-section to docs.*.cloudwatch-logs.CreateExportTask.complete-section
2025-02-07 08:39:54 - DEBUG - Changing event name from before-parameter-build.cloudsearchdomain.Search to before-parameter-build.cloudsearch-domain.Search
2025-02-07 08:39:54 - DEBUG - Changing event name from docs.*.cloudsearchdomain.Search.complete-section to docs.*.cloudsearch-domain.Search.complete-section
2025-02-07 08:39:54 - DEBUG - Loading JSON file: /usr/local/lib/python3.9/site-packages/botocore/data/endpoints.json
2025-02-07 08:39:54 - DEBUG - Changing event name from before-parameter-build.autoscaling.CreateLaunchConfiguration to before-parameter-build.auto-scaling.CreateLaunchConfiguration
2025-02-07 08:39:54 - DEBUG - Changing event name from before-parameter-build.route53 to before-parameter-build.route-53
2025-02-07 08:39:54 - DEBUG - Loading JSON file: /usr/local/lib/python3.9/site-packages/botocore/data/endpoints.json
2025-02-07 08:39:54 - DEBUG - Changing event name from request-created.cloudsearchdomain.Search to request-created.cloudsearch-domain.Search
2025-02-07 08:39:54 - DEBUG - Changing event name from docs.*.autoscaling.CreateLaunchConfiguration.complete-section to docs.*.auto-scaling.CreateLaunchConfiguration.complete-section
2025-02-07 08:39:54 - DEBUG - Changing event name from before-parameter-build.logs.CreateExportTask to before-parameter-build.cloudwatch-logs.CreateExportTask
2025-02-07 08:39:54 - DEBUG - Changing event name from docs.*.logs.CreateExportTask.complete-section to docs.*.cloudwatch-logs.CreateExportTask.complete-section
2025-02-07 08:39:54 - DEBUG - Changing event name from before-parameter-build.cloudsearchdomain.Search to before-parameter-build.cloudsearch-domain.Search
2025-02-07 08:39:54 - DEBUG - Changing event name from docs.*.cloudsearchdomain.Search.complete-section to docs.*.cloudsearch-domain.Search.complete-section
2025-02-07 08:39:55 - DEBUG - Loading JSON file: /usr/local/lib/python3.9/site-packages/botocore/data/s3/2006-03-01/service-2.json.gz
2025-02-07 08:39:55 - DEBUG - Loading JSON file: /usr/local/lib/python3.9/site-packages/botocore/data/endpoints.json
2025-02-07 08:39:55 - DEBUG - Loading JSON file: /usr/local/lib/python3.9/site-packages/botocore/data/sdk-default-configuration.json
2025-02-07 08:39:55 - DEBUG - Event choose-service-name: calling handler <function handle_service_name_alias at 0x7f8de0ddf160>
2025-02-07 08:39:55 - DEBUG - Loading JSON file: /usr/local/lib/python3.9/site-packages/botocore/data/sdk-default-configuration.json
2025-02-07 08:39:55 - DEBUG - Loading JSON file: /usr/local/lib/python3.9/site-packages/botocore/data/s3/2006-03-01/service-2.sdk-extras.json
2025-02-07 08:39:55 - DEBUG - Event choose-service-name: calling handler <function handle_service_name_alias at 0x7ff5ebdb4160>
2025-02-07 08:39:55 - DEBUG - Loading JSON file: /usr/local/lib/python3.9/site-packages/botocore/data/sdk-default-configuration.json
2025-02-07 08:39:55 - DEBUG - Event choose-service-name: calling handler <function handle_service_name_alias at 0x7ff05e764160>
2025-02-07 08:39:55 - DEBUG - Loading JSON file: /usr/local/lib/python3.9/site-packages/botocore/data/s3/2006-03-01/endpoint-rule-set-1.json.gz
2025-02-07 08:39:55 - DEBUG - Loading JSON file: /usr/local/lib/python3.9/site-packages/botocore/data/s3/2006-03-01/service-2.json.gz
2025-02-07 08:39:55 - DEBUG - Loading JSON file: /usr/local/lib/python3.9/site-packages/botocore/data/partitions.json
2025-02-07 08:39:55 - DEBUG - Loading JSON file: /usr/local/lib/python3.9/site-packages/botocore/data/s3/2006-03-01/service-2.json.gz
2025-02-07 08:39:55 - DEBUG - Event creating-client-class.s3: calling handler <function add_generate_presigned_post at 0x7f7c6117b940>
2025-02-07 08:39:55 - DEBUG - Event creating-client-class.s3: calling handler <function lazy_call.<locals>._handler at 0x7f7ce9c2baf0>
2025-02-07 08:39:55 - DEBUG - Loading JSON file: /usr/local/lib/python3.9/site-packages/botocore/data/s3/2006-03-01/service-2.sdk-extras.json
2025-02-07 08:39:55 - DEBUG - Loading JSON file: /usr/local/lib/python3.9/site-packages/botocore/data/s3/2006-03-01/service-2.json.gz
2025-02-07 08:39:55 - DEBUG - Loading JSON file: /usr/local/lib/python3.9/site-packages/botocore/data/s3/2006-03-01/service-2.sdk-extras.json
2025-02-07 08:39:55 - DEBUG - Loading JSON file: /usr/local/lib/python3.9/site-packages/botocore/data/s3/2006-03-01/service-2.sdk-extras.json
2025-02-07 08:39:55 - DEBUG - Loading JSON file: /usr/local/lib/python3.9/site-packages/botocore/data/s3/2006-03-01/endpoint-rule-set-1.json.gz
2025-02-07 08:39:55 - DEBUG - Loading JSON file: /usr/local/lib/python3.9/site-packages/botocore/data/partitions.json
2025-02-07 08:39:55 - DEBUG - Loading JSON file: /usr/local/lib/python3.9/site-packages/botocore/data/s3/2006-03-01/endpoint-rule-set-1.json.gz
2025-02-07 08:39:55 - DEBUG - Event creating-client-class.s3: calling handler <function add_generate_presigned_post at 0x7f8de0b93940>
2025-02-07 08:39:55 - DEBUG - Event creating-client-class.s3: calling handler <function lazy_call.<locals>._handler at 0x7f8e6942daf0>
2025-02-07 08:39:55 - DEBUG - Loading JSON file: /usr/local/lib/python3.9/site-packages/botocore/data/partitions.json
2025-02-07 08:39:55 - DEBUG - Loading JSON file: /usr/local/lib/python3.9/site-packages/botocore/data/s3/2006-03-01/endpoint-rule-set-1.json.gz
2025-02-07 08:39:55 - DEBUG - Event creating-client-class.s3: calling handler <function add_generate_presigned_post at 0x7ff5ebb69940>
2025-02-07 08:39:55 - DEBUG - Event creating-client-class.s3: calling handler <function lazy_call.<locals>._handler at 0x7ff673bedaf0>
2025-02-07 08:39:55 - DEBUG - Loading JSON file: /usr/local/lib/python3.9/site-packages/botocore/data/partitions.json
2025-02-07 08:39:55 - DEBUG - Event creating-client-class.s3: calling handler <function add_generate_presigned_post at 0x7ff05e518940>
2025-02-07 08:39:55 - DEBUG - Event creating-client-class.s3: calling handler <function lazy_call.<locals>._handler at 0x7ff0e66d2af0>
2025-02-07 08:39:55 - DEBUG - Changing event name from creating-client-class.iot-data to creating-client-class.iot-data-plane
2025-02-07 08:39:55 - DEBUG - Changing event name from before-call.apigateway to before-call.api-gateway
2025-02-07 08:39:55 - DEBUG - Changing event name from request-created.machinelearning.Predict to request-created.machine-learning.Predict
2025-02-07 08:39:55 - DEBUG - Changing event name from before-parameter-build.autoscaling.CreateLaunchConfiguration to before-parameter-build.auto-scaling.CreateLaunchConfiguration
2025-02-07 08:39:55 - DEBUG - Changing event name from before-parameter-build.route53 to before-parameter-build.route-53
2025-02-07 08:39:55 - DEBUG - Changing event name from request-created.cloudsearchdomain.Search to request-created.cloudsearch-domain.Search
2025-02-07 08:39:55 - DEBUG - Changing event name from docs.*.autoscaling.CreateLaunchConfiguration.complete-section to docs.*.auto-scaling.CreateLaunchConfiguration.complete-section
2025-02-07 08:39:55 - DEBUG - Changing event name from before-parameter-build.logs.CreateExportTask to before-parameter-build.cloudwatch-logs.CreateExportTask
2025-02-07 08:39:55 - DEBUG - Changing event name from docs.*.logs.CreateExportTask.complete-section to docs.*.cloudwatch-logs.CreateExportTask.complete-section
2025-02-07 08:39:55 - DEBUG - Changing event name from before-parameter-build.cloudsearchdomain.Search to before-parameter-build.cloudsearch-domain.Search
2025-02-07 08:39:55 - DEBUG - Changing event name from docs.*.cloudsearchdomain.Search.complete-section to docs.*.cloudsearch-domain.Search.complete-section
2025-02-07 08:39:55 - DEBUG - Loading JSON file: /usr/local/lib/python3.9/site-packages/botocore/data/endpoints.json
2025-02-07 08:39:55 - DEBUG - Loading JSON file: /usr/local/lib/python3.9/site-packages/botocore/data/sdk-default-configuration.json
2025-02-07 08:39:55 - DEBUG - Event choose-service-name: calling handler <function handle_service_name_alias at 0x7fdec9d69160>
2025-02-07 08:39:55 - DEBUG - Loading JSON file: /usr/local/lib/python3.9/site-packages/botocore/data/s3/2006-03-01/service-2.json.gz
2025-02-07 08:39:55 - DEBUG - Loading JSON file: /usr/local/lib/python3.9/site-packages/botocore/data/s3/2006-03-01/service-2.sdk-extras.json
2025-02-07 08:39:55 - DEBUG - Loading JSON file: /usr/local/lib/python3.9/site-packages/botocore/data/s3/2006-03-01/endpoint-rule-set-1.json.gz
2025-02-07 08:39:55 - DEBUG - Loading JSON file: /usr/local/lib/python3.9/site-packages/botocore/data/partitions.json
2025-02-07 08:39:55 - DEBUG - Event creating-client-class.s3: calling handler <function add_generate_presigned_post at 0x7fdec9b1f940>
2025-02-07 08:39:55 - DEBUG - Event creating-client-class.s3: calling handler <function lazy_call.<locals>._handler at 0x7fdf520d1af0>
2025-02-07 08:39:55 - DEBUG - Event creating-client-class.s3: calling handler <function add_generate_presigned_url at 0x7f7c6117b700>
2025-02-07 08:39:55 - DEBUG - Event creating-client-class.s3: calling handler <function add_generate_presigned_url at 0x7f8de0b93700>
2025-02-07 08:39:55 - DEBUG - Event creating-client-class.s3: calling handler <function add_generate_presigned_url at 0x7ff5ebb69700>
2025-02-07 08:39:55 - DEBUG - Event creating-client-class.s3: calling handler <function add_generate_presigned_url at 0x7ff05e518700>
2025-02-07 08:39:56 - DEBUG - Event creating-client-class.s3: calling handler <function add_generate_presigned_url at 0x7fdec9b1f700>
2025-02-07 08:40:01 - DEBUG - Changing event name from creating-client-class.iot-data to creating-client-class.iot-data-plane
2025-02-07 08:40:01 - DEBUG - Changing event name from before-call.apigateway to before-call.api-gateway
2025-02-07 08:40:01 - DEBUG - Changing event name from request-created.machinelearning.Predict to request-created.machine-learning.Predict
2025-02-07 08:40:01 - DEBUG - Changing event name from before-parameter-build.autoscaling.CreateLaunchConfiguration to before-parameter-build.auto-scaling.CreateLaunchConfiguration
2025-02-07 08:40:01 - DEBUG - Changing event name from before-parameter-build.route53 to before-parameter-build.route-53
2025-02-07 08:40:01 - DEBUG - Changing event name from request-created.cloudsearchdomain.Search to request-created.cloudsearch-domain.Search
2025-02-07 08:40:01 - DEBUG - Changing event name from docs.*.autoscaling.CreateLaunchConfiguration.complete-section to docs.*.auto-scaling.CreateLaunchConfiguration.complete-section
2025-02-07 08:40:01 - DEBUG - Changing event name from before-parameter-build.logs.CreateExportTask to before-parameter-build.cloudwatch-logs.CreateExportTask
2025-02-07 08:40:01 - DEBUG - Changing event name from docs.*.logs.CreateExportTask.complete-section to docs.*.cloudwatch-logs.CreateExportTask.complete-section
2025-02-07 08:40:01 - DEBUG - Changing event name from before-parameter-build.cloudsearchdomain.Search to before-parameter-build.cloudsearch-domain.Search
2025-02-07 08:40:01 - DEBUG - Changing event name from docs.*.cloudsearchdomain.Search.complete-section to docs.*.cloudsearch-domain.Search.complete-section
2025-02-07 08:40:01 - DEBUG - Loading JSON file: /usr/local/lib/python3.9/site-packages/botocore/data/endpoints.json
2025-02-07 08:40:01 - DEBUG - Loading JSON file: /usr/local/lib/python3.9/site-packages/botocore/data/sdk-default-configuration.json
2025-02-07 08:40:01 - DEBUG - Event choose-service-name: calling handler <function handle_service_name_alias at 0x7fdf3aeaf160>
2025-02-07 08:40:01 - DEBUG - Loading JSON file: /usr/local/lib/python3.9/site-packages/botocore/data/s3/2006-03-01/service-2.json.gz
2025-02-07 08:40:01 - DEBUG - Loading JSON file: /usr/local/lib/python3.9/site-packages/botocore/data/s3/2006-03-01/service-2.sdk-extras.json
2025-02-07 08:40:01 - DEBUG - Loading JSON file: /usr/local/lib/python3.9/site-packages/botocore/data/s3/2006-03-01/endpoint-rule-set-1.json.gz
2025-02-07 08:40:01 - DEBUG - Loading JSON file: /usr/local/lib/python3.9/site-packages/botocore/data/partitions.json
2025-02-07 08:40:01 - DEBUG - Event creating-client-class.s3: calling handler <function add_generate_presigned_post at 0x7fdf3ac66940>
2025-02-07 08:40:01 - DEBUG - Event creating-client-class.s3: calling handler <function lazy_call.<locals>._handler at 0x7fdfc305baf0>
2025-02-07 08:40:01 - DEBUG - Event creating-client-class.s3: calling handler <function add_generate_presigned_url at 0x7fdf3ac66700>
2025-02-07 08:40:05 - DEBUG - Changing event name from creating-client-class.iot-data to creating-client-class.iot-data-plane
2025-02-07 08:40:05 - DEBUG - Changing event name from before-call.apigateway to before-call.api-gateway
2025-02-07 08:40:05 - DEBUG - Changing event name from request-created.machinelearning.Predict to request-created.machine-learning.Predict
2025-02-07 08:40:05 - DEBUG - Changing event name from before-parameter-build.autoscaling.CreateLaunchConfiguration to before-parameter-build.auto-scaling.CreateLaunchConfiguration
2025-02-07 08:40:05 - DEBUG - Changing event name from before-parameter-build.route53 to before-parameter-build.route-53
2025-02-07 08:40:05 - DEBUG - Changing event name from request-created.cloudsearchdomain.Search to request-created.cloudsearch-domain.Search
2025-02-07 08:40:05 - DEBUG - Changing event name from docs.*.autoscaling.CreateLaunchConfiguration.complete-section to docs.*.auto-scaling.CreateLaunchConfiguration.complete-section
2025-02-07 08:40:05 - DEBUG - Changing event name from before-parameter-build.logs.CreateExportTask to before-parameter-build.cloudwatch-logs.CreateExportTask
2025-02-07 08:40:05 - DEBUG - Changing event name from docs.*.logs.CreateExportTask.complete-section to docs.*.cloudwatch-logs.CreateExportTask.complete-section
2025-02-07 08:40:05 - DEBUG - Changing event name from before-parameter-build.cloudsearchdomain.Search to before-parameter-build.cloudsearch-domain.Search
2025-02-07 08:40:05 - DEBUG - Changing event name from docs.*.cloudsearchdomain.Search.complete-section to docs.*.cloudsearch-domain.Search.complete-section
2025-02-07 08:40:05 - DEBUG - Loading JSON file: /usr/local/lib/python3.9/site-packages/botocore/data/endpoints.json
2025-02-07 08:40:05 - DEBUG - Loading JSON file: /usr/local/lib/python3.9/site-packages/botocore/data/sdk-default-configuration.json
2025-02-07 08:40:05 - DEBUG - Event choose-service-name: calling handler <function handle_service_name_alias at 0x7f5873680160>
2025-02-07 08:40:05 - DEBUG - Loading JSON file: /usr/local/lib/python3.9/site-packages/botocore/data/s3/2006-03-01/service-2.json.gz
2025-02-07 08:40:05 - DEBUG - Loading JSON file: /usr/local/lib/python3.9/site-packages/botocore/data/s3/2006-03-01/service-2.sdk-extras.json
2025-02-07 08:40:05 - DEBUG - Loading JSON file: /usr/local/lib/python3.9/site-packages/botocore/data/s3/2006-03-01/endpoint-rule-set-1.json.gz
2025-02-07 08:40:05 - DEBUG - Loading JSON file: /usr/local/lib/python3.9/site-packages/botocore/data/partitions.json
2025-02-07 08:40:05 - DEBUG - Event creating-client-class.s3: calling handler <function add_generate_presigned_post at 0x7f5873436940>
2025-02-07 08:40:05 - DEBUG - Event creating-client-class.s3: calling handler <function lazy_call.<locals>._handler at 0x7f58fb85aaf0>
2025-02-07 08:40:06 - DEBUG - Event creating-client-class.s3: calling handler <function add_generate_presigned_url at 0x7f5873436700>
2025-02-07 08:40:11 - DEBUG - Changing event name from creating-client-class.iot-data to creating-client-class.iot-data-plane
2025-02-07 08:40:11 - DEBUG - Changing event name from before-call.apigateway to before-call.api-gateway
2025-02-07 08:40:11 - DEBUG - Changing event name from request-created.machinelearning.Predict to request-created.machine-learning.Predict
2025-02-07 08:40:11 - DEBUG - Changing event name from before-parameter-build.autoscaling.CreateLaunchConfiguration to before-parameter-build.auto-scaling.CreateLaunchConfiguration
2025-02-07 08:40:11 - DEBUG - Changing event name from before-parameter-build.route53 to before-parameter-build.route-53
2025-02-07 08:40:11 - DEBUG - Changing event name from request-created.cloudsearchdomain.Search to request-created.cloudsearch-domain.Search
2025-02-07 08:40:11 - DEBUG - Changing event name from docs.*.autoscaling.CreateLaunchConfiguration.complete-section to docs.*.auto-scaling.CreateLaunchConfiguration.complete-section
2025-02-07 08:40:11 - DEBUG - Changing event name from before-parameter-build.logs.CreateExportTask to before-parameter-build.cloudwatch-logs.CreateExportTask
2025-02-07 08:40:11 - DEBUG - Changing event name from docs.*.logs.CreateExportTask.complete-section to docs.*.cloudwatch-logs.CreateExportTask.complete-section
2025-02-07 08:40:11 - DEBUG - Changing event name from before-parameter-build.cloudsearchdomain.Search to before-parameter-build.cloudsearch-domain.Search
2025-02-07 08:40:11 - DEBUG - Changing event name from docs.*.cloudsearchdomain.Search.complete-section to docs.*.cloudsearch-domain.Search.complete-section
2025-02-07 08:40:11 - DEBUG - Loading JSON file: /usr/local/lib/python3.9/site-packages/botocore/data/endpoints.json
2025-02-07 08:40:12 - DEBUG - Loading JSON file: /usr/local/lib/python3.9/site-packages/botocore/data/sdk-default-configuration.json
2025-02-07 08:40:12 - DEBUG - Event choose-service-name: calling handler <function handle_service_name_alias at 0x7f852fa28160>
2025-02-07 08:40:12 - DEBUG - Loading JSON file: /usr/local/lib/python3.9/site-packages/botocore/data/s3/2006-03-01/service-2.json.gz
2025-02-07 08:40:12 - DEBUG - Loading JSON file: /usr/local/lib/python3.9/site-packages/botocore/data/s3/2006-03-01/service-2.sdk-extras.json
2025-02-07 08:40:12 - DEBUG - Loading JSON file: /usr/local/lib/python3.9/site-packages/botocore/data/s3/2006-03-01/endpoint-rule-set-1.json.gz
2025-02-07 08:40:12 - DEBUG - Loading JSON file: /usr/local/lib/python3.9/site-packages/botocore/data/partitions.json
2025-02-07 08:40:12 - DEBUG - Event creating-client-class.s3: calling handler <function add_generate_presigned_post at 0x7f852f7de940>
2025-02-07 08:40:12 - DEBUG - Event creating-client-class.s3: calling handler <function lazy_call.<locals>._handler at 0x7f85b785aaf0>
2025-02-07 08:40:12 - DEBUG - Event creating-client-class.s3: calling handler <function add_generate_presigned_url at 0x7f852f7de700>
2025-02-07 08:40:19 - DEBUG - Changing event name from creating-client-class.iot-data to creating-client-class.iot-data-plane
2025-02-07 08:40:19 - DEBUG - Changing event name from before-call.apigateway to before-call.api-gateway
2025-02-07 08:40:19 - DEBUG - Changing event name from request-created.machinelearning.Predict to request-created.machine-learning.Predict
2025-02-07 08:40:19 - DEBUG - Changing event name from before-parameter-build.autoscaling.CreateLaunchConfiguration to before-parameter-build.auto-scaling.CreateLaunchConfiguration
2025-02-07 08:40:19 - DEBUG - Changing event name from before-parameter-build.route53 to before-parameter-build.route-53
2025-02-07 08:40:19 - DEBUG - Changing event name from request-created.cloudsearchdomain.Search to request-created.cloudsearch-domain.Search
2025-02-07 08:40:19 - DEBUG - Changing event name from docs.*.autoscaling.CreateLaunchConfiguration.complete-section to docs.*.auto-scaling.CreateLaunchConfiguration.complete-section
2025-02-07 08:40:19 - DEBUG - Changing event name from before-parameter-build.logs.CreateExportTask to before-parameter-build.cloudwatch-logs.CreateExportTask
2025-02-07 08:40:19 - DEBUG - Changing event name from docs.*.logs.CreateExportTask.complete-section to docs.*.cloudwatch-logs.CreateExportTask.complete-section
2025-02-07 08:40:19 - DEBUG - Changing event name from before-parameter-build.cloudsearchdomain.Search to before-parameter-build.cloudsearch-domain.Search
2025-02-07 08:40:19 - DEBUG - Changing event name from docs.*.cloudsearchdomain.Search.complete-section to docs.*.cloudsearch-domain.Search.complete-section
2025-02-07 08:40:19 - DEBUG - Loading JSON file: /usr/local/lib/python3.9/site-packages/botocore/data/endpoints.json
2025-02-07 08:40:19 - DEBUG - Loading JSON file: /usr/local/lib/python3.9/site-packages/botocore/data/sdk-default-configuration.json
2025-02-07 08:40:19 - DEBUG - Event choose-service-name: calling handler <function handle_service_name_alias at 0x7f7e4fe47160>
2025-02-07 08:40:19 - DEBUG - Loading JSON file: /usr/local/lib/python3.9/site-packages/botocore/data/s3/2006-03-01/service-2.json.gz
2025-02-07 08:40:19 - DEBUG - Loading JSON file: /usr/local/lib/python3.9/site-packages/botocore/data/s3/2006-03-01/service-2.sdk-extras.json
2025-02-07 08:40:19 - DEBUG - Loading JSON file: /usr/local/lib/python3.9/site-packages/botocore/data/s3/2006-03-01/endpoint-rule-set-1.json.gz
2025-02-07 08:40:19 - DEBUG - Loading JSON file: /usr/local/lib/python3.9/site-packages/botocore/data/partitions.json
2025-02-07 08:40:19 - DEBUG - Event creating-client-class.s3: calling handler <function add_generate_presigned_post at 0x7f7e4fbfd940>
2025-02-07 08:40:19 - DEBUG - Event creating-client-class.s3: calling handler <function lazy_call.<locals>._handler at 0x7f7ed805daf0>
2025-02-07 08:40:19 - DEBUG - Changing event name from creating-client-class.iot-data to creating-client-class.iot-data-plane
2025-02-07 08:40:19 - DEBUG - Changing event name from before-call.apigateway to before-call.api-gateway
2025-02-07 08:40:19 - DEBUG - Changing event name from request-created.machinelearning.Predict to request-created.machine-learning.Predict
2025-02-07 08:40:19 - DEBUG - Changing event name from before-parameter-build.autoscaling.CreateLaunchConfiguration to before-parameter-build.auto-scaling.CreateLaunchConfiguration
2025-02-07 08:40:19 - DEBUG - Changing event name from before-parameter-build.route53 to before-parameter-build.route-53
2025-02-07 08:40:19 - DEBUG - Changing event name from request-created.cloudsearchdomain.Search to request-created.cloudsearch-domain.Search
2025-02-07 08:40:19 - DEBUG - Changing event name from docs.*.autoscaling.CreateLaunchConfiguration.complete-section to docs.*.auto-scaling.CreateLaunchConfiguration.complete-section
2025-02-07 08:40:19 - DEBUG - Changing event name from before-parameter-build.logs.CreateExportTask to before-parameter-build.cloudwatch-logs.CreateExportTask
2025-02-07 08:40:19 - DEBUG - Changing event name from docs.*.logs.CreateExportTask.complete-section to docs.*.cloudwatch-logs.CreateExportTask.complete-section
2025-02-07 08:40:19 - DEBUG - Changing event name from before-parameter-build.cloudsearchdomain.Search to before-parameter-build.cloudsearch-domain.Search
2025-02-07 08:40:19 - DEBUG - Changing event name from docs.*.cloudsearchdomain.Search.complete-section to docs.*.cloudsearch-domain.Search.complete-section
2025-02-07 08:40:19 - DEBUG - Loading JSON file: /usr/local/lib/python3.9/site-packages/botocore/data/endpoints.json
2025-02-07 08:40:19 - DEBUG - Loading JSON file: /usr/local/lib/python3.9/site-packages/botocore/data/sdk-default-configuration.json
2025-02-07 08:40:19 - DEBUG - Event choose-service-name: calling handler <function handle_service_name_alias at 0x7fb623193160>
2025-02-07 08:40:19 - DEBUG - Loading JSON file: /usr/local/lib/python3.9/site-packages/botocore/data/s3/2006-03-01/service-2.json.gz
2025-02-07 08:40:19 - DEBUG - Loading JSON file: /usr/local/lib/python3.9/site-packages/botocore/data/s3/2006-03-01/service-2.sdk-extras.json
2025-02-07 08:40:19 - DEBUG - Loading JSON file: /usr/local/lib/python3.9/site-packages/botocore/data/s3/2006-03-01/endpoint-rule-set-1.json.gz
2025-02-07 08:40:19 - DEBUG - Loading JSON file: /usr/local/lib/python3.9/site-packages/botocore/data/partitions.json
2025-02-07 08:40:19 - DEBUG - Event creating-client-class.s3: calling handler <function add_generate_presigned_post at 0x7fb622f47940>
2025-02-07 08:40:19 - DEBUG - Event creating-client-class.s3: calling handler <function lazy_call.<locals>._handler at 0x7fb6ab577af0>
2025-02-07 08:40:19 - DEBUG - Event creating-client-class.s3: calling handler <function add_generate_presigned_url at 0x7f7e4fbfd700>
2025-02-07 08:40:19 - DEBUG - Changing event name from creating-client-class.iot-data to creating-client-class.iot-data-plane
2025-02-07 08:40:19 - DEBUG - Changing event name from before-call.apigateway to before-call.api-gateway
2025-02-07 08:40:19 - DEBUG - Changing event name from request-created.machinelearning.Predict to request-created.machine-learning.Predict
2025-02-07 08:40:19 - DEBUG - Changing event name from before-parameter-build.autoscaling.CreateLaunchConfiguration to before-parameter-build.auto-scaling.CreateLaunchConfiguration
2025-02-07 08:40:19 - DEBUG - Changing event name from before-parameter-build.route53 to before-parameter-build.route-53
2025-02-07 08:40:19 - DEBUG - Changing event name from request-created.cloudsearchdomain.Search to request-created.cloudsearch-domain.Search
2025-02-07 08:40:19 - DEBUG - Changing event name from docs.*.autoscaling.CreateLaunchConfiguration.complete-section to docs.*.auto-scaling.CreateLaunchConfiguration.complete-section
2025-02-07 08:40:19 - DEBUG - Changing event name from before-parameter-build.logs.CreateExportTask to before-parameter-build.cloudwatch-logs.CreateExportTask
2025-02-07 08:40:19 - DEBUG - Changing event name from docs.*.logs.CreateExportTask.complete-section to docs.*.cloudwatch-logs.CreateExportTask.complete-section
2025-02-07 08:40:19 - DEBUG - Changing event name from before-parameter-build.cloudsearchdomain.Search to before-parameter-build.cloudsearch-domain.Search
2025-02-07 08:40:19 - DEBUG - Changing event name from docs.*.cloudsearchdomain.Search.complete-section to docs.*.cloudsearch-domain.Search.complete-section
2025-02-07 08:40:19 - DEBUG - Loading JSON file: /usr/local/lib/python3.9/site-packages/botocore/data/endpoints.json
2025-02-07 08:40:20 - DEBUG - Loading JSON file: /usr/local/lib/python3.9/site-packages/botocore/data/sdk-default-configuration.json
2025-02-07 08:40:20 - DEBUG - Event choose-service-name: calling handler <function handle_service_name_alias at 0x7fc5d0032160>
2025-02-07 08:40:20 - DEBUG - Loading JSON file: /usr/local/lib/python3.9/site-packages/botocore/data/s3/2006-03-01/service-2.json.gz
2025-02-07 08:40:20 - DEBUG - Loading JSON file: /usr/local/lib/python3.9/site-packages/botocore/data/s3/2006-03-01/service-2.sdk-extras.json
2025-02-07 08:40:20 - DEBUG - Loading JSON file: /usr/local/lib/python3.9/site-packages/botocore/data/s3/2006-03-01/endpoint-rule-set-1.json.gz
2025-02-07 08:40:20 - DEBUG - Changing event name from creating-client-class.iot-data to creating-client-class.iot-data-plane
2025-02-07 08:40:20 - DEBUG - Loading JSON file: /usr/local/lib/python3.9/site-packages/botocore/data/partitions.json
2025-02-07 08:40:20 - DEBUG - Changing event name from before-call.apigateway to before-call.api-gateway
2025-02-07 08:40:20 - DEBUG - Changing event name from request-created.machinelearning.Predict to request-created.machine-learning.Predict
2025-02-07 08:40:20 - DEBUG - Changing event name from before-parameter-build.autoscaling.CreateLaunchConfiguration to before-parameter-build.auto-scaling.CreateLaunchConfiguration
2025-02-07 08:40:20 - DEBUG - Changing event name from before-parameter-build.route53 to before-parameter-build.route-53
2025-02-07 08:40:20 - DEBUG - Event creating-client-class.s3: calling handler <function add_generate_presigned_post at 0x7fc5cfde7940>
2025-02-07 08:40:20 - DEBUG - Changing event name from request-created.cloudsearchdomain.Search to request-created.cloudsearch-domain.Search
2025-02-07 08:40:20 - DEBUG - Event creating-client-class.s3: calling handler <function lazy_call.<locals>._handler at 0x7fc65805daf0>
2025-02-07 08:40:20 - DEBUG - Changing event name from docs.*.autoscaling.CreateLaunchConfiguration.complete-section to docs.*.auto-scaling.CreateLaunchConfiguration.complete-section
2025-02-07 08:40:20 - DEBUG - Changing event name from before-parameter-build.logs.CreateExportTask to before-parameter-build.cloudwatch-logs.CreateExportTask
2025-02-07 08:40:20 - DEBUG - Changing event name from docs.*.logs.CreateExportTask.complete-section to docs.*.cloudwatch-logs.CreateExportTask.complete-section
2025-02-07 08:40:20 - DEBUG - Changing event name from before-parameter-build.cloudsearchdomain.Search to before-parameter-build.cloudsearch-domain.Search
2025-02-07 08:40:20 - DEBUG - Changing event name from docs.*.cloudsearchdomain.Search.complete-section to docs.*.cloudsearch-domain.Search.complete-section
2025-02-07 08:40:20 - DEBUG - Loading JSON file: /usr/local/lib/python3.9/site-packages/botocore/data/endpoints.json
2025-02-07 08:40:20 - DEBUG - Loading JSON file: /usr/local/lib/python3.9/site-packages/botocore/data/sdk-default-configuration.json
2025-02-07 08:40:20 - DEBUG - Event choose-service-name: calling handler <function handle_service_name_alias at 0x7f8f3ab0d160>
2025-02-07 08:40:20 - DEBUG - Event creating-client-class.s3: calling handler <function add_generate_presigned_url at 0x7fb622f47700>
2025-02-07 08:40:20 - DEBUG - Loading JSON file: /usr/local/lib/python3.9/site-packages/botocore/data/s3/2006-03-01/service-2.json.gz
2025-02-07 08:40:20 - DEBUG - Loading JSON file: /usr/local/lib/python3.9/site-packages/botocore/data/s3/2006-03-01/service-2.sdk-extras.json
2025-02-07 08:40:20 - DEBUG - Loading JSON file: /usr/local/lib/python3.9/site-packages/botocore/data/s3/2006-03-01/endpoint-rule-set-1.json.gz
2025-02-07 08:40:20 - DEBUG - Loading JSON file: /usr/local/lib/python3.9/site-packages/botocore/data/partitions.json
2025-02-07 08:40:20 - DEBUG - Event creating-client-class.s3: calling handler <function add_generate_presigned_post at 0x7f8f3a8c3940>
2025-02-07 08:40:20 - DEBUG - Event creating-client-class.s3: calling handler <function lazy_call.<locals>._handler at 0x7f8fc04d2af0>
2025-02-07 08:40:20 - DEBUG - Changing event name from creating-client-class.iot-data to creating-client-class.iot-data-plane
2025-02-07 08:40:20 - DEBUG - Changing event name from before-call.apigateway to before-call.api-gateway
2025-02-07 08:40:20 - DEBUG - Changing event name from request-created.machinelearning.Predict to request-created.machine-learning.Predict
2025-02-07 08:40:20 - DEBUG - Changing event name from before-parameter-build.autoscaling.CreateLaunchConfiguration to before-parameter-build.auto-scaling.CreateLaunchConfiguration
2025-02-07 08:40:20 - DEBUG - Changing event name from before-parameter-build.route53 to before-parameter-build.route-53
2025-02-07 08:40:20 - DEBUG - Changing event name from request-created.cloudsearchdomain.Search to request-created.cloudsearch-domain.Search
2025-02-07 08:40:20 - DEBUG - Changing event name from docs.*.autoscaling.CreateLaunchConfiguration.complete-section to docs.*.auto-scaling.CreateLaunchConfiguration.complete-section
2025-02-07 08:40:20 - DEBUG - Changing event name from before-parameter-build.logs.CreateExportTask to before-parameter-build.cloudwatch-logs.CreateExportTask
2025-02-07 08:40:20 - DEBUG - Changing event name from docs.*.logs.CreateExportTask.complete-section to docs.*.cloudwatch-logs.CreateExportTask.complete-section
2025-02-07 08:40:20 - DEBUG - Changing event name from before-parameter-build.cloudsearchdomain.Search to before-parameter-build.cloudsearch-domain.Search
2025-02-07 08:40:20 - DEBUG - Changing event name from docs.*.cloudsearchdomain.Search.complete-section to docs.*.cloudsearch-domain.Search.complete-section
2025-02-07 08:40:20 - DEBUG - Loading JSON file: /usr/local/lib/python3.9/site-packages/botocore/data/endpoints.json
2025-02-07 08:40:20 - DEBUG - Loading JSON file: /usr/local/lib/python3.9/site-packages/botocore/data/sdk-default-configuration.json
2025-02-07 08:40:20 - DEBUG - Event choose-service-name: calling handler <function handle_service_name_alias at 0x7fcadbeec160>
2025-02-07 08:40:20 - DEBUG - Loading JSON file: /usr/local/lib/python3.9/site-packages/botocore/data/s3/2006-03-01/service-2.json.gz
2025-02-07 08:40:20 - DEBUG - Loading JSON file: /usr/local/lib/python3.9/site-packages/botocore/data/s3/2006-03-01/service-2.sdk-extras.json
2025-02-07 08:40:20 - DEBUG - Loading JSON file: /usr/local/lib/python3.9/site-packages/botocore/data/s3/2006-03-01/endpoint-rule-set-1.json.gz
2025-02-07 08:40:20 - DEBUG - Loading JSON file: /usr/local/lib/python3.9/site-packages/botocore/data/partitions.json
2025-02-07 08:40:20 - DEBUG - Event creating-client-class.s3: calling handler <function add_generate_presigned_post at 0x7fcadbca0940>
2025-02-07 08:40:20 - DEBUG - Event creating-client-class.s3: calling handler <function lazy_call.<locals>._handler at 0x7fcb6405caf0>
2025-02-07 08:40:21 - DEBUG - Event creating-client-class.s3: calling handler <function add_generate_presigned_url at 0x7fc5cfde7700>
2025-02-07 08:40:21 - DEBUG - Event creating-client-class.s3: calling handler <function add_generate_presigned_url at 0x7f8f3a8c3700>
2025-02-07 08:40:21 - DEBUG - Event creating-client-class.s3: calling handler <function add_generate_presigned_url at 0x7fcadbca0700>
2025-02-07 08:40:25 - DEBUG - Changing event name from creating-client-class.iot-data to creating-client-class.iot-data-plane
2025-02-07 08:40:25 - DEBUG - Changing event name from before-call.apigateway to before-call.api-gateway
2025-02-07 08:40:25 - DEBUG - Changing event name from request-created.machinelearning.Predict to request-created.machine-learning.Predict
2025-02-07 08:40:25 - DEBUG - Changing event name from before-parameter-build.autoscaling.CreateLaunchConfiguration to before-parameter-build.auto-scaling.CreateLaunchConfiguration
2025-02-07 08:40:25 - DEBUG - Changing event name from before-parameter-build.route53 to before-parameter-build.route-53
2025-02-07 08:40:25 - DEBUG - Changing event name from request-created.cloudsearchdomain.Search to request-created.cloudsearch-domain.Search
2025-02-07 08:40:25 - DEBUG - Changing event name from docs.*.autoscaling.CreateLaunchConfiguration.complete-section to docs.*.auto-scaling.CreateLaunchConfiguration.complete-section
2025-02-07 08:40:25 - DEBUG - Changing event name from before-parameter-build.logs.CreateExportTask to before-parameter-build.cloudwatch-logs.CreateExportTask
2025-02-07 08:40:25 - DEBUG - Changing event name from docs.*.logs.CreateExportTask.complete-section to docs.*.cloudwatch-logs.CreateExportTask.complete-section
2025-02-07 08:40:25 - DEBUG - Changing event name from before-parameter-build.cloudsearchdomain.Search to before-parameter-build.cloudsearch-domain.Search
2025-02-07 08:40:25 - DEBUG - Changing event name from docs.*.cloudsearchdomain.Search.complete-section to docs.*.cloudsearch-domain.Search.complete-section
2025-02-07 08:40:25 - DEBUG - Loading JSON file: /usr/local/lib/python3.9/site-packages/botocore/data/endpoints.json
2025-02-07 08:40:25 - DEBUG - Loading JSON file: /usr/local/lib/python3.9/site-packages/botocore/data/sdk-default-configuration.json
2025-02-07 08:40:25 - DEBUG - Event choose-service-name: calling handler <function handle_service_name_alias at 0x7f68278f5160>
2025-02-07 08:40:25 - DEBUG - Loading JSON file: /usr/local/lib/python3.9/site-packages/botocore/data/s3/2006-03-01/service-2.json.gz
2025-02-07 08:40:25 - DEBUG - Loading JSON file: /usr/local/lib/python3.9/site-packages/botocore/data/s3/2006-03-01/service-2.sdk-extras.json
2025-02-07 08:40:25 - DEBUG - Loading JSON file: /usr/local/lib/python3.9/site-packages/botocore/data/s3/2006-03-01/endpoint-rule-set-1.json.gz
2025-02-07 08:40:25 - DEBUG - Loading JSON file: /usr/local/lib/python3.9/site-packages/botocore/data/partitions.json
2025-02-07 08:40:25 - DEBUG - Event creating-client-class.s3: calling handler <function add_generate_presigned_post at 0x7f68276ac940>
2025-02-07 08:40:25 - DEBUG - Event creating-client-class.s3: calling handler <function lazy_call.<locals>._handler at 0x7f68af85caf0>
2025-02-07 08:40:25 - DEBUG - Event creating-client-class.s3: calling handler <function add_generate_presigned_url at 0x7f68276ac700>
2025-02-07 08:40:28 - DEBUG - Changing event name from creating-client-class.iot-data to creating-client-class.iot-data-plane
2025-02-07 08:40:28 - DEBUG - Changing event name from before-call.apigateway to before-call.api-gateway
2025-02-07 08:40:28 - DEBUG - Changing event name from request-created.machinelearning.Predict to request-created.machine-learning.Predict
2025-02-07 08:40:28 - DEBUG - Changing event name from before-parameter-build.autoscaling.CreateLaunchConfiguration to before-parameter-build.auto-scaling.CreateLaunchConfiguration
2025-02-07 08:40:28 - DEBUG - Changing event name from before-parameter-build.route53 to before-parameter-build.route-53
2025-02-07 08:40:28 - DEBUG - Changing event name from request-created.cloudsearchdomain.Search to request-created.cloudsearch-domain.Search
2025-02-07 08:40:28 - DEBUG - Changing event name from docs.*.autoscaling.CreateLaunchConfiguration.complete-section to docs.*.auto-scaling.CreateLaunchConfiguration.complete-section
2025-02-07 08:40:28 - DEBUG - Changing event name from before-parameter-build.logs.CreateExportTask to before-parameter-build.cloudwatch-logs.CreateExportTask
2025-02-07 08:40:28 - DEBUG - Changing event name from docs.*.logs.CreateExportTask.complete-section to docs.*.cloudwatch-logs.CreateExportTask.complete-section
2025-02-07 08:40:28 - DEBUG - Changing event name from before-parameter-build.cloudsearchdomain.Search to before-parameter-build.cloudsearch-domain.Search
2025-02-07 08:40:28 - DEBUG - Changing event name from docs.*.cloudsearchdomain.Search.complete-section to docs.*.cloudsearch-domain.Search.complete-section
2025-02-07 08:40:28 - DEBUG - Loading JSON file: /usr/local/lib/python3.9/site-packages/botocore/data/endpoints.json
2025-02-07 08:40:28 - DEBUG - Loading JSON file: /usr/local/lib/python3.9/site-packages/botocore/data/sdk-default-configuration.json
2025-02-07 08:40:28 - DEBUG - Event choose-service-name: calling handler <function handle_service_name_alias at 0x7f59f862a160>
2025-02-07 08:40:29 - DEBUG - Loading JSON file: /usr/local/lib/python3.9/site-packages/botocore/data/s3/2006-03-01/service-2.json.gz
2025-02-07 08:40:29 - DEBUG - Loading JSON file: /usr/local/lib/python3.9/site-packages/botocore/data/s3/2006-03-01/service-2.sdk-extras.json
2025-02-07 08:40:29 - DEBUG - Loading JSON file: /usr/local/lib/python3.9/site-packages/botocore/data/s3/2006-03-01/endpoint-rule-set-1.json.gz
2025-02-07 08:40:29 - DEBUG - Loading JSON file: /usr/local/lib/python3.9/site-packages/botocore/data/partitions.json
2025-02-07 08:40:29 - DEBUG - Event creating-client-class.s3: calling handler <function add_generate_presigned_post at 0x7f59f83df940>
2025-02-07 08:40:29 - DEBUG - Event creating-client-class.s3: calling handler <function lazy_call.<locals>._handler at 0x7f5a808d2af0>
2025-02-07 08:40:29 - DEBUG - Event creating-client-class.s3: calling handler <function add_generate_presigned_url at 0x7f59f83df700>
2025-02-07 08:40:32 - DEBUG - Changing event name from creating-client-class.iot-data to creating-client-class.iot-data-plane
2025-02-07 08:40:32 - DEBUG - Changing event name from before-call.apigateway to before-call.api-gateway
2025-02-07 08:40:32 - DEBUG - Changing event name from request-created.machinelearning.Predict to request-created.machine-learning.Predict
2025-02-07 08:40:33 - DEBUG - Changing event name from before-parameter-build.autoscaling.CreateLaunchConfiguration to before-parameter-build.auto-scaling.CreateLaunchConfiguration
2025-02-07 08:40:33 - DEBUG - Changing event name from before-parameter-build.route53 to before-parameter-build.route-53
2025-02-07 08:40:33 - DEBUG - Changing event name from request-created.cloudsearchdomain.Search to request-created.cloudsearch-domain.Search
2025-02-07 08:40:33 - DEBUG - Changing event name from docs.*.autoscaling.CreateLaunchConfiguration.complete-section to docs.*.auto-scaling.CreateLaunchConfiguration.complete-section
2025-02-07 08:40:33 - DEBUG - Changing event name from before-parameter-build.logs.CreateExportTask to before-parameter-build.cloudwatch-logs.CreateExportTask
2025-02-07 08:40:33 - DEBUG - Changing event name from docs.*.logs.CreateExportTask.complete-section to docs.*.cloudwatch-logs.CreateExportTask.complete-section
2025-02-07 08:40:33 - DEBUG - Changing event name from before-parameter-build.cloudsearchdomain.Search to before-parameter-build.cloudsearch-domain.Search
2025-02-07 08:40:33 - DEBUG - Changing event name from docs.*.cloudsearchdomain.Search.complete-section to docs.*.cloudsearch-domain.Search.complete-section
2025-02-07 08:40:33 - DEBUG - Loading JSON file: /usr/local/lib/python3.9/site-packages/botocore/data/endpoints.json
2025-02-07 08:40:33 - DEBUG - Loading JSON file: /usr/local/lib/python3.9/site-packages/botocore/data/sdk-default-configuration.json
2025-02-07 08:40:33 - DEBUG - Event choose-service-name: calling handler <function handle_service_name_alias at 0x7f9b72e82160>
2025-02-07 08:40:33 - DEBUG - Loading JSON file: /usr/local/lib/python3.9/site-packages/botocore/data/s3/2006-03-01/service-2.json.gz
2025-02-07 08:40:33 - DEBUG - Loading JSON file: /usr/local/lib/python3.9/site-packages/botocore/data/s3/2006-03-01/service-2.sdk-extras.json
2025-02-07 08:40:33 - DEBUG - Loading JSON file: /usr/local/lib/python3.9/site-packages/botocore/data/s3/2006-03-01/endpoint-rule-set-1.json.gz
2025-02-07 08:40:33 - DEBUG - Loading JSON file: /usr/local/lib/python3.9/site-packages/botocore/data/partitions.json
2025-02-07 08:40:33 - DEBUG - Event creating-client-class.s3: calling handler <function add_generate_presigned_post at 0x7f9b72c36940>
2025-02-07 08:40:33 - DEBUG - Event creating-client-class.s3: calling handler <function lazy_call.<locals>._handler at 0x7f9bfb059af0>
2025-02-07 08:40:33 - DEBUG - Event creating-client-class.s3: calling handler <function add_generate_presigned_url at 0x7f9b72c36700>
2025-02-07 08:40:47 - DEBUG - Changing event name from creating-client-class.iot-data to creating-client-class.iot-data-plane
2025-02-07 08:40:47 - DEBUG - Changing event name from before-call.apigateway to before-call.api-gateway
2025-02-07 08:40:47 - DEBUG - Changing event name from request-created.machinelearning.Predict to request-created.machine-learning.Predict
2025-02-07 08:40:47 - DEBUG - Changing event name from before-parameter-build.autoscaling.CreateLaunchConfiguration to before-parameter-build.auto-scaling.CreateLaunchConfiguration
2025-02-07 08:40:47 - DEBUG - Changing event name from before-parameter-build.route53 to before-parameter-build.route-53
2025-02-07 08:40:47 - DEBUG - Changing event name from request-created.cloudsearchdomain.Search to request-created.cloudsearch-domain.Search
2025-02-07 08:40:47 - DEBUG - Changing event name from docs.*.autoscaling.CreateLaunchConfiguration.complete-section to docs.*.auto-scaling.CreateLaunchConfiguration.complete-section
2025-02-07 08:40:47 - DEBUG - Changing event name from before-parameter-build.logs.CreateExportTask to before-parameter-build.cloudwatch-logs.CreateExportTask
2025-02-07 08:40:47 - DEBUG - Changing event name from docs.*.logs.CreateExportTask.complete-section to docs.*.cloudwatch-logs.CreateExportTask.complete-section
2025-02-07 08:40:47 - DEBUG - Changing event name from before-parameter-build.cloudsearchdomain.Search to before-parameter-build.cloudsearch-domain.Search
2025-02-07 08:40:47 - DEBUG - Changing event name from docs.*.cloudsearchdomain.Search.complete-section to docs.*.cloudsearch-domain.Search.complete-section
2025-02-07 08:40:47 - DEBUG - Loading JSON file: /usr/local/lib/python3.9/site-packages/botocore/data/endpoints.json
2025-02-07 08:40:47 - DEBUG - Loading JSON file: /usr/local/lib/python3.9/site-packages/botocore/data/sdk-default-configuration.json
2025-02-07 08:40:47 - DEBUG - Event choose-service-name: calling handler <function handle_service_name_alias at 0x7f575ef60160>
2025-02-07 08:40:47 - DEBUG - Loading JSON file: /usr/local/lib/python3.9/site-packages/botocore/data/s3/2006-03-01/service-2.json.gz
2025-02-07 08:40:47 - DEBUG - Loading JSON file: /usr/local/lib/python3.9/site-packages/botocore/data/s3/2006-03-01/service-2.sdk-extras.json
2025-02-07 08:40:47 - DEBUG - Loading JSON file: /usr/local/lib/python3.9/site-packages/botocore/data/s3/2006-03-01/endpoint-rule-set-1.json.gz
2025-02-07 08:40:47 - DEBUG - Loading JSON file: /usr/local/lib/python3.9/site-packages/botocore/data/partitions.json
2025-02-07 08:40:47 - DEBUG - Event creating-client-class.s3: calling handler <function add_generate_presigned_post at 0x7f575ed16940>
2025-02-07 08:40:47 - DEBUG - Event creating-client-class.s3: calling handler <function lazy_call.<locals>._handler at 0x7f57e7058af0>
2025-02-07 08:40:49 - DEBUG - Event creating-client-class.s3: calling handler <function add_generate_presigned_url at 0x7f575ed16700>
2025-02-07 08:40:56 - DEBUG - Changing event name from creating-client-class.iot-data to creating-client-class.iot-data-plane
2025-02-07 08:40:56 - DEBUG - Changing event name from before-call.apigateway to before-call.api-gateway
2025-02-07 08:40:56 - DEBUG - Changing event name from creating-client-class.iot-data to creating-client-class.iot-data-plane
2025-02-07 08:40:56 - DEBUG - Changing event name from request-created.machinelearning.Predict to request-created.machine-learning.Predict
2025-02-07 08:40:56 - DEBUG - Changing event name from before-parameter-build.autoscaling.CreateLaunchConfiguration to before-parameter-build.auto-scaling.CreateLaunchConfiguration
2025-02-07 08:40:56 - DEBUG - Changing event name from before-call.apigateway to before-call.api-gateway
2025-02-07 08:40:56 - DEBUG - Changing event name from before-parameter-build.route53 to before-parameter-build.route-53
2025-02-07 08:40:56 - DEBUG - Changing event name from request-created.machinelearning.Predict to request-created.machine-learning.Predict
2025-02-07 08:40:56 - DEBUG - Changing event name from request-created.cloudsearchdomain.Search to request-created.cloudsearch-domain.Search
2025-02-07 08:40:56 - DEBUG - Changing event name from before-parameter-build.autoscaling.CreateLaunchConfiguration to before-parameter-build.auto-scaling.CreateLaunchConfiguration
2025-02-07 08:40:56 - DEBUG - Changing event name from before-parameter-build.route53 to before-parameter-build.route-53
2025-02-07 08:40:56 - DEBUG - Changing event name from request-created.cloudsearchdomain.Search to request-created.cloudsearch-domain.Search
2025-02-07 08:40:56 - DEBUG - Changing event name from docs.*.autoscaling.CreateLaunchConfiguration.complete-section to docs.*.auto-scaling.CreateLaunchConfiguration.complete-section
2025-02-07 08:40:56 - DEBUG - Changing event name from docs.*.autoscaling.CreateLaunchConfiguration.complete-section to docs.*.auto-scaling.CreateLaunchConfiguration.complete-section
2025-02-07 08:40:56 - DEBUG - Changing event name from before-parameter-build.logs.CreateExportTask to before-parameter-build.cloudwatch-logs.CreateExportTask
2025-02-07 08:40:56 - DEBUG - Changing event name from docs.*.logs.CreateExportTask.complete-section to docs.*.cloudwatch-logs.CreateExportTask.complete-section
2025-02-07 08:40:56 - DEBUG - Changing event name from before-parameter-build.logs.CreateExportTask to before-parameter-build.cloudwatch-logs.CreateExportTask
2025-02-07 08:40:56 - DEBUG - Changing event name from docs.*.logs.CreateExportTask.complete-section to docs.*.cloudwatch-logs.CreateExportTask.complete-section
2025-02-07 08:40:56 - DEBUG - Changing event name from before-parameter-build.cloudsearchdomain.Search to before-parameter-build.cloudsearch-domain.Search
2025-02-07 08:40:56 - DEBUG - Changing event name from before-parameter-build.cloudsearchdomain.Search to before-parameter-build.cloudsearch-domain.Search
2025-02-07 08:40:56 - DEBUG - Changing event name from docs.*.cloudsearchdomain.Search.complete-section to docs.*.cloudsearch-domain.Search.complete-section
2025-02-07 08:40:56 - DEBUG - Changing event name from docs.*.cloudsearchdomain.Search.complete-section to docs.*.cloudsearch-domain.Search.complete-section
2025-02-07 08:40:56 - DEBUG - Loading JSON file: /usr/local/lib/python3.9/site-packages/botocore/data/endpoints.json
2025-02-07 08:40:56 - DEBUG - Loading JSON file: /usr/local/lib/python3.9/site-packages/botocore/data/endpoints.json
2025-02-07 08:40:56 - DEBUG - Loading JSON file: /usr/local/lib/python3.9/site-packages/botocore/data/sdk-default-configuration.json
2025-02-07 08:40:56 - DEBUG - Loading JSON file: /usr/local/lib/python3.9/site-packages/botocore/data/sdk-default-configuration.json
2025-02-07 08:40:56 - DEBUG - Event choose-service-name: calling handler <function handle_service_name_alias at 0x7f8c730c6160>
2025-02-07 08:40:56 - DEBUG - Event choose-service-name: calling handler <function handle_service_name_alias at 0x7fbd7824d160>
2025-02-07 08:40:56 - DEBUG - Loading JSON file: /usr/local/lib/python3.9/site-packages/botocore/data/s3/2006-03-01/service-2.json.gz
2025-02-07 08:40:56 - DEBUG - Loading JSON file: /usr/local/lib/python3.9/site-packages/botocore/data/s3/2006-03-01/service-2.json.gz
2025-02-07 08:40:56 - DEBUG - Loading JSON file: /usr/local/lib/python3.9/site-packages/botocore/data/s3/2006-03-01/service-2.sdk-extras.json
2025-02-07 08:40:56 - DEBUG - Loading JSON file: /usr/local/lib/python3.9/site-packages/botocore/data/s3/2006-03-01/service-2.sdk-extras.json
2025-02-07 08:40:56 - DEBUG - Loading JSON file: /usr/local/lib/python3.9/site-packages/botocore/data/s3/2006-03-01/endpoint-rule-set-1.json.gz
2025-02-07 08:40:56 - DEBUG - Loading JSON file: /usr/local/lib/python3.9/site-packages/botocore/data/s3/2006-03-01/endpoint-rule-set-1.json.gz
2025-02-07 08:40:56 - DEBUG - Loading JSON file: /usr/local/lib/python3.9/site-packages/botocore/data/partitions.json
2025-02-07 08:40:56 - DEBUG - Loading JSON file: /usr/local/lib/python3.9/site-packages/botocore/data/partitions.json
2025-02-07 08:40:56 - DEBUG - Event creating-client-class.s3: calling handler <function add_generate_presigned_post at 0x7f8c72e7b940>
2025-02-07 08:40:56 - DEBUG - Event creating-client-class.s3: calling handler <function add_generate_presigned_post at 0x7fbd78001940>
2025-02-07 08:40:56 - DEBUG - Event creating-client-class.s3: calling handler <function lazy_call.<locals>._handler at 0x7f8cfb057af0>
2025-02-07 08:40:56 - DEBUG - Event creating-client-class.s3: calling handler <function lazy_call.<locals>._handler at 0x7fbe009efaf0>
2025-02-07 08:40:57 - DEBUG - Changing event name from creating-client-class.iot-data to creating-client-class.iot-data-plane
2025-02-07 08:40:57 - DEBUG - Changing event name from before-call.apigateway to before-call.api-gateway
2025-02-07 08:40:57 - DEBUG - Changing event name from request-created.machinelearning.Predict to request-created.machine-learning.Predict
2025-02-07 08:40:57 - DEBUG - Changing event name from before-parameter-build.autoscaling.CreateLaunchConfiguration to before-parameter-build.auto-scaling.CreateLaunchConfiguration
2025-02-07 08:40:57 - DEBUG - Changing event name from before-parameter-build.route53 to before-parameter-build.route-53
2025-02-07 08:40:57 - DEBUG - Changing event name from request-created.cloudsearchdomain.Search to request-created.cloudsearch-domain.Search
2025-02-07 08:40:57 - DEBUG - Changing event name from docs.*.autoscaling.CreateLaunchConfiguration.complete-section to docs.*.auto-scaling.CreateLaunchConfiguration.complete-section
2025-02-07 08:40:57 - DEBUG - Changing event name from before-parameter-build.logs.CreateExportTask to before-parameter-build.cloudwatch-logs.CreateExportTask
2025-02-07 08:40:57 - DEBUG - Changing event name from docs.*.logs.CreateExportTask.complete-section to docs.*.cloudwatch-logs.CreateExportTask.complete-section
2025-02-07 08:40:57 - DEBUG - Changing event name from before-parameter-build.cloudsearchdomain.Search to before-parameter-build.cloudsearch-domain.Search
2025-02-07 08:40:57 - DEBUG - Changing event name from docs.*.cloudsearchdomain.Search.complete-section to docs.*.cloudsearch-domain.Search.complete-section
2025-02-07 08:40:57 - DEBUG - Loading JSON file: /usr/local/lib/python3.9/site-packages/botocore/data/endpoints.json
2025-02-07 08:40:57 - DEBUG - Loading JSON file: /usr/local/lib/python3.9/site-packages/botocore/data/sdk-default-configuration.json
2025-02-07 08:40:58 - DEBUG - Event choose-service-name: calling handler <function handle_service_name_alias at 0x7f3e9524e160>
2025-02-07 08:40:58 - DEBUG - Loading JSON file: /usr/local/lib/python3.9/site-packages/botocore/data/s3/2006-03-01/service-2.json.gz
2025-02-07 08:40:58 - DEBUG - Loading JSON file: /usr/local/lib/python3.9/site-packages/botocore/data/s3/2006-03-01/service-2.sdk-extras.json
2025-02-07 08:40:58 - DEBUG - Loading JSON file: /usr/local/lib/python3.9/site-packages/botocore/data/s3/2006-03-01/endpoint-rule-set-1.json.gz
2025-02-07 08:40:58 - DEBUG - Loading JSON file: /usr/local/lib/python3.9/site-packages/botocore/data/partitions.json
2025-02-07 08:40:58 - DEBUG - Event creating-client-class.s3: calling handler <function add_generate_presigned_post at 0x7f3e95002940>
2025-02-07 08:40:58 - DEBUG - Event creating-client-class.s3: calling handler <function lazy_call.<locals>._handler at 0x7f3f1dbeeaf0>
2025-02-07 08:40:59 - DEBUG - Changing event name from creating-client-class.iot-data to creating-client-class.iot-data-plane
2025-02-07 08:40:59 - DEBUG - Changing event name from before-call.apigateway to before-call.api-gateway
2025-02-07 08:40:59 - DEBUG - Changing event name from request-created.machinelearning.Predict to request-created.machine-learning.Predict
2025-02-07 08:40:59 - DEBUG - Event creating-client-class.s3: calling handler <function add_generate_presigned_url at 0x7f8c72e7b700>
2025-02-07 08:40:59 - DEBUG - Changing event name from before-parameter-build.autoscaling.CreateLaunchConfiguration to before-parameter-build.auto-scaling.CreateLaunchConfiguration
2025-02-07 08:40:59 - DEBUG - Changing event name from before-parameter-build.route53 to before-parameter-build.route-53
2025-02-07 08:40:59 - DEBUG - Changing event name from request-created.cloudsearchdomain.Search to request-created.cloudsearch-domain.Search
2025-02-07 08:40:59 - DEBUG - Changing event name from docs.*.autoscaling.CreateLaunchConfiguration.complete-section to docs.*.auto-scaling.CreateLaunchConfiguration.complete-section
2025-02-07 08:40:59 - DEBUG - Changing event name from before-parameter-build.logs.CreateExportTask to before-parameter-build.cloudwatch-logs.CreateExportTask
2025-02-07 08:40:59 - DEBUG - Changing event name from docs.*.logs.CreateExportTask.complete-section to docs.*.cloudwatch-logs.CreateExportTask.complete-section
2025-02-07 08:40:59 - DEBUG - Changing event name from before-parameter-build.cloudsearchdomain.Search to before-parameter-build.cloudsearch-domain.Search
2025-02-07 08:40:59 - DEBUG - Changing event name from docs.*.cloudsearchdomain.Search.complete-section to docs.*.cloudsearch-domain.Search.complete-section
2025-02-07 08:40:59 - DEBUG - Event creating-client-class.s3: calling handler <function add_generate_presigned_url at 0x7fbd78001700>
2025-02-07 08:40:59 - DEBUG - Loading JSON file: /usr/local/lib/python3.9/site-packages/botocore/data/endpoints.json
2025-02-07 08:40:59 - DEBUG - Loading JSON file: /usr/local/lib/python3.9/site-packages/botocore/data/sdk-default-configuration.json
2025-02-07 08:40:59 - DEBUG - Event choose-service-name: calling handler <function handle_service_name_alias at 0x7f214c7cf160>
2025-02-07 08:40:59 - DEBUG - Loading JSON file: /usr/local/lib/python3.9/site-packages/botocore/data/s3/2006-03-01/service-2.json.gz
2025-02-07 08:41:00 - DEBUG - Loading JSON file: /usr/local/lib/python3.9/site-packages/botocore/data/s3/2006-03-01/service-2.sdk-extras.json
2025-02-07 08:41:00 - DEBUG - Loading JSON file: /usr/local/lib/python3.9/site-packages/botocore/data/s3/2006-03-01/endpoint-rule-set-1.json.gz
2025-02-07 08:41:00 - DEBUG - Loading JSON file: /usr/local/lib/python3.9/site-packages/botocore/data/partitions.json
2025-02-07 08:41:00 - DEBUG - Event creating-client-class.s3: calling handler <function add_generate_presigned_post at 0x7f214c582940>
2025-02-07 08:41:00 - DEBUG - Event creating-client-class.s3: calling handler <function lazy_call.<locals>._handler at 0x7f21d4e2daf0>
2025-02-07 08:41:00 - DEBUG - Event creating-client-class.s3: calling handler <function add_generate_presigned_url at 0x7f3e95002700>
2025-02-07 08:41:01 - DEBUG - Event creating-client-class.s3: calling handler <function add_generate_presigned_url at 0x7f214c582700>
2025-02-07 08:41:28 - DEBUG - Changing event name from creating-client-class.iot-data to creating-client-class.iot-data-plane
2025-02-07 08:41:28 - DEBUG - Changing event name from before-call.apigateway to before-call.api-gateway
2025-02-07 08:41:28 - DEBUG - Changing event name from request-created.machinelearning.Predict to request-created.machine-learning.Predict
2025-02-07 08:41:28 - DEBUG - Changing event name from before-parameter-build.autoscaling.CreateLaunchConfiguration to before-parameter-build.auto-scaling.CreateLaunchConfiguration
2025-02-07 08:41:28 - DEBUG - Changing event name from before-parameter-build.route53 to before-parameter-build.route-53
2025-02-07 08:41:28 - DEBUG - Changing event name from request-created.cloudsearchdomain.Search to request-created.cloudsearch-domain.Search
2025-02-07 08:41:28 - DEBUG - Changing event name from docs.*.autoscaling.CreateLaunchConfiguration.complete-section to docs.*.auto-scaling.CreateLaunchConfiguration.complete-section
2025-02-07 08:41:28 - DEBUG - Changing event name from before-parameter-build.logs.CreateExportTask to before-parameter-build.cloudwatch-logs.CreateExportTask
2025-02-07 08:41:28 - DEBUG - Changing event name from docs.*.logs.CreateExportTask.complete-section to docs.*.cloudwatch-logs.CreateExportTask.complete-section
2025-02-07 08:41:28 - DEBUG - Changing event name from before-parameter-build.cloudsearchdomain.Search to before-parameter-build.cloudsearch-domain.Search
2025-02-07 08:41:28 - DEBUG - Changing event name from docs.*.cloudsearchdomain.Search.complete-section to docs.*.cloudsearch-domain.Search.complete-section
2025-02-07 08:41:28 - DEBUG - Loading JSON file: /usr/local/lib/python3.9/site-packages/botocore/data/endpoints.json
2025-02-07 08:41:28 - DEBUG - Loading JSON file: /usr/local/lib/python3.9/site-packages/botocore/data/sdk-default-configuration.json
2025-02-07 08:41:28 - DEBUG - Event choose-service-name: calling handler <function handle_service_name_alias at 0x7f4a1e97c160>
2025-02-07 08:41:28 - DEBUG - Changing event name from creating-client-class.iot-data to creating-client-class.iot-data-plane
2025-02-07 08:41:28 - DEBUG - Changing event name from before-call.apigateway to before-call.api-gateway
2025-02-07 08:41:28 - DEBUG - Changing event name from request-created.machinelearning.Predict to request-created.machine-learning.Predict
2025-02-07 08:41:28 - DEBUG - Changing event name from before-parameter-build.autoscaling.CreateLaunchConfiguration to before-parameter-build.auto-scaling.CreateLaunchConfiguration
2025-02-07 08:41:28 - DEBUG - Changing event name from before-parameter-build.route53 to before-parameter-build.route-53
2025-02-07 08:41:28 - DEBUG - Loading JSON file: /usr/local/lib/python3.9/site-packages/botocore/data/s3/2006-03-01/service-2.json.gz
2025-02-07 08:41:28 - DEBUG - Changing event name from request-created.cloudsearchdomain.Search to request-created.cloudsearch-domain.Search
2025-02-07 08:41:28 - DEBUG - Changing event name from docs.*.autoscaling.CreateLaunchConfiguration.complete-section to docs.*.auto-scaling.CreateLaunchConfiguration.complete-section
2025-02-07 08:41:28 - DEBUG - Changing event name from before-parameter-build.logs.CreateExportTask to before-parameter-build.cloudwatch-logs.CreateExportTask
2025-02-07 08:41:28 - DEBUG - Changing event name from docs.*.logs.CreateExportTask.complete-section to docs.*.cloudwatch-logs.CreateExportTask.complete-section
2025-02-07 08:41:28 - DEBUG - Changing event name from before-parameter-build.cloudsearchdomain.Search to before-parameter-build.cloudsearch-domain.Search
2025-02-07 08:41:28 - DEBUG - Changing event name from docs.*.cloudsearchdomain.Search.complete-section to docs.*.cloudsearch-domain.Search.complete-section
2025-02-07 08:41:28 - DEBUG - Loading JSON file: /usr/local/lib/python3.9/site-packages/botocore/data/endpoints.json
2025-02-07 08:41:28 - DEBUG - Loading JSON file: /usr/local/lib/python3.9/site-packages/botocore/data/s3/2006-03-01/service-2.sdk-extras.json
2025-02-07 08:41:28 - DEBUG - Loading JSON file: /usr/local/lib/python3.9/site-packages/botocore/data/s3/2006-03-01/endpoint-rule-set-1.json.gz
2025-02-07 08:41:28 - DEBUG - Loading JSON file: /usr/local/lib/python3.9/site-packages/botocore/data/partitions.json
2025-02-07 08:41:28 - DEBUG - Event creating-client-class.s3: calling handler <function add_generate_presigned_post at 0x7f4a1e730940>
2025-02-07 08:41:28 - DEBUG - Event creating-client-class.s3: calling handler <function lazy_call.<locals>._handler at 0x7f4aa904faf0>
2025-02-07 08:41:28 - DEBUG - Loading JSON file: /usr/local/lib/python3.9/site-packages/botocore/data/sdk-default-configuration.json
2025-02-07 08:41:28 - DEBUG - Event choose-service-name: calling handler <function handle_service_name_alias at 0x7f6fd9f62160>
2025-02-07 08:41:28 - DEBUG - Loading JSON file: /usr/local/lib/python3.9/site-packages/botocore/data/s3/2006-03-01/service-2.json.gz
2025-02-07 08:41:28 - DEBUG - Loading JSON file: /usr/local/lib/python3.9/site-packages/botocore/data/s3/2006-03-01/service-2.sdk-extras.json
2025-02-07 08:41:28 - DEBUG - Loading JSON file: /usr/local/lib/python3.9/site-packages/botocore/data/s3/2006-03-01/endpoint-rule-set-1.json.gz
2025-02-07 08:41:28 - DEBUG - Loading JSON file: /usr/local/lib/python3.9/site-packages/botocore/data/partitions.json
2025-02-07 08:41:28 - DEBUG - Event creating-client-class.s3: calling handler <function add_generate_presigned_post at 0x7f6fd9d15940>
2025-02-07 08:41:28 - DEBUG - Event creating-client-class.s3: calling handler <function lazy_call.<locals>._handler at 0x7f7062631af0>
2025-02-07 08:41:29 - DEBUG - Event creating-client-class.s3: calling handler <function add_generate_presigned_url at 0x7f4a1e730700>
2025-02-07 08:41:29 - DEBUG - Setting s3 timeout as (60, 60)
2025-02-07 08:41:29 - DEBUG - Loading JSON file: /usr/local/lib/python3.9/site-packages/botocore/data/_retry.json
2025-02-07 08:41:29 - DEBUG - Registering retry handlers for service: s3
2025-02-07 08:41:29 - DEBUG - Registering S3 region redirector handler
2025-02-07 08:41:29 - DEBUG - Registering S3Express Identity Resolver
2025-02-07 08:41:29 - DEBUG - Changing event name from creating-client-class.iot-data to creating-client-class.iot-data-plane
2025-02-07 08:41:29 - DEBUG - Changing event name from before-call.apigateway to before-call.api-gateway
2025-02-07 08:41:29 - DEBUG - Changing event name from request-created.machinelearning.Predict to request-created.machine-learning.Predict
2025-02-07 08:41:29 - DEBUG - Changing event name from before-parameter-build.autoscaling.CreateLaunchConfiguration to before-parameter-build.auto-scaling.CreateLaunchConfiguration
2025-02-07 08:41:29 - DEBUG - Changing event name from before-parameter-build.route53 to before-parameter-build.route-53
2025-02-07 08:41:29 - DEBUG - Changing event name from request-created.cloudsearchdomain.Search to request-created.cloudsearch-domain.Search
2025-02-07 08:41:29 - DEBUG - Changing event name from docs.*.autoscaling.CreateLaunchConfiguration.complete-section to docs.*.auto-scaling.CreateLaunchConfiguration.complete-section
2025-02-07 08:41:29 - DEBUG - Changing event name from before-parameter-build.logs.CreateExportTask to before-parameter-build.cloudwatch-logs.CreateExportTask
2025-02-07 08:41:29 - DEBUG - Changing event name from docs.*.logs.CreateExportTask.complete-section to docs.*.cloudwatch-logs.CreateExportTask.complete-section
2025-02-07 08:41:29 - DEBUG - Changing event name from before-parameter-build.cloudsearchdomain.Search to before-parameter-build.cloudsearch-domain.Search
2025-02-07 08:41:29 - DEBUG - Changing event name from docs.*.cloudsearchdomain.Search.complete-section to docs.*.cloudsearch-domain.Search.complete-section
2025-02-07 08:41:29 - DEBUG - Loading JSON file: /usr/local/lib/python3.9/site-packages/botocore/data/endpoints.json
2025-02-07 08:41:29 - DEBUG - Event creating-client-class.s3: calling handler <function add_generate_presigned_url at 0x7f6fd9d15700>
2025-02-07 08:41:29 - DEBUG - Setting s3 timeout as (60, 60)
2025-02-07 08:41:29 - DEBUG - Loading JSON file: /usr/local/lib/python3.9/site-packages/botocore/data/_retry.json
2025-02-07 08:41:29 - DEBUG - Registering retry handlers for service: s3
2025-02-07 08:41:29 - DEBUG - Registering S3 region redirector handler
2025-02-07 08:41:29 - DEBUG - Registering S3Express Identity Resolver
2025-02-07 08:41:29 - DEBUG - Loading JSON file: /usr/local/lib/python3.9/site-packages/botocore/data/sdk-default-configuration.json
2025-02-07 08:41:29 - DEBUG - Event choose-service-name: calling handler <function handle_service_name_alias at 0x7fe812233160>
2025-02-07 08:41:29 - DEBUG - Changing event name from creating-client-class.iot-data to creating-client-class.iot-data-plane
2025-02-07 08:41:29 - DEBUG - Changing event name from before-call.apigateway to before-call.api-gateway
2025-02-07 08:41:29 - DEBUG - Changing event name from request-created.machinelearning.Predict to request-created.machine-learning.Predict
2025-02-07 08:41:29 - DEBUG - Changing event name from before-parameter-build.autoscaling.CreateLaunchConfiguration to before-parameter-build.auto-scaling.CreateLaunchConfiguration
2025-02-07 08:41:29 - DEBUG - Changing event name from before-parameter-build.route53 to before-parameter-build.route-53
2025-02-07 08:41:29 - DEBUG - Changing event name from creating-client-class.iot-data to creating-client-class.iot-data-plane
2025-02-07 08:41:29 - DEBUG - Changing event name from request-created.cloudsearchdomain.Search to request-created.cloudsearch-domain.Search
2025-02-07 08:41:29 - DEBUG - Loading JSON file: /usr/local/lib/python3.9/site-packages/botocore/data/s3/2006-03-01/service-2.json.gz
2025-02-07 08:41:29 - DEBUG - Changing event name from docs.*.autoscaling.CreateLaunchConfiguration.complete-section to docs.*.auto-scaling.CreateLaunchConfiguration.complete-section
2025-02-07 08:41:29 - DEBUG - Changing event name from before-call.apigateway to before-call.api-gateway
2025-02-07 08:41:29 - DEBUG - Changing event name from before-parameter-build.logs.CreateExportTask to before-parameter-build.cloudwatch-logs.CreateExportTask
2025-02-07 08:41:29 - DEBUG - Changing event name from request-created.machinelearning.Predict to request-created.machine-learning.Predict
2025-02-07 08:41:29 - DEBUG - Changing event name from docs.*.logs.CreateExportTask.complete-section to docs.*.cloudwatch-logs.CreateExportTask.complete-section
2025-02-07 08:41:29 - DEBUG - Changing event name from before-parameter-build.cloudsearchdomain.Search to before-parameter-build.cloudsearch-domain.Search
2025-02-07 08:41:29 - DEBUG - Changing event name from docs.*.cloudsearchdomain.Search.complete-section to docs.*.cloudsearch-domain.Search.complete-section
2025-02-07 08:41:29 - DEBUG - Changing event name from before-parameter-build.autoscaling.CreateLaunchConfiguration to before-parameter-build.auto-scaling.CreateLaunchConfiguration
2025-02-07 08:41:29 - DEBUG - Changing event name from before-parameter-build.route53 to before-parameter-build.route-53
2025-02-07 08:41:29 - DEBUG - Changing event name from request-created.cloudsearchdomain.Search to request-created.cloudsearch-domain.Search
2025-02-07 08:41:29 - DEBUG - Changing event name from docs.*.autoscaling.CreateLaunchConfiguration.complete-section to docs.*.auto-scaling.CreateLaunchConfiguration.complete-section
2025-02-07 08:41:29 - DEBUG - Loading JSON file: /usr/local/lib/python3.9/site-packages/botocore/data/endpoints.json
2025-02-07 08:41:29 - DEBUG - Changing event name from creating-client-class.iot-data to creating-client-class.iot-data-plane
2025-02-07 08:41:29 - DEBUG - Loading JSON file: /usr/local/lib/python3.9/site-packages/botocore/data/s3/2006-03-01/service-2.sdk-extras.json
2025-02-07 08:41:29 - DEBUG - Changing event name from before-parameter-build.logs.CreateExportTask to before-parameter-build.cloudwatch-logs.CreateExportTask
2025-02-07 08:41:29 - DEBUG - Changing event name from docs.*.logs.CreateExportTask.complete-section to docs.*.cloudwatch-logs.CreateExportTask.complete-section
2025-02-07 08:41:29 - DEBUG - Changing event name from before-parameter-build.cloudsearchdomain.Search to before-parameter-build.cloudsearch-domain.Search
2025-02-07 08:41:29 - DEBUG - Changing event name from docs.*.cloudsearchdomain.Search.complete-section to docs.*.cloudsearch-domain.Search.complete-section
2025-02-07 08:41:29 - DEBUG - Changing event name from before-call.apigateway to before-call.api-gateway
2025-02-07 08:41:29 - DEBUG - Changing event name from request-created.machinelearning.Predict to request-created.machine-learning.Predict
2025-02-07 08:41:29 - DEBUG - Loading JSON file: /usr/local/lib/python3.9/site-packages/botocore/data/endpoints.json
2025-02-07 08:41:29 - DEBUG - Changing event name from before-parameter-build.autoscaling.CreateLaunchConfiguration to before-parameter-build.auto-scaling.CreateLaunchConfiguration
2025-02-07 08:41:29 - DEBUG - Changing event name from creating-client-class.iot-data to creating-client-class.iot-data-plane
2025-02-07 08:41:29 - DEBUG - Changing event name from before-parameter-build.route53 to before-parameter-build.route-53
2025-02-07 08:41:29 - DEBUG - Changing event name from request-created.cloudsearchdomain.Search to request-created.cloudsearch-domain.Search
2025-02-07 08:41:29 - DEBUG - Changing event name from docs.*.autoscaling.CreateLaunchConfiguration.complete-section to docs.*.auto-scaling.CreateLaunchConfiguration.complete-section
2025-02-07 08:41:29 - DEBUG - Changing event name from before-call.apigateway to before-call.api-gateway
2025-02-07 08:41:29 - DEBUG - Changing event name from request-created.machinelearning.Predict to request-created.machine-learning.Predict
2025-02-07 08:41:29 - DEBUG - Changing event name from before-parameter-build.logs.CreateExportTask to before-parameter-build.cloudwatch-logs.CreateExportTask
2025-02-07 08:41:29 - DEBUG - Changing event name from docs.*.logs.CreateExportTask.complete-section to docs.*.cloudwatch-logs.CreateExportTask.complete-section
2025-02-07 08:41:29 - DEBUG - Changing event name from before-parameter-build.cloudsearchdomain.Search to before-parameter-build.cloudsearch-domain.Search
2025-02-07 08:41:29 - DEBUG - Changing event name from before-parameter-build.autoscaling.CreateLaunchConfiguration to before-parameter-build.auto-scaling.CreateLaunchConfiguration
2025-02-07 08:41:29 - DEBUG - Changing event name from before-parameter-build.route53 to before-parameter-build.route-53
2025-02-07 08:41:29 - DEBUG - Changing event name from docs.*.cloudsearchdomain.Search.complete-section to docs.*.cloudsearch-domain.Search.complete-section
2025-02-07 08:41:29 - DEBUG - Changing event name from request-created.cloudsearchdomain.Search to request-created.cloudsearch-domain.Search
2025-02-07 08:41:29 - DEBUG - Changing event name from docs.*.autoscaling.CreateLaunchConfiguration.complete-section to docs.*.auto-scaling.CreateLaunchConfiguration.complete-section
2025-02-07 08:41:29 - DEBUG - Loading JSON file: /usr/local/lib/python3.9/site-packages/botocore/data/s3/2006-03-01/endpoint-rule-set-1.json.gz
2025-02-07 08:41:29 - DEBUG - Loading JSON file: /usr/local/lib/python3.9/site-packages/botocore/data/endpoints.json
2025-02-07 08:41:29 - DEBUG - Changing event name from before-parameter-build.logs.CreateExportTask to before-parameter-build.cloudwatch-logs.CreateExportTask
2025-02-07 08:41:29 - DEBUG - Changing event name from docs.*.logs.CreateExportTask.complete-section to docs.*.cloudwatch-logs.CreateExportTask.complete-section
2025-02-07 08:41:29 - DEBUG - Changing event name from before-parameter-build.cloudsearchdomain.Search to before-parameter-build.cloudsearch-domain.Search
2025-02-07 08:41:29 - DEBUG - Changing event name from docs.*.cloudsearchdomain.Search.complete-section to docs.*.cloudsearch-domain.Search.complete-section
2025-02-07 08:41:29 - DEBUG - Loading JSON file: /usr/local/lib/python3.9/site-packages/botocore/data/partitions.json
2025-02-07 08:41:29 - DEBUG - Loading JSON file: /usr/local/lib/python3.9/site-packages/botocore/data/sdk-default-configuration.json
2025-02-07 08:41:29 - DEBUG - Event choose-service-name: calling handler <function handle_service_name_alias at 0x7fe0dc108160>
2025-02-07 08:41:29 - DEBUG - Event creating-client-class.s3: calling handler <function add_generate_presigned_post at 0x7fe811fe8940>
2025-02-07 08:41:29 - DEBUG - Event creating-client-class.s3: calling handler <function lazy_call.<locals>._handler at 0x7fe89a9f1af0>
2025-02-07 08:41:29 - DEBUG - Loading JSON file: /usr/local/lib/python3.9/site-packages/botocore/data/endpoints.json
2025-02-07 08:41:29 - DEBUG - Loading JSON file: /usr/local/lib/python3.9/site-packages/botocore/data/sdk-default-configuration.json
2025-02-07 08:41:29 - DEBUG - Event choose-service-name: calling handler <function handle_service_name_alias at 0x7f875202e160>
2025-02-07 08:41:29 - DEBUG - Changing event name from creating-client-class.iot-data to creating-client-class.iot-data-plane
2025-02-07 08:41:29 - DEBUG - Changing event name from before-call.apigateway to before-call.api-gateway
2025-02-07 08:41:29 - DEBUG - Changing event name from request-created.machinelearning.Predict to request-created.machine-learning.Predict
2025-02-07 08:41:29 - DEBUG - Changing event name from before-parameter-build.autoscaling.CreateLaunchConfiguration to before-parameter-build.auto-scaling.CreateLaunchConfiguration
2025-02-07 08:41:29 - DEBUG - Changing event name from before-parameter-build.route53 to before-parameter-build.route-53
2025-02-07 08:41:29 - DEBUG - Changing event name from request-created.cloudsearchdomain.Search to request-created.cloudsearch-domain.Search
2025-02-07 08:41:29 - DEBUG - Changing event name from docs.*.autoscaling.CreateLaunchConfiguration.complete-section to docs.*.auto-scaling.CreateLaunchConfiguration.complete-section
2025-02-07 08:41:29 - DEBUG - Loading JSON file: /usr/local/lib/python3.9/site-packages/botocore/data/sdk-default-configuration.json
2025-02-07 08:41:29 - DEBUG - Event choose-service-name: calling handler <function handle_service_name_alias at 0x7f812e1ab160>
2025-02-07 08:41:29 - DEBUG - Changing event name from before-parameter-build.logs.CreateExportTask to before-parameter-build.cloudwatch-logs.CreateExportTask
2025-02-07 08:41:29 - DEBUG - Loading JSON file: /usr/local/lib/python3.9/site-packages/botocore/data/s3/2006-03-01/service-2.json.gz
2025-02-07 08:41:29 - DEBUG - Changing event name from docs.*.logs.CreateExportTask.complete-section to docs.*.cloudwatch-logs.CreateExportTask.complete-section
2025-02-07 08:41:29 - DEBUG - Changing event name from before-parameter-build.cloudsearchdomain.Search to before-parameter-build.cloudsearch-domain.Search
2025-02-07 08:41:29 - DEBUG - Changing event name from docs.*.cloudsearchdomain.Search.complete-section to docs.*.cloudsearch-domain.Search.complete-section
2025-02-07 08:41:29 - DEBUG - Loading JSON file: /usr/local/lib/python3.9/site-packages/botocore/data/sdk-default-configuration.json
2025-02-07 08:41:29 - DEBUG - Loading JSON file: /usr/local/lib/python3.9/site-packages/botocore/data/s3/2006-03-01/service-2.json.gz
2025-02-07 08:41:29 - DEBUG - Event choose-service-name: calling handler <function handle_service_name_alias at 0x7fa06577a160>
2025-02-07 08:41:29 - DEBUG - Loading JSON file: /usr/local/lib/python3.9/site-packages/botocore/data/endpoints.json
2025-02-07 08:41:29 - DEBUG - Loading JSON file: /usr/local/lib/python3.9/site-packages/botocore/data/s3/2006-03-01/service-2.json.gz
2025-02-07 08:41:29 - DEBUG - Loading JSON file: /usr/local/lib/python3.9/site-packages/botocore/data/s3/2006-03-01/service-2.sdk-extras.json
2025-02-07 08:41:29 - DEBUG - Loading JSON file: /usr/local/lib/python3.9/site-packages/botocore/data/s3/2006-03-01/service-2.sdk-extras.json
2025-02-07 08:41:29 - DEBUG - Loading JSON file: /usr/local/lib/python3.9/site-packages/botocore/data/s3/2006-03-01/service-2.json.gz
2025-02-07 08:41:29 - DEBUG - Loading JSON file: /usr/local/lib/python3.9/site-packages/botocore/data/s3/2006-03-01/service-2.sdk-extras.json
2025-02-07 08:41:29 - DEBUG - Loading JSON file: /usr/local/lib/python3.9/site-packages/botocore/data/s3/2006-03-01/endpoint-rule-set-1.json.gz
2025-02-07 08:41:29 - DEBUG - Loading JSON file: /usr/local/lib/python3.9/site-packages/botocore/data/sdk-default-configuration.json
2025-02-07 08:41:29 - DEBUG - Event choose-service-name: calling handler <function handle_service_name_alias at 0x7ff2e46c2160>
2025-02-07 08:41:29 - DEBUG - Loading JSON file: /usr/local/lib/python3.9/site-packages/botocore/data/s3/2006-03-01/endpoint-rule-set-1.json.gz
2025-02-07 08:41:29 - DEBUG - Loading JSON file: /usr/local/lib/python3.9/site-packages/botocore/data/s3/2006-03-01/service-2.sdk-extras.json
2025-02-07 08:41:29 - DEBUG - Loading JSON file: /usr/local/lib/python3.9/site-packages/botocore/data/partitions.json
2025-02-07 08:41:29 - DEBUG - Loading JSON file: /usr/local/lib/python3.9/site-packages/botocore/data/partitions.json
2025-02-07 08:41:29 - DEBUG - Event creating-client-class.s3: calling handler <function add_generate_presigned_post at 0x7f8751de4940>
2025-02-07 08:41:29 - DEBUG - Event creating-client-class.s3: calling handler <function lazy_call.<locals>._handler at 0x7f87da62faf0>
2025-02-07 08:41:29 - DEBUG - Event creating-client-class.s3: calling handler <function add_generate_presigned_post at 0x7fe0dbebc940>
2025-02-07 08:41:29 - DEBUG - Event creating-client-class.s3: calling handler <function lazy_call.<locals>._handler at 0x7fe16405caf0>
2025-02-07 08:41:29 - DEBUG - Loading JSON file: /usr/local/lib/python3.9/site-packages/botocore/data/s3/2006-03-01/endpoint-rule-set-1.json.gz
2025-02-07 08:41:29 - DEBUG - Loading JSON file: /usr/local/lib/python3.9/site-packages/botocore/data/s3/2006-03-01/endpoint-rule-set-1.json.gz
2025-02-07 08:41:29 - DEBUG - Loading JSON file: /usr/local/lib/python3.9/site-packages/botocore/data/partitions.json
2025-02-07 08:41:29 - DEBUG - Loading JSON file: /usr/local/lib/python3.9/site-packages/botocore/data/partitions.json
2025-02-07 08:41:29 - DEBUG - Event creating-client-class.s3: calling handler <function add_generate_presigned_post at 0x7fa06552f940>
2025-02-07 08:41:29 - DEBUG - Event creating-client-class.s3: calling handler <function lazy_call.<locals>._handler at 0x7fa0ee030af0>
2025-02-07 08:41:29 - DEBUG - Loading JSON file: /usr/local/lib/python3.9/site-packages/botocore/data/s3/2006-03-01/service-2.json.gz
2025-02-07 08:41:29 - DEBUG - Event creating-client-class.s3: calling handler <function add_generate_presigned_post at 0x7f812df5f940>
2025-02-07 08:41:29 - DEBUG - Event creating-client-class.s3: calling handler <function lazy_call.<locals>._handler at 0x7f81b60d2af0>
2025-02-07 08:41:29 - DEBUG - Loading JSON file: /usr/local/lib/python3.9/site-packages/botocore/data/s3/2006-03-01/service-2.sdk-extras.json
2025-02-07 08:41:29 - DEBUG - Loading JSON file: /usr/local/lib/python3.9/site-packages/botocore/data/s3/2006-03-01/endpoint-rule-set-1.json.gz
2025-02-07 08:41:29 - DEBUG - Loading JSON file: /usr/local/lib/python3.9/site-packages/botocore/data/partitions.json
2025-02-07 08:41:29 - DEBUG - Event creating-client-class.s3: calling handler <function add_generate_presigned_post at 0x7ff2e4475940>
2025-02-07 08:41:29 - DEBUG - Event creating-client-class.s3: calling handler <function lazy_call.<locals>._handler at 0x7ff36ccdfaf0>
2025-02-07 08:41:30 - DEBUG - Event creating-client-class.s3: calling handler <function add_generate_presigned_url at 0x7fe811fe8700>
2025-02-07 08:41:30 - DEBUG - Setting s3 timeout as (60, 60)
2025-02-07 08:41:30 - DEBUG - Loading JSON file: /usr/local/lib/python3.9/site-packages/botocore/data/_retry.json
2025-02-07 08:41:30 - DEBUG - Registering retry handlers for service: s3
2025-02-07 08:41:30 - DEBUG - Registering S3 region redirector handler
2025-02-07 08:41:30 - DEBUG - Registering S3Express Identity Resolver
2025-02-07 08:41:30 - DEBUG - Event creating-client-class.s3: calling handler <function add_generate_presigned_url at 0x7f8751de4700>
2025-02-07 08:41:30 - DEBUG - Setting s3 timeout as (60, 60)
2025-02-07 08:41:30 - DEBUG - Event creating-client-class.s3: calling handler <function add_generate_presigned_url at 0x7fe0dbebc700>
2025-02-07 08:41:30 - DEBUG - Loading JSON file: /usr/local/lib/python3.9/site-packages/botocore/data/_retry.json
2025-02-07 08:41:30 - DEBUG - Setting s3 timeout as (60, 60)
2025-02-07 08:41:30 - DEBUG - Registering retry handlers for service: s3
2025-02-07 08:41:30 - DEBUG - Registering S3 region redirector handler
2025-02-07 08:41:30 - DEBUG - Loading JSON file: /usr/local/lib/python3.9/site-packages/botocore/data/_retry.json
2025-02-07 08:41:30 - DEBUG - Registering S3Express Identity Resolver
2025-02-07 08:41:30 - DEBUG - Registering retry handlers for service: s3
2025-02-07 08:41:30 - DEBUG - Registering S3 region redirector handler
2025-02-07 08:41:30 - DEBUG - Registering S3Express Identity Resolver
2025-02-07 08:41:30 - DEBUG - Event creating-client-class.s3: calling handler <function add_generate_presigned_url at 0x7f812df5f700>
2025-02-07 08:41:30 - DEBUG - Setting s3 timeout as (60, 60)
2025-02-07 08:41:30 - DEBUG - Loading JSON file: /usr/local/lib/python3.9/site-packages/botocore/data/_retry.json
2025-02-07 08:41:30 - DEBUG - Registering retry handlers for service: s3
2025-02-07 08:41:30 - DEBUG - Event creating-client-class.s3: calling handler <function add_generate_presigned_url at 0x7fa06552f700>
2025-02-07 08:41:30 - DEBUG - Registering S3 region redirector handler
2025-02-07 08:41:30 - DEBUG - Registering S3Express Identity Resolver
2025-02-07 08:41:30 - DEBUG - Setting s3 timeout as (60, 60)
2025-02-07 08:41:30 - DEBUG - Loading JSON file: /usr/local/lib/python3.9/site-packages/botocore/data/_retry.json
2025-02-07 08:41:30 - DEBUG - Registering retry handlers for service: s3
2025-02-07 08:41:30 - DEBUG - Registering S3 region redirector handler
2025-02-07 08:41:30 - DEBUG - Registering S3Express Identity Resolver
2025-02-07 08:41:30 - DEBUG - Event creating-client-class.s3: calling handler <function add_generate_presigned_url at 0x7ff2e4475700>
2025-02-07 08:41:30 - DEBUG - Setting s3 timeout as (60, 60)
2025-02-07 08:41:30 - DEBUG - Loading JSON file: /usr/local/lib/python3.9/site-packages/botocore/data/_retry.json
2025-02-07 08:41:30 - DEBUG - Registering retry handlers for service: s3
2025-02-07 08:41:30 - DEBUG - Registering S3 region redirector handler
2025-02-07 08:41:30 - DEBUG - Registering S3Express Identity Resolver
2025-02-07 08:44:50 - INFO - create_face_img_base64 - Create face tam with id test from store 1
2025-02-07 08:44:50 - INFO - Image decoded successfully from store 1
2025-02-07 08:44:50 - WARNING - 1 - Face is not detected
2025-02-07 08:44:50 - DEBUG - Event before-parameter-build.s3.HeadBucket: calling handler <function validate_bucket_name at 0x7fa0654b8670>
2025-02-07 08:44:50 - DEBUG - Event before-parameter-build.s3.HeadBucket: calling handler <function remove_bucket_from_url_paths_from_model at 0x7fa0654be550>
2025-02-07 08:44:50 - DEBUG - Event before-parameter-build.s3.HeadBucket: calling handler <bound method S3RegionRedirectorv2.annotate_request_context of <botocore.utils.S3RegionRedirectorv2 object at 0x7fa0ecd800d0>>
2025-02-07 08:44:50 - DEBUG - Event before-parameter-build.s3.HeadBucket: calling handler <bound method ClientCreator._inject_s3_input_parameters of <botocore.client.ClientCreator object at 0x7fa0edfc1be0>>
2025-02-07 08:44:50 - DEBUG - Event before-parameter-build.s3.HeadBucket: calling handler <function generate_idempotent_uuid at 0x7fa0654b84c0>
2025-02-07 08:44:50 - DEBUG - Event before-parameter-build.s3.HeadBucket: calling handler <function _handle_request_validation_mode_member at 0x7fa0654bec10>
2025-02-07 08:44:50 - DEBUG - Event before-endpoint-resolution.s3: calling handler <function customize_endpoint_resolver_builtins at 0x7fa0654be700>
2025-02-07 08:44:50 - DEBUG - Event before-endpoint-resolution.s3: calling handler <bound method S3RegionRedirectorv2.redirect_from_cache of <botocore.utils.S3RegionRedirectorv2 object at 0x7fa0ecd800d0>>
2025-02-07 08:44:50 - DEBUG - Calling endpoint provider with parameters: {'Bucket': 'data_face_register_employee_images', 'Region': 'us-east-1', 'UseFIPS': False, 'UseDualStack': False, 'Endpoint': 'http://minio:9000', 'ForcePathStyle': True, 'Accelerate': False, 'UseGlobalEndpoint': True, 'DisableMultiRegionAccessPoints': False, 'UseArnRegion': True}
2025-02-07 08:44:50 - DEBUG - Endpoint provider result: http://minio:9000/data_face_register_employee_images
2025-02-07 08:44:50 - DEBUG - Selecting from endpoint provider's list of auth schemes: "sigv4". User selected auth scheme is: "None"
2025-02-07 08:44:50 - DEBUG - Selected auth type "v4" as "v4" with signing context params: {'region': 'us-east-1', 'signing_name': 's3', 'disableDoubleEncoding': True}
2025-02-07 08:44:50 - DEBUG - Event before-call.s3.HeadBucket: calling handler <function add_expect_header at 0x7fa0654b89d0>
2025-02-07 08:44:50 - DEBUG - Event before-call.s3.HeadBucket: calling handler <bound method S3ExpressIdentityResolver.apply_signing_cache_key of <botocore.utils.S3ExpressIdentityResolver object at 0x7fa0ecd80100>>
2025-02-07 08:44:50 - DEBUG - Event before-call.s3.HeadBucket: calling handler <function add_recursion_detection_header at 0x7fa0654b80d0>
2025-02-07 08:44:50 - DEBUG - Event before-call.s3.HeadBucket: calling handler <function add_query_compatibility_header at 0x7fa0654beb80>
2025-02-07 08:44:50 - DEBUG - Event before-call.s3.HeadBucket: calling handler <function inject_api_version_header_if_needed at 0x7fa0654bad30>
2025-02-07 08:44:50 - DEBUG - Making request for OperationModel(name=HeadBucket) with params: {'url_path': '', 'query_string': {}, 'method': 'HEAD', 'headers': {'User-Agent': 'Boto3/1.36.15 md/Botocore#1.36.15 ua/2.0 os/linux#5.15.153.1-microsoft-standard-WSL2 md/arch#x86_64 lang/python#3.9.21 md/pyimpl#CPython cfg/retry-mode#legacy Botocore/1.36.15'}, 'body': b'', 'auth_path': '/data_face_register_employee_images/', 'url': 'http://minio:9000/data_face_register_employee_images', 'context': {'client_region': 'us-east-1', 'client_config': <botocore.config.Config object at 0x7fa0ece9e1f0>, 'has_streaming_input': False, 'auth_type': 'v4', 'unsigned_payload': None, 's3_redirect': {'redirected': False, 'bucket': 'data_face_register_employee_images', 'params': {'Bucket': 'data_face_register_employee_images'}}, 'input_params': {'Bucket': 'data_face_register_employee_images'}, 'signing': {'region': 'us-east-1', 'signing_name': 's3', 'disableDoubleEncoding': True}, 'endpoint_properties': {'authSchemes': [{'disableDoubleEncoding': True, 'name': 'sigv4', 'signingName': 's3', 'signingRegion': 'us-east-1'}]}}}
2025-02-07 08:44:50 - DEBUG - Event request-created.s3.HeadBucket: calling handler <bound method RequestSigner.handler of <botocore.signers.RequestSigner object at 0x7fa0ece97e20>>
2025-02-07 08:44:50 - DEBUG - Event choose-signer.s3.HeadBucket: calling handler <bound method ClientCreator._default_s3_presign_to_sigv2 of <botocore.client.ClientCreator object at 0x7fa0edfc1be0>>
2025-02-07 08:44:50 - DEBUG - Event choose-signer.s3.HeadBucket: calling handler <function set_operation_specific_signer at 0x7fa0654b8310>
2025-02-07 08:44:50 - DEBUG - Event before-sign.s3.HeadBucket: calling handler <function remove_arn_from_signing_path at 0x7fa0654be670>
2025-02-07 08:44:50 - DEBUG - Event before-sign.s3.HeadBucket: calling handler <function _set_extra_headers_for_unsigned_request at 0x7fa0654beca0>
2025-02-07 08:44:50 - DEBUG - Event before-sign.s3.HeadBucket: calling handler <bound method S3ExpressIdentityResolver.resolve_s3express_identity of <botocore.utils.S3ExpressIdentityResolver object at 0x7fa0ecd80100>>
2025-02-07 08:44:50 - DEBUG - Calculating signature using v4 auth.
2025-02-07 08:44:50 - DEBUG - CanonicalRequest:
HEAD
/data_face_register_employee_images

host:minio:9000
x-amz-content-sha256:e3b0c44298fc1c149afbf4c8996fb92427ae41e4649b934ca495991b7852b855
x-amz-date:20250207T084450Z

host;x-amz-content-sha256;x-amz-date
e3b0c44298fc1c149afbf4c8996fb92427ae41e4649b934ca495991b7852b855
2025-02-07 08:44:50 - DEBUG - StringToSign:
AWS4-HMAC-SHA256
20250207T084450Z
20250207/us-east-1/s3/aws4_request
e6ccea5aa4259ab16e3939df48b8cb02f2a3816945a529154ced84ac01f5ac18
2025-02-07 08:44:50 - DEBUG - Signature:
976a8b995f4ce43d879e298e670ebdb456309bc6bfd293d54292ec0e41e0b146
2025-02-07 08:44:50 - DEBUG - Event request-created.s3.HeadBucket: calling handler <function add_retry_headers at 0x7fa0654be4c0>
2025-02-07 08:44:50 - DEBUG - Sending http request: <AWSPreparedRequest stream_output=False, method=HEAD, url=http://minio:9000/data_face_register_employee_images, headers={'User-Agent': b'Boto3/1.36.15 md/Botocore#1.36.15 ua/2.0 os/linux#5.15.153.1-microsoft-standard-WSL2 md/arch#x86_64 lang/python#3.9.21 md/pyimpl#CPython cfg/retry-mode#legacy Botocore/1.36.15', 'X-Amz-Date': b'20250207T084450Z', 'X-Amz-Content-SHA256': b'e3b0c44298fc1c149afbf4c8996fb92427ae41e4649b934ca495991b7852b855', 'Authorization': b'AWS4-HMAC-SHA256 Credential=minioadmin/20250207/us-east-1/s3/aws4_request, SignedHeaders=host;x-amz-content-sha256;x-amz-date, Signature=976a8b995f4ce43d879e298e670ebdb456309bc6bfd293d54292ec0e41e0b146', 'amz-sdk-invocation-id': b'fa9af67b-4936-41f1-bbf9-35f34ee88122', 'amz-sdk-request': b'attempt=1'}>
2025-02-07 08:44:50 - DEBUG - Event before-parse.s3.HeadBucket: calling handler <function _handle_200_error at 0x7fa0654be9d0>
2025-02-07 08:44:50 - DEBUG - Event before-parse.s3.HeadBucket: calling handler <function handle_expires_header at 0x7fa0654be820>
2025-02-07 08:44:50 - DEBUG - Response headers: {'Accept-Ranges': 'bytes', 'Content-Length': '313', 'Content-Type': 'application/xml', 'Server': 'MinIO', 'Strict-Transport-Security': 'max-age=31536000; includeSubDomains', 'Vary': 'Origin', 'X-Amz-Id-2': 'dd9025bab4ad464b049177c95eb6ebf374d3b3fd1af9251148b658df7ac2e3e8', 'X-Amz-Request-Id': '1821E09BBD572DFA', 'X-Content-Type-Options': 'nosniff', 'X-Xss-Protection': '1; mode=block', 'Date': 'Fri, 07 Feb 2025 08:44:50 GMT'}
2025-02-07 08:44:50 - DEBUG - Response body:
b''
2025-02-07 08:44:50 - DEBUG - Event needs-retry.s3.HeadBucket: calling handler <function _update_status_code at 0x7fa0654beaf0>
2025-02-07 08:44:50 - DEBUG - Event needs-retry.s3.HeadBucket: calling handler <botocore.retryhandler.RetryHandler object at 0x7fa0ecdf3fd0>
2025-02-07 08:44:50 - DEBUG - No retry needed.
2025-02-07 08:44:50 - DEBUG - Event needs-retry.s3.HeadBucket: calling handler <bound method S3RegionRedirectorv2.redirect_from_error of <botocore.utils.S3RegionRedirectorv2 object at 0x7fa0ecd800d0>>
2025-02-07 08:44:50 - DEBUG - Event before-parameter-build.s3.CreateBucket: calling handler <function validate_bucket_name at 0x7fa0654b8670>
2025-02-07 08:44:50 - DEBUG - Event before-parameter-build.s3.CreateBucket: calling handler <function remove_bucket_from_url_paths_from_model at 0x7fa0654be550>
2025-02-07 08:44:50 - DEBUG - Event before-parameter-build.s3.CreateBucket: calling handler <bound method S3RegionRedirectorv2.annotate_request_context of <botocore.utils.S3RegionRedirectorv2 object at 0x7fa0ecd800d0>>
2025-02-07 08:44:50 - DEBUG - Event before-parameter-build.s3.CreateBucket: calling handler <bound method ClientCreator._inject_s3_input_parameters of <botocore.client.ClientCreator object at 0x7fa0edfc1be0>>
2025-02-07 08:44:50 - DEBUG - Event before-parameter-build.s3.CreateBucket: calling handler <function generate_idempotent_uuid at 0x7fa0654b84c0>
2025-02-07 08:44:50 - DEBUG - Event before-parameter-build.s3.CreateBucket: calling handler <function _handle_request_validation_mode_member at 0x7fa0654bec10>
2025-02-07 08:44:50 - DEBUG - Event before-endpoint-resolution.s3: calling handler <function customize_endpoint_resolver_builtins at 0x7fa0654be700>
2025-02-07 08:44:50 - DEBUG - Event before-endpoint-resolution.s3: calling handler <bound method S3RegionRedirectorv2.redirect_from_cache of <botocore.utils.S3RegionRedirectorv2 object at 0x7fa0ecd800d0>>
2025-02-07 08:44:50 - DEBUG - Calling endpoint provider with parameters: {'Bucket': 'data_face_register_employee_images', 'Region': 'us-east-1', 'UseFIPS': False, 'UseDualStack': False, 'Endpoint': 'http://minio:9000', 'ForcePathStyle': True, 'Accelerate': False, 'UseGlobalEndpoint': True, 'DisableAccessPoints': True, 'DisableMultiRegionAccessPoints': False, 'UseArnRegion': True, 'UseS3ExpressControlEndpoint': True}
2025-02-07 08:44:50 - DEBUG - Endpoint provider result: http://minio:9000/data_face_register_employee_images
2025-02-07 08:44:50 - DEBUG - Selecting from endpoint provider's list of auth schemes: "sigv4". User selected auth scheme is: "None"
2025-02-07 08:44:50 - DEBUG - Selected auth type "v4" as "v4" with signing context params: {'region': 'us-east-1', 'signing_name': 's3', 'disableDoubleEncoding': True}
2025-02-07 08:44:50 - DEBUG - Event before-call.s3.CreateBucket: calling handler <function add_expect_header at 0x7fa0654b89d0>
2025-02-07 08:44:50 - DEBUG - Event before-call.s3.CreateBucket: calling handler <bound method S3ExpressIdentityResolver.apply_signing_cache_key of <botocore.utils.S3ExpressIdentityResolver object at 0x7fa0ecd80100>>
2025-02-07 08:44:50 - DEBUG - Event before-call.s3.CreateBucket: calling handler <function add_recursion_detection_header at 0x7fa0654b80d0>
2025-02-07 08:44:50 - DEBUG - Event before-call.s3.CreateBucket: calling handler <function add_query_compatibility_header at 0x7fa0654beb80>
2025-02-07 08:44:50 - DEBUG - Event before-call.s3.CreateBucket: calling handler <function inject_api_version_header_if_needed at 0x7fa0654bad30>
2025-02-07 08:44:50 - DEBUG - Making request for OperationModel(name=CreateBucket) with params: {'url_path': '', 'query_string': {}, 'method': 'PUT', 'headers': {'User-Agent': 'Boto3/1.36.15 md/Botocore#1.36.15 ua/2.0 os/linux#5.15.153.1-microsoft-standard-WSL2 md/arch#x86_64 lang/python#3.9.21 md/pyimpl#CPython cfg/retry-mode#legacy Botocore/1.36.15'}, 'body': b'', 'auth_path': '/data_face_register_employee_images/', 'url': 'http://minio:9000/data_face_register_employee_images', 'context': {'client_region': 'us-east-1', 'client_config': <botocore.config.Config object at 0x7fa0ece9e1f0>, 'has_streaming_input': False, 'auth_type': 'v4', 'unsigned_payload': None, 's3_redirect': {'redirected': False, 'bucket': 'data_face_register_employee_images', 'params': {'Bucket': 'data_face_register_employee_images'}}, 'input_params': {'Bucket': 'data_face_register_employee_images'}, 'signing': {'region': 'us-east-1', 'signing_name': 's3', 'disableDoubleEncoding': True}, 'endpoint_properties': {'authSchemes': [{'disableDoubleEncoding': True, 'name': 'sigv4', 'signingName': 's3', 'signingRegion': 'us-east-1'}]}}}
2025-02-07 08:44:50 - DEBUG - Event request-created.s3.CreateBucket: calling handler <bound method RequestSigner.handler of <botocore.signers.RequestSigner object at 0x7fa0ece97e20>>
2025-02-07 08:44:50 - DEBUG - Event choose-signer.s3.CreateBucket: calling handler <bound method ClientCreator._default_s3_presign_to_sigv2 of <botocore.client.ClientCreator object at 0x7fa0edfc1be0>>
2025-02-07 08:44:50 - DEBUG - Event choose-signer.s3.CreateBucket: calling handler <function set_operation_specific_signer at 0x7fa0654b8310>
2025-02-07 08:44:50 - DEBUG - Event before-sign.s3.CreateBucket: calling handler <function remove_arn_from_signing_path at 0x7fa0654be670>
2025-02-07 08:44:50 - DEBUG - Event before-sign.s3.CreateBucket: calling handler <function _set_extra_headers_for_unsigned_request at 0x7fa0654beca0>
2025-02-07 08:44:50 - DEBUG - Event before-sign.s3.CreateBucket: calling handler <bound method S3ExpressIdentityResolver.resolve_s3express_identity of <botocore.utils.S3ExpressIdentityResolver object at 0x7fa0ecd80100>>
2025-02-07 08:44:50 - DEBUG - Calculating signature using v4 auth.
2025-02-07 08:44:50 - DEBUG - CanonicalRequest:
PUT
/data_face_register_employee_images

host:minio:9000
x-amz-content-sha256:e3b0c44298fc1c149afbf4c8996fb92427ae41e4649b934ca495991b7852b855
x-amz-date:20250207T084450Z

host;x-amz-content-sha256;x-amz-date
e3b0c44298fc1c149afbf4c8996fb92427ae41e4649b934ca495991b7852b855
2025-02-07 08:44:50 - DEBUG - StringToSign:
AWS4-HMAC-SHA256
20250207T084450Z
20250207/us-east-1/s3/aws4_request
4c44ec7f846649dec9c3dc0897be15ea8cb6fab96b1db7bd558bf7dc412047ce
2025-02-07 08:44:50 - DEBUG - Signature:
343f94fe5cd1f9f309ea1a7f4be14e772fd5bb7252db976a0997ecf23454ea39
2025-02-07 08:44:50 - DEBUG - Event request-created.s3.CreateBucket: calling handler <function add_retry_headers at 0x7fa0654be4c0>
2025-02-07 08:44:50 - DEBUG - Sending http request: <AWSPreparedRequest stream_output=False, method=PUT, url=http://minio:9000/data_face_register_employee_images, headers={'User-Agent': b'Boto3/1.36.15 md/Botocore#1.36.15 ua/2.0 os/linux#5.15.153.1-microsoft-standard-WSL2 md/arch#x86_64 lang/python#3.9.21 md/pyimpl#CPython cfg/retry-mode#legacy Botocore/1.36.15', 'X-Amz-Date': b'20250207T084450Z', 'X-Amz-Content-SHA256': b'e3b0c44298fc1c149afbf4c8996fb92427ae41e4649b934ca495991b7852b855', 'Authorization': b'AWS4-HMAC-SHA256 Credential=minioadmin/20250207/us-east-1/s3/aws4_request, SignedHeaders=host;x-amz-content-sha256;x-amz-date, Signature=343f94fe5cd1f9f309ea1a7f4be14e772fd5bb7252db976a0997ecf23454ea39', 'amz-sdk-invocation-id': b'10f359b8-b3f1-420f-ab1e-f0177ce94aa9', 'amz-sdk-request': b'attempt=1', 'Content-Length': '0'}>
2025-02-07 08:44:50 - DEBUG - Event before-parse.s3.CreateBucket: calling handler <function _handle_200_error at 0x7fa0654be9d0>
2025-02-07 08:44:50 - DEBUG - Event before-parse.s3.CreateBucket: calling handler <function handle_expires_header at 0x7fa0654be820>
2025-02-07 08:44:50 - DEBUG - Response headers: {'Accept-Ranges': 'bytes', 'Content-Length': '313', 'Content-Type': 'application/xml', 'Server': 'MinIO', 'Strict-Transport-Security': 'max-age=31536000; includeSubDomains', 'Vary': 'Origin', 'X-Amz-Id-2': 'dd9025bab4ad464b049177c95eb6ebf374d3b3fd1af9251148b658df7ac2e3e8', 'X-Amz-Request-Id': '1821E09BC4E4E775', 'X-Content-Type-Options': 'nosniff', 'X-Xss-Protection': '1; mode=block', 'Date': 'Fri, 07 Feb 2025 08:44:50 GMT'}
2025-02-07 08:44:50 - DEBUG - Response body:
b'<?xml version="1.0" encoding="UTF-8"?>\n<Error><Code>InvalidBucketName</Code><Message>The specified bucket is not valid.</Message><Resource>/data_face_register_employee_images</Resource><RequestId>1821E09BC4E4E775</RequestId><HostId>dd9025bab4ad464b049177c95eb6ebf374d3b3fd1af9251148b658df7ac2e3e8</HostId></Error>'
2025-02-07 08:44:50 - DEBUG - Event needs-retry.s3.CreateBucket: calling handler <function _update_status_code at 0x7fa0654beaf0>
2025-02-07 08:44:50 - DEBUG - Event needs-retry.s3.CreateBucket: calling handler <botocore.retryhandler.RetryHandler object at 0x7fa0ecdf3fd0>
2025-02-07 08:44:50 - DEBUG - No retry needed.
2025-02-07 08:44:50 - DEBUG - Event needs-retry.s3.CreateBucket: calling handler <bound method S3RegionRedirectorv2.redirect_from_error of <botocore.utils.S3RegionRedirectorv2 object at 0x7fa0ecd800d0>>
2025-02-07 08:59:58 - DEBUG - Changing event name from creating-client-class.iot-data to creating-client-class.iot-data-plane
2025-02-07 08:59:58 - DEBUG - Changing event name from creating-client-class.iot-data to creating-client-class.iot-data-plane
2025-02-07 08:59:58 - DEBUG - Changing event name from creating-client-class.iot-data to creating-client-class.iot-data-plane
2025-02-07 08:59:58 - DEBUG - Changing event name from before-call.apigateway to before-call.api-gateway
2025-02-07 08:59:58 - DEBUG - Changing event name from creating-client-class.iot-data to creating-client-class.iot-data-plane
2025-02-07 08:59:58 - DEBUG - Changing event name from request-created.machinelearning.Predict to request-created.machine-learning.Predict
2025-02-07 08:59:58 - DEBUG - Changing event name from creating-client-class.iot-data to creating-client-class.iot-data-plane
2025-02-07 08:59:58 - DEBUG - Changing event name from creating-client-class.iot-data to creating-client-class.iot-data-plane
2025-02-07 08:59:58 - DEBUG - Changing event name from before-call.apigateway to before-call.api-gateway
2025-02-07 08:59:58 - DEBUG - Changing event name from before-call.apigateway to before-call.api-gateway
2025-02-07 08:59:58 - DEBUG - Changing event name from request-created.machinelearning.Predict to request-created.machine-learning.Predict
2025-02-07 08:59:58 - DEBUG - Changing event name from creating-client-class.iot-data to creating-client-class.iot-data-plane
2025-02-07 08:59:58 - DEBUG - Changing event name from before-parameter-build.autoscaling.CreateLaunchConfiguration to before-parameter-build.auto-scaling.CreateLaunchConfiguration
2025-02-07 08:59:58 - DEBUG - Changing event name from request-created.machinelearning.Predict to request-created.machine-learning.Predict
2025-02-07 08:59:58 - DEBUG - Changing event name from creating-client-class.iot-data to creating-client-class.iot-data-plane
2025-02-07 08:59:58 - DEBUG - Changing event name from before-parameter-build.route53 to before-parameter-build.route-53
2025-02-07 08:59:58 - DEBUG - Changing event name from before-parameter-build.autoscaling.CreateLaunchConfiguration to before-parameter-build.auto-scaling.CreateLaunchConfiguration
2025-02-07 08:59:58 - DEBUG - Changing event name from before-call.apigateway to before-call.api-gateway
2025-02-07 08:59:58 - DEBUG - Changing event name from before-parameter-build.route53 to before-parameter-build.route-53
2025-02-07 08:59:58 - DEBUG - Changing event name from before-call.apigateway to before-call.api-gateway
2025-02-07 08:59:58 - DEBUG - Changing event name from before-parameter-build.autoscaling.CreateLaunchConfiguration to before-parameter-build.auto-scaling.CreateLaunchConfiguration
2025-02-07 08:59:58 - DEBUG - Changing event name from request-created.cloudsearchdomain.Search to request-created.cloudsearch-domain.Search
2025-02-07 08:59:58 - DEBUG - Changing event name from request-created.machinelearning.Predict to request-created.machine-learning.Predict
2025-02-07 08:59:58 - DEBUG - Changing event name from before-parameter-build.route53 to before-parameter-build.route-53
2025-02-07 08:59:58 - DEBUG - Changing event name from request-created.machinelearning.Predict to request-created.machine-learning.Predict
2025-02-07 08:59:58 - DEBUG - Changing event name from before-call.apigateway to before-call.api-gateway
2025-02-07 08:59:58 - DEBUG - Changing event name from request-created.cloudsearchdomain.Search to request-created.cloudsearch-domain.Search
2025-02-07 08:59:58 - DEBUG - Changing event name from request-created.cloudsearchdomain.Search to request-created.cloudsearch-domain.Search
2025-02-07 08:59:58 - DEBUG - Changing event name from before-parameter-build.autoscaling.CreateLaunchConfiguration to before-parameter-build.auto-scaling.CreateLaunchConfiguration
2025-02-07 08:59:58 - DEBUG - Changing event name from before-call.apigateway to before-call.api-gateway
2025-02-07 08:59:58 - DEBUG - Changing event name from before-parameter-build.route53 to before-parameter-build.route-53
2025-02-07 08:59:58 - DEBUG - Changing event name from request-created.machinelearning.Predict to request-created.machine-learning.Predict
2025-02-07 08:59:58 - DEBUG - Changing event name from docs.*.autoscaling.CreateLaunchConfiguration.complete-section to docs.*.auto-scaling.CreateLaunchConfiguration.complete-section
2025-02-07 08:59:58 - DEBUG - Changing event name from before-call.apigateway to before-call.api-gateway
2025-02-07 08:59:58 - DEBUG - Changing event name from before-parameter-build.autoscaling.CreateLaunchConfiguration to before-parameter-build.auto-scaling.CreateLaunchConfiguration
2025-02-07 08:59:58 - DEBUG - Changing event name from docs.*.autoscaling.CreateLaunchConfiguration.complete-section to docs.*.auto-scaling.CreateLaunchConfiguration.complete-section
2025-02-07 08:59:58 - DEBUG - Changing event name from request-created.machinelearning.Predict to request-created.machine-learning.Predict
2025-02-07 08:59:58 - DEBUG - Changing event name from before-parameter-build.route53 to before-parameter-build.route-53
2025-02-07 08:59:58 - DEBUG - Changing event name from docs.*.autoscaling.CreateLaunchConfiguration.complete-section to docs.*.auto-scaling.CreateLaunchConfiguration.complete-section
2025-02-07 08:59:58 - DEBUG - Changing event name from request-created.cloudsearchdomain.Search to request-created.cloudsearch-domain.Search
2025-02-07 08:59:58 - DEBUG - Changing event name from request-created.machinelearning.Predict to request-created.machine-learning.Predict
2025-02-07 08:59:58 - DEBUG - Changing event name from request-created.cloudsearchdomain.Search to request-created.cloudsearch-domain.Search
2025-02-07 08:59:58 - DEBUG - Changing event name from before-parameter-build.autoscaling.CreateLaunchConfiguration to before-parameter-build.auto-scaling.CreateLaunchConfiguration
2025-02-07 08:59:58 - DEBUG - Changing event name from before-parameter-build.logs.CreateExportTask to before-parameter-build.cloudwatch-logs.CreateExportTask
2025-02-07 08:59:58 - DEBUG - Changing event name from before-parameter-build.autoscaling.CreateLaunchConfiguration to before-parameter-build.auto-scaling.CreateLaunchConfiguration
2025-02-07 08:59:58 - DEBUG - Changing event name from before-parameter-build.autoscaling.CreateLaunchConfiguration to before-parameter-build.auto-scaling.CreateLaunchConfiguration
2025-02-07 08:59:58 - DEBUG - Changing event name from before-parameter-build.logs.CreateExportTask to before-parameter-build.cloudwatch-logs.CreateExportTask
2025-02-07 08:59:58 - DEBUG - Changing event name from before-parameter-build.route53 to before-parameter-build.route-53
2025-02-07 08:59:58 - DEBUG - Changing event name from docs.*.logs.CreateExportTask.complete-section to docs.*.cloudwatch-logs.CreateExportTask.complete-section
2025-02-07 08:59:58 - DEBUG - Changing event name from before-parameter-build.route53 to before-parameter-build.route-53
2025-02-07 08:59:58 - DEBUG - Changing event name from before-parameter-build.route53 to before-parameter-build.route-53
2025-02-07 08:59:58 - DEBUG - Changing event name from docs.*.autoscaling.CreateLaunchConfiguration.complete-section to docs.*.auto-scaling.CreateLaunchConfiguration.complete-section
2025-02-07 08:59:58 - DEBUG - Changing event name from before-parameter-build.logs.CreateExportTask to before-parameter-build.cloudwatch-logs.CreateExportTask
2025-02-07 08:59:58 - DEBUG - Changing event name from before-parameter-build.cloudsearchdomain.Search to before-parameter-build.cloudsearch-domain.Search
2025-02-07 08:59:58 - DEBUG - Changing event name from docs.*.autoscaling.CreateLaunchConfiguration.complete-section to docs.*.auto-scaling.CreateLaunchConfiguration.complete-section
2025-02-07 08:59:58 - DEBUG - Changing event name from docs.*.logs.CreateExportTask.complete-section to docs.*.cloudwatch-logs.CreateExportTask.complete-section
2025-02-07 08:59:58 - DEBUG - Changing event name from docs.*.logs.CreateExportTask.complete-section to docs.*.cloudwatch-logs.CreateExportTask.complete-section
2025-02-07 08:59:58 - DEBUG - Changing event name from request-created.cloudsearchdomain.Search to request-created.cloudsearch-domain.Search
2025-02-07 08:59:58 - DEBUG - Changing event name from docs.*.cloudsearchdomain.Search.complete-section to docs.*.cloudsearch-domain.Search.complete-section
2025-02-07 08:59:58 - DEBUG - Changing event name from request-created.cloudsearchdomain.Search to request-created.cloudsearch-domain.Search
2025-02-07 08:59:58 - DEBUG - Changing event name from before-parameter-build.cloudsearchdomain.Search to before-parameter-build.cloudsearch-domain.Search
2025-02-07 08:59:58 - DEBUG - Changing event name from docs.*.autoscaling.CreateLaunchConfiguration.complete-section to docs.*.auto-scaling.CreateLaunchConfiguration.complete-section
2025-02-07 08:59:58 - DEBUG - Changing event name from docs.*.cloudsearchdomain.Search.complete-section to docs.*.cloudsearch-domain.Search.complete-section
2025-02-07 08:59:58 - DEBUG - Changing event name from request-created.cloudsearchdomain.Search to request-created.cloudsearch-domain.Search
2025-02-07 08:59:58 - DEBUG - Changing event name from before-parameter-build.cloudsearchdomain.Search to before-parameter-build.cloudsearch-domain.Search
2025-02-07 08:59:58 - DEBUG - Changing event name from docs.*.autoscaling.CreateLaunchConfiguration.complete-section to docs.*.auto-scaling.CreateLaunchConfiguration.complete-section
2025-02-07 08:59:58 - DEBUG - Changing event name from docs.*.autoscaling.CreateLaunchConfiguration.complete-section to docs.*.auto-scaling.CreateLaunchConfiguration.complete-section
2025-02-07 08:59:58 - DEBUG - Changing event name from docs.*.cloudsearchdomain.Search.complete-section to docs.*.cloudsearch-domain.Search.complete-section
2025-02-07 08:59:58 - DEBUG - Changing event name from before-parameter-build.logs.CreateExportTask to before-parameter-build.cloudwatch-logs.CreateExportTask
2025-02-07 08:59:58 - DEBUG - Changing event name from before-parameter-build.logs.CreateExportTask to before-parameter-build.cloudwatch-logs.CreateExportTask
2025-02-07 08:59:58 - DEBUG - Changing event name from docs.*.logs.CreateExportTask.complete-section to docs.*.cloudwatch-logs.CreateExportTask.complete-section
2025-02-07 08:59:58 - DEBUG - Changing event name from docs.*.logs.CreateExportTask.complete-section to docs.*.cloudwatch-logs.CreateExportTask.complete-section
2025-02-07 08:59:58 - DEBUG - Changing event name from before-parameter-build.cloudsearchdomain.Search to before-parameter-build.cloudsearch-domain.Search
2025-02-07 08:59:58 - DEBUG - Changing event name from before-parameter-build.cloudsearchdomain.Search to before-parameter-build.cloudsearch-domain.Search
2025-02-07 08:59:58 - DEBUG - Changing event name from docs.*.cloudsearchdomain.Search.complete-section to docs.*.cloudsearch-domain.Search.complete-section
2025-02-07 08:59:58 - DEBUG - Changing event name from docs.*.cloudsearchdomain.Search.complete-section to docs.*.cloudsearch-domain.Search.complete-section
2025-02-07 08:59:58 - DEBUG - Changing event name from before-parameter-build.logs.CreateExportTask to before-parameter-build.cloudwatch-logs.CreateExportTask
2025-02-07 08:59:58 - DEBUG - Changing event name from before-parameter-build.logs.CreateExportTask to before-parameter-build.cloudwatch-logs.CreateExportTask
2025-02-07 08:59:58 - DEBUG - Changing event name from docs.*.logs.CreateExportTask.complete-section to docs.*.cloudwatch-logs.CreateExportTask.complete-section
2025-02-07 08:59:58 - DEBUG - Changing event name from docs.*.logs.CreateExportTask.complete-section to docs.*.cloudwatch-logs.CreateExportTask.complete-section
2025-02-07 08:59:58 - DEBUG - Changing event name from before-parameter-build.logs.CreateExportTask to before-parameter-build.cloudwatch-logs.CreateExportTask
2025-02-07 08:59:58 - DEBUG - Changing event name from before-parameter-build.cloudsearchdomain.Search to before-parameter-build.cloudsearch-domain.Search
2025-02-07 08:59:58 - DEBUG - Changing event name from before-parameter-build.cloudsearchdomain.Search to before-parameter-build.cloudsearch-domain.Search
2025-02-07 08:59:58 - DEBUG - Changing event name from docs.*.cloudsearchdomain.Search.complete-section to docs.*.cloudsearch-domain.Search.complete-section
2025-02-07 08:59:58 - DEBUG - Changing event name from docs.*.cloudsearchdomain.Search.complete-section to docs.*.cloudsearch-domain.Search.complete-section
2025-02-07 08:59:58 - DEBUG - Changing event name from docs.*.logs.CreateExportTask.complete-section to docs.*.cloudwatch-logs.CreateExportTask.complete-section
2025-02-07 08:59:58 - DEBUG - Loading JSON file: /usr/local/lib/python3.9/site-packages/botocore/data/endpoints.json
2025-02-07 08:59:58 - DEBUG - Loading JSON file: /usr/local/lib/python3.9/site-packages/botocore/data/endpoints.json
2025-02-07 08:59:58 - DEBUG - Loading JSON file: /usr/local/lib/python3.9/site-packages/botocore/data/endpoints.json
2025-02-07 08:59:58 - DEBUG - Changing event name from before-parameter-build.cloudsearchdomain.Search to before-parameter-build.cloudsearch-domain.Search
2025-02-07 08:59:58 - DEBUG - Changing event name from docs.*.cloudsearchdomain.Search.complete-section to docs.*.cloudsearch-domain.Search.complete-section
2025-02-07 08:59:58 - DEBUG - Loading JSON file: /usr/local/lib/python3.9/site-packages/botocore/data/endpoints.json
2025-02-07 08:59:58 - DEBUG - Loading JSON file: /usr/local/lib/python3.9/site-packages/botocore/data/endpoints.json
2025-02-07 08:59:58 - DEBUG - Loading JSON file: /usr/local/lib/python3.9/site-packages/botocore/data/endpoints.json
2025-02-07 08:59:58 - DEBUG - Loading JSON file: /usr/local/lib/python3.9/site-packages/botocore/data/endpoints.json
2025-02-07 08:59:58 - DEBUG - Loading JSON file: /usr/local/lib/python3.9/site-packages/botocore/data/endpoints.json
2025-02-07 08:59:58 - DEBUG - Loading JSON file: /usr/local/lib/python3.9/site-packages/botocore/data/sdk-default-configuration.json
2025-02-07 08:59:58 - DEBUG - Loading JSON file: /usr/local/lib/python3.9/site-packages/botocore/data/sdk-default-configuration.json
2025-02-07 08:59:58 - DEBUG - Loading JSON file: /usr/local/lib/python3.9/site-packages/botocore/data/sdk-default-configuration.json
2025-02-07 08:59:58 - DEBUG - Event choose-service-name: calling handler <function handle_service_name_alias at 0x7f24cc792160>
2025-02-07 08:59:58 - DEBUG - Event choose-service-name: calling handler <function handle_service_name_alias at 0x7f41cd472160>
2025-02-07 08:59:58 - DEBUG - Loading JSON file: /usr/local/lib/python3.9/site-packages/botocore/data/sdk-default-configuration.json
2025-02-07 08:59:58 - DEBUG - Event choose-service-name: calling handler <function handle_service_name_alias at 0x7fe499093160>
2025-02-07 08:59:58 - DEBUG - Event choose-service-name: calling handler <function handle_service_name_alias at 0x7fac32317160>
2025-02-07 08:59:58 - DEBUG - Loading JSON file: /usr/local/lib/python3.9/site-packages/botocore/data/sdk-default-configuration.json
2025-02-07 08:59:58 - DEBUG - Event choose-service-name: calling handler <function handle_service_name_alias at 0x7f45ef617160>
2025-02-07 08:59:58 - DEBUG - Loading JSON file: /usr/local/lib/python3.9/site-packages/botocore/data/sdk-default-configuration.json
2025-02-07 08:59:58 - DEBUG - Loading JSON file: /usr/local/lib/python3.9/site-packages/botocore/data/sdk-default-configuration.json
2025-02-07 08:59:58 - DEBUG - Event choose-service-name: calling handler <function handle_service_name_alias at 0x7fe6f6778160>
2025-02-07 08:59:58 - DEBUG - Event choose-service-name: calling handler <function handle_service_name_alias at 0x7fe07c271160>
2025-02-07 08:59:58 - DEBUG - Loading JSON file: /usr/local/lib/python3.9/site-packages/botocore/data/sdk-default-configuration.json
2025-02-07 08:59:58 - DEBUG - Event choose-service-name: calling handler <function handle_service_name_alias at 0x7f7e8eed0160>
2025-02-07 08:59:59 - DEBUG - Loading JSON file: /usr/local/lib/python3.9/site-packages/botocore/data/s3/2006-03-01/service-2.json.gz
2025-02-07 08:59:59 - DEBUG - Loading JSON file: /usr/local/lib/python3.9/site-packages/botocore/data/s3/2006-03-01/service-2.json.gz
2025-02-07 08:59:59 - DEBUG - Loading JSON file: /usr/local/lib/python3.9/site-packages/botocore/data/s3/2006-03-01/service-2.json.gz
2025-02-07 08:59:59 - DEBUG - Loading JSON file: /usr/local/lib/python3.9/site-packages/botocore/data/s3/2006-03-01/service-2.json.gz
2025-02-07 08:59:59 - DEBUG - Loading JSON file: /usr/local/lib/python3.9/site-packages/botocore/data/s3/2006-03-01/service-2.json.gz
2025-02-07 08:59:59 - DEBUG - Loading JSON file: /usr/local/lib/python3.9/site-packages/botocore/data/s3/2006-03-01/service-2.json.gz
2025-02-07 08:59:59 - DEBUG - Loading JSON file: /usr/local/lib/python3.9/site-packages/botocore/data/s3/2006-03-01/service-2.json.gz
2025-02-07 08:59:59 - DEBUG - Loading JSON file: /usr/local/lib/python3.9/site-packages/botocore/data/s3/2006-03-01/service-2.json.gz
2025-02-07 08:59:59 - DEBUG - Loading JSON file: /usr/local/lib/python3.9/site-packages/botocore/data/s3/2006-03-01/service-2.sdk-extras.json
2025-02-07 08:59:59 - DEBUG - Loading JSON file: /usr/local/lib/python3.9/site-packages/botocore/data/s3/2006-03-01/service-2.sdk-extras.json
2025-02-07 08:59:59 - DEBUG - Loading JSON file: /usr/local/lib/python3.9/site-packages/botocore/data/s3/2006-03-01/service-2.sdk-extras.json
2025-02-07 08:59:59 - DEBUG - Loading JSON file: /usr/local/lib/python3.9/site-packages/botocore/data/s3/2006-03-01/service-2.sdk-extras.json
2025-02-07 08:59:59 - DEBUG - Loading JSON file: /usr/local/lib/python3.9/site-packages/botocore/data/s3/2006-03-01/service-2.sdk-extras.json
2025-02-07 08:59:59 - DEBUG - Loading JSON file: /usr/local/lib/python3.9/site-packages/botocore/data/s3/2006-03-01/service-2.sdk-extras.json
2025-02-07 08:59:59 - DEBUG - Loading JSON file: /usr/local/lib/python3.9/site-packages/botocore/data/s3/2006-03-01/service-2.sdk-extras.json
2025-02-07 08:59:59 - DEBUG - Loading JSON file: /usr/local/lib/python3.9/site-packages/botocore/data/s3/2006-03-01/service-2.sdk-extras.json
2025-02-07 08:59:59 - DEBUG - Loading JSON file: /usr/local/lib/python3.9/site-packages/botocore/data/s3/2006-03-01/endpoint-rule-set-1.json.gz
2025-02-07 08:59:59 - DEBUG - Loading JSON file: /usr/local/lib/python3.9/site-packages/botocore/data/s3/2006-03-01/endpoint-rule-set-1.json.gz
2025-02-07 08:59:59 - DEBUG - Loading JSON file: /usr/local/lib/python3.9/site-packages/botocore/data/s3/2006-03-01/endpoint-rule-set-1.json.gz
2025-02-07 08:59:59 - DEBUG - Loading JSON file: /usr/local/lib/python3.9/site-packages/botocore/data/s3/2006-03-01/endpoint-rule-set-1.json.gz
2025-02-07 08:59:59 - DEBUG - Loading JSON file: /usr/local/lib/python3.9/site-packages/botocore/data/s3/2006-03-01/endpoint-rule-set-1.json.gz
2025-02-07 08:59:59 - DEBUG - Loading JSON file: /usr/local/lib/python3.9/site-packages/botocore/data/s3/2006-03-01/endpoint-rule-set-1.json.gz
2025-02-07 08:59:59 - DEBUG - Loading JSON file: /usr/local/lib/python3.9/site-packages/botocore/data/s3/2006-03-01/endpoint-rule-set-1.json.gz
2025-02-07 08:59:59 - DEBUG - Loading JSON file: /usr/local/lib/python3.9/site-packages/botocore/data/s3/2006-03-01/endpoint-rule-set-1.json.gz
2025-02-07 08:59:59 - DEBUG - Loading JSON file: /usr/local/lib/python3.9/site-packages/botocore/data/partitions.json
2025-02-07 08:59:59 - DEBUG - Loading JSON file: /usr/local/lib/python3.9/site-packages/botocore/data/partitions.json
2025-02-07 08:59:59 - DEBUG - Loading JSON file: /usr/local/lib/python3.9/site-packages/botocore/data/partitions.json
2025-02-07 08:59:59 - DEBUG - Loading JSON file: /usr/local/lib/python3.9/site-packages/botocore/data/partitions.json
2025-02-07 08:59:59 - DEBUG - Loading JSON file: /usr/local/lib/python3.9/site-packages/botocore/data/partitions.json
2025-02-07 08:59:59 - DEBUG - Loading JSON file: /usr/local/lib/python3.9/site-packages/botocore/data/partitions.json
2025-02-07 08:59:59 - DEBUG - Loading JSON file: /usr/local/lib/python3.9/site-packages/botocore/data/partitions.json
2025-02-07 08:59:59 - DEBUG - Loading JSON file: /usr/local/lib/python3.9/site-packages/botocore/data/partitions.json
2025-02-07 08:59:59 - DEBUG - Event creating-client-class.s3: calling handler <function add_generate_presigned_post at 0x7fe6f652c940>
2025-02-07 08:59:59 - DEBUG - Event creating-client-class.s3: calling handler <function lazy_call.<locals>._handler at 0x7fe77ebf2af0>
2025-02-07 08:59:59 - DEBUG - Event creating-client-class.s3: calling handler <function add_generate_presigned_post at 0x7f41cd228940>
2025-02-07 08:59:59 - DEBUG - Event creating-client-class.s3: calling handler <function lazy_call.<locals>._handler at 0x7f4255df2af0>
2025-02-07 08:59:59 - DEBUG - Event creating-client-class.s3: calling handler <function add_generate_presigned_post at 0x7fe07c027940>
2025-02-07 08:59:59 - DEBUG - Event creating-client-class.s3: calling handler <function lazy_call.<locals>._handler at 0x7fe104a2eaf0>
2025-02-07 08:59:59 - DEBUG - Event creating-client-class.s3: calling handler <function add_generate_presigned_post at 0x7fac320cc940>
2025-02-07 08:59:59 - DEBUG - Event creating-client-class.s3: calling handler <function add_generate_presigned_post at 0x7f45ef3cc940>
2025-02-07 08:59:59 - DEBUG - Event creating-client-class.s3: calling handler <function lazy_call.<locals>._handler at 0x7facbaa30af0>
2025-02-07 08:59:59 - DEBUG - Event creating-client-class.s3: calling handler <function add_generate_presigned_post at 0x7f7e8ec83940>
2025-02-07 08:59:59 - DEBUG - Event creating-client-class.s3: calling handler <function lazy_call.<locals>._handler at 0x7f467385aaf0>
2025-02-07 08:59:59 - DEBUG - Event creating-client-class.s3: calling handler <function add_generate_presigned_post at 0x7fe498e47940>
2025-02-07 08:59:59 - DEBUG - Event creating-client-class.s3: calling handler <function lazy_call.<locals>._handler at 0x7fe523a94af0>
2025-02-07 08:59:59 - DEBUG - Event creating-client-class.s3: calling handler <function add_generate_presigned_post at 0x7f24cc548940>
2025-02-07 08:59:59 - DEBUG - Event creating-client-class.s3: calling handler <function lazy_call.<locals>._handler at 0x7f7f13059af0>
2025-02-07 08:59:59 - DEBUG - Event creating-client-class.s3: calling handler <function lazy_call.<locals>._handler at 0x7f2554df6af0>
2025-02-07 09:00:00 - DEBUG - Event creating-client-class.s3: calling handler <function add_generate_presigned_url at 0x7f45ef3cc700>
2025-02-07 09:00:00 - DEBUG - Event creating-client-class.s3: calling handler <function add_generate_presigned_url at 0x7fe6f652c700>
2025-02-07 09:00:00 - DEBUG - Event creating-client-class.s3: calling handler <function add_generate_presigned_url at 0x7fac320cc700>
2025-02-07 09:00:00 - DEBUG - Setting s3 timeout as (60, 60)
2025-02-07 09:00:00 - DEBUG - Setting s3 timeout as (60, 60)
2025-02-07 09:00:00 - DEBUG - Setting s3 timeout as (60, 60)
2025-02-07 09:00:00 - DEBUG - Loading JSON file: /usr/local/lib/python3.9/site-packages/botocore/data/_retry.json
2025-02-07 09:00:00 - DEBUG - Registering retry handlers for service: s3
2025-02-07 09:00:00 - DEBUG - Registering S3 region redirector handler
2025-02-07 09:00:00 - DEBUG - Loading JSON file: /usr/local/lib/python3.9/site-packages/botocore/data/_retry.json
2025-02-07 09:00:00 - DEBUG - Registering S3Express Identity Resolver
2025-02-07 09:00:00 - DEBUG - Registering retry handlers for service: s3
2025-02-07 09:00:00 - DEBUG - Loading JSON file: /usr/local/lib/python3.9/site-packages/botocore/data/_retry.json
2025-02-07 09:00:00 - DEBUG - Registering S3 region redirector handler
2025-02-07 09:00:00 - DEBUG - Registering retry handlers for service: s3
2025-02-07 09:00:00 - DEBUG - Registering S3Express Identity Resolver
2025-02-07 09:00:00 - DEBUG - Registering S3 region redirector handler
2025-02-07 09:00:00 - DEBUG - Registering S3Express Identity Resolver
2025-02-07 09:00:00 - DEBUG - Event creating-client-class.s3: calling handler <function add_generate_presigned_url at 0x7fe07c027700>
2025-02-07 09:00:00 - DEBUG - Setting s3 timeout as (60, 60)
2025-02-07 09:00:00 - DEBUG - Loading JSON file: /usr/local/lib/python3.9/site-packages/botocore/data/_retry.json
2025-02-07 09:00:00 - DEBUG - Registering retry handlers for service: s3
2025-02-07 09:00:00 - DEBUG - Registering S3 region redirector handler
2025-02-07 09:00:00 - DEBUG - Registering S3Express Identity Resolver
2025-02-07 09:00:01 - DEBUG - Event creating-client-class.s3: calling handler <function add_generate_presigned_url at 0x7f7e8ec83700>
2025-02-07 09:00:01 - DEBUG - Setting s3 timeout as (60, 60)
2025-02-07 09:00:01 - DEBUG - Event creating-client-class.s3: calling handler <function add_generate_presigned_url at 0x7f41cd228700>
2025-02-07 09:00:01 - DEBUG - Loading JSON file: /usr/local/lib/python3.9/site-packages/botocore/data/_retry.json
2025-02-07 09:00:01 - DEBUG - Registering retry handlers for service: s3
2025-02-07 09:00:01 - DEBUG - Registering S3 region redirector handler
2025-02-07 09:00:01 - DEBUG - Event creating-client-class.s3: calling handler <function add_generate_presigned_url at 0x7f24cc548700>
2025-02-07 09:00:01 - DEBUG - Registering S3Express Identity Resolver
2025-02-07 09:00:01 - DEBUG - Setting s3 timeout as (60, 60)
2025-02-07 09:00:01 - DEBUG - Setting s3 timeout as (60, 60)
2025-02-07 09:00:01 - DEBUG - Loading JSON file: /usr/local/lib/python3.9/site-packages/botocore/data/_retry.json
2025-02-07 09:00:01 - DEBUG - Loading JSON file: /usr/local/lib/python3.9/site-packages/botocore/data/_retry.json
2025-02-07 09:00:01 - DEBUG - Event creating-client-class.s3: calling handler <function add_generate_presigned_url at 0x7fe498e47700>
2025-02-07 09:00:01 - DEBUG - Registering retry handlers for service: s3
2025-02-07 09:00:01 - DEBUG - Registering retry handlers for service: s3
2025-02-07 09:00:01 - DEBUG - Registering S3 region redirector handler
2025-02-07 09:00:01 - DEBUG - Registering S3 region redirector handler
2025-02-07 09:00:01 - DEBUG - Registering S3Express Identity Resolver
2025-02-07 09:00:01 - DEBUG - Registering S3Express Identity Resolver
2025-02-07 09:00:01 - DEBUG - Setting s3 timeout as (60, 60)
2025-02-07 09:00:01 - DEBUG - Loading JSON file: /usr/local/lib/python3.9/site-packages/botocore/data/_retry.json
2025-02-07 09:00:01 - DEBUG - Registering retry handlers for service: s3
2025-02-07 09:00:01 - DEBUG - Registering S3 region redirector handler
2025-02-07 09:00:01 - DEBUG - Registering S3Express Identity Resolver
2025-02-07 09:00:53 - INFO - create_face_img_base64 - Create face tam with id test from store 1
2025-02-07 09:00:53 - INFO - Image decoded successfully from store 1
2025-02-07 09:00:53 - WARNING - 1 - Face is not detected
2025-02-07 09:00:53 - DEBUG - Event before-parameter-build.s3.HeadBucket: calling handler <function validate_bucket_name at 0x7fe6f64b7670>
2025-02-07 09:00:53 - DEBUG - Event before-parameter-build.s3.HeadBucket: calling handler <function remove_bucket_from_url_paths_from_model at 0x7fe6f64bd550>
2025-02-07 09:00:53 - DEBUG - Event before-parameter-build.s3.HeadBucket: calling handler <bound method S3RegionRedirectorv2.annotate_request_context of <botocore.utils.S3RegionRedirectorv2 object at 0x7fe77d9f4f40>>
2025-02-07 09:00:53 - DEBUG - Event before-parameter-build.s3.HeadBucket: calling handler <bound method ClientCreator._inject_s3_input_parameters of <botocore.client.ClientCreator object at 0x7fe77eb82ca0>>
2025-02-07 09:00:53 - DEBUG - Event before-parameter-build.s3.HeadBucket: calling handler <function generate_idempotent_uuid at 0x7fe6f64b74c0>
2025-02-07 09:00:53 - DEBUG - Event before-parameter-build.s3.HeadBucket: calling handler <function _handle_request_validation_mode_member at 0x7fe6f64bdc10>
2025-02-07 09:00:53 - DEBUG - Event before-endpoint-resolution.s3: calling handler <function customize_endpoint_resolver_builtins at 0x7fe6f64bd700>
2025-02-07 09:00:53 - DEBUG - Event before-endpoint-resolution.s3: calling handler <bound method S3RegionRedirectorv2.redirect_from_cache of <botocore.utils.S3RegionRedirectorv2 object at 0x7fe77d9f4f40>>
2025-02-07 09:00:53 - DEBUG - Calling endpoint provider with parameters: {'Bucket': 'data-face-register-employee-images', 'Region': 'us-east-1', 'UseFIPS': False, 'UseDualStack': False, 'Endpoint': 'http://minio:9000', 'ForcePathStyle': True, 'Accelerate': False, 'UseGlobalEndpoint': True, 'DisableMultiRegionAccessPoints': False, 'UseArnRegion': True}
2025-02-07 09:00:53 - DEBUG - Endpoint provider result: http://minio:9000/data-face-register-employee-images
2025-02-07 09:00:53 - DEBUG - Selecting from endpoint provider's list of auth schemes: "sigv4". User selected auth scheme is: "None"
2025-02-07 09:00:53 - DEBUG - Selected auth type "v4" as "v4" with signing context params: {'region': 'us-east-1', 'signing_name': 's3', 'disableDoubleEncoding': True}
2025-02-07 09:00:53 - DEBUG - Event before-call.s3.HeadBucket: calling handler <function add_expect_header at 0x7fe6f64b79d0>
2025-02-07 09:00:53 - DEBUG - Event before-call.s3.HeadBucket: calling handler <bound method S3ExpressIdentityResolver.apply_signing_cache_key of <botocore.utils.S3ExpressIdentityResolver object at 0x7fe77d9f4f70>>
2025-02-07 09:00:53 - DEBUG - Event before-call.s3.HeadBucket: calling handler <function add_recursion_detection_header at 0x7fe6f64b70d0>
2025-02-07 09:00:53 - DEBUG - Event before-call.s3.HeadBucket: calling handler <function add_query_compatibility_header at 0x7fe6f64bdb80>
2025-02-07 09:00:53 - DEBUG - Event before-call.s3.HeadBucket: calling handler <function inject_api_version_header_if_needed at 0x7fe6f64b9d30>
2025-02-07 09:00:53 - DEBUG - Making request for OperationModel(name=HeadBucket) with params: {'url_path': '', 'query_string': {}, 'method': 'HEAD', 'headers': {'User-Agent': 'Boto3/1.36.15 md/Botocore#1.36.15 ua/2.0 os/linux#5.15.153.1-microsoft-standard-WSL2 md/arch#x86_64 lang/python#3.9.21 md/pyimpl#CPython cfg/retry-mode#legacy Botocore/1.36.15'}, 'body': b'', 'auth_path': '/data-face-register-employee-images/', 'url': 'http://minio:9000/data-face-register-employee-images', 'context': {'client_region': 'us-east-1', 'client_config': <botocore.config.Config object at 0x7fe77daa00a0>, 'has_streaming_input': False, 'auth_type': 'v4', 'unsigned_payload': None, 's3_redirect': {'redirected': False, 'bucket': 'data-face-register-employee-images', 'params': {'Bucket': 'data-face-register-employee-images'}}, 'input_params': {'Bucket': 'data-face-register-employee-images'}, 'signing': {'region': 'us-east-1', 'signing_name': 's3', 'disableDoubleEncoding': True}, 'endpoint_properties': {'authSchemes': [{'disableDoubleEncoding': True, 'name': 'sigv4', 'signingName': 's3', 'signingRegion': 'us-east-1'}]}}}
2025-02-07 09:00:53 - DEBUG - Event request-created.s3.HeadBucket: calling handler <bound method RequestSigner.handler of <botocore.signers.RequestSigner object at 0x7fe77da96d00>>
2025-02-07 09:00:53 - DEBUG - Event choose-signer.s3.HeadBucket: calling handler <bound method ClientCreator._default_s3_presign_to_sigv2 of <botocore.client.ClientCreator object at 0x7fe77eb82ca0>>
2025-02-07 09:00:53 - DEBUG - Event choose-signer.s3.HeadBucket: calling handler <function set_operation_specific_signer at 0x7fe6f64b7310>
2025-02-07 09:00:53 - DEBUG - Event before-sign.s3.HeadBucket: calling handler <function remove_arn_from_signing_path at 0x7fe6f64bd670>
2025-02-07 09:00:53 - DEBUG - Event before-sign.s3.HeadBucket: calling handler <function _set_extra_headers_for_unsigned_request at 0x7fe6f64bdca0>
2025-02-07 09:00:53 - DEBUG - Event before-sign.s3.HeadBucket: calling handler <bound method S3ExpressIdentityResolver.resolve_s3express_identity of <botocore.utils.S3ExpressIdentityResolver object at 0x7fe77d9f4f70>>
2025-02-07 09:00:53 - DEBUG - Calculating signature using v4 auth.
2025-02-07 09:00:53 - DEBUG - CanonicalRequest:
HEAD
/data-face-register-employee-images

host:minio:9000
x-amz-content-sha256:e3b0c44298fc1c149afbf4c8996fb92427ae41e4649b934ca495991b7852b855
x-amz-date:20250207T090053Z

host;x-amz-content-sha256;x-amz-date
e3b0c44298fc1c149afbf4c8996fb92427ae41e4649b934ca495991b7852b855
2025-02-07 09:00:53 - DEBUG - StringToSign:
AWS4-HMAC-SHA256
20250207T090053Z
20250207/us-east-1/s3/aws4_request
e9cb7d55c8f25de26d12a6c91152e3a9b2fa4988602184818683e3d60eadcca5
2025-02-07 09:00:53 - DEBUG - Signature:
55eaac15b37fbeda86fda830b97801ffedf898ddacdb821c74e0a0a727b744bb
2025-02-07 09:00:53 - DEBUG - Event request-created.s3.HeadBucket: calling handler <function add_retry_headers at 0x7fe6f64bd4c0>
2025-02-07 09:00:53 - DEBUG - Sending http request: <AWSPreparedRequest stream_output=False, method=HEAD, url=http://minio:9000/data-face-register-employee-images, headers={'User-Agent': b'Boto3/1.36.15 md/Botocore#1.36.15 ua/2.0 os/linux#5.15.153.1-microsoft-standard-WSL2 md/arch#x86_64 lang/python#3.9.21 md/pyimpl#CPython cfg/retry-mode#legacy Botocore/1.36.15', 'X-Amz-Date': b'20250207T090053Z', 'X-Amz-Content-SHA256': b'e3b0c44298fc1c149afbf4c8996fb92427ae41e4649b934ca495991b7852b855', 'Authorization': b'AWS4-HMAC-SHA256 Credential=minioadmin/20250207/us-east-1/s3/aws4_request, SignedHeaders=host;x-amz-content-sha256;x-amz-date, Signature=55eaac15b37fbeda86fda830b97801ffedf898ddacdb821c74e0a0a727b744bb', 'amz-sdk-invocation-id': b'604915ad-6671-4366-939b-59afac9a4698', 'amz-sdk-request': b'attempt=1'}>
2025-02-07 09:00:53 - DEBUG - Event before-parse.s3.HeadBucket: calling handler <function _handle_200_error at 0x7fe6f64bd9d0>
2025-02-07 09:00:53 - DEBUG - Event before-parse.s3.HeadBucket: calling handler <function handle_expires_header at 0x7fe6f64bd820>
2025-02-07 09:00:53 - DEBUG - Response headers: {'Accept-Ranges': 'bytes', 'Content-Length': '0', 'Server': 'MinIO', 'Strict-Transport-Security': 'max-age=31536000; includeSubDomains', 'Vary': 'Origin, Accept-Encoding', 'X-Amz-Id-2': 'dd9025bab4ad464b049177c95eb6ebf374d3b3fd1af9251148b658df7ac2e3e8', 'X-Amz-Request-Id': '1821E17BF9EF31DA', 'X-Content-Type-Options': 'nosniff', 'X-Minio-Error-Code': 'NoSuchBucket', 'X-Minio-Error-Desc': '"The specified bucket does not exist"', 'X-Ratelimit-Limit': '1919', 'X-Ratelimit-Remaining': '1919', 'X-Xss-Protection': '1; mode=block', 'Date': 'Fri, 07 Feb 2025 09:00:53 GMT'}
2025-02-07 09:00:53 - DEBUG - Response body:
b''
2025-02-07 09:00:53 - DEBUG - Event needs-retry.s3.HeadBucket: calling handler <function _update_status_code at 0x7fe6f64bdaf0>
2025-02-07 09:00:53 - DEBUG - Event needs-retry.s3.HeadBucket: calling handler <botocore.retryhandler.RetryHandler object at 0x7fe77d9f4e80>
2025-02-07 09:00:53 - DEBUG - No retry needed.
2025-02-07 09:00:53 - DEBUG - Event needs-retry.s3.HeadBucket: calling handler <bound method S3RegionRedirectorv2.redirect_from_error of <botocore.utils.S3RegionRedirectorv2 object at 0x7fe77d9f4f40>>
2025-02-07 09:00:53 - DEBUG - Event before-parameter-build.s3.CreateBucket: calling handler <function validate_bucket_name at 0x7fe6f64b7670>
2025-02-07 09:00:53 - DEBUG - Event before-parameter-build.s3.CreateBucket: calling handler <function remove_bucket_from_url_paths_from_model at 0x7fe6f64bd550>
2025-02-07 09:00:53 - DEBUG - Event before-parameter-build.s3.CreateBucket: calling handler <bound method S3RegionRedirectorv2.annotate_request_context of <botocore.utils.S3RegionRedirectorv2 object at 0x7fe77d9f4f40>>
2025-02-07 09:00:53 - DEBUG - Event before-parameter-build.s3.CreateBucket: calling handler <bound method ClientCreator._inject_s3_input_parameters of <botocore.client.ClientCreator object at 0x7fe77eb82ca0>>
2025-02-07 09:00:53 - DEBUG - Event before-parameter-build.s3.CreateBucket: calling handler <function generate_idempotent_uuid at 0x7fe6f64b74c0>
2025-02-07 09:00:53 - DEBUG - Event before-parameter-build.s3.CreateBucket: calling handler <function _handle_request_validation_mode_member at 0x7fe6f64bdc10>
2025-02-07 09:00:53 - DEBUG - Event before-endpoint-resolution.s3: calling handler <function customize_endpoint_resolver_builtins at 0x7fe6f64bd700>
2025-02-07 09:00:53 - DEBUG - Event before-endpoint-resolution.s3: calling handler <bound method S3RegionRedirectorv2.redirect_from_cache of <botocore.utils.S3RegionRedirectorv2 object at 0x7fe77d9f4f40>>
2025-02-07 09:00:53 - DEBUG - Calling endpoint provider with parameters: {'Bucket': 'data-face-register-employee-images', 'Region': 'us-east-1', 'UseFIPS': False, 'UseDualStack': False, 'Endpoint': 'http://minio:9000', 'ForcePathStyle': True, 'Accelerate': False, 'UseGlobalEndpoint': True, 'DisableAccessPoints': True, 'DisableMultiRegionAccessPoints': False, 'UseArnRegion': True, 'UseS3ExpressControlEndpoint': True}
2025-02-07 09:00:53 - DEBUG - Endpoint provider result: http://minio:9000/data-face-register-employee-images
2025-02-07 09:00:53 - DEBUG - Selecting from endpoint provider's list of auth schemes: "sigv4". User selected auth scheme is: "None"
2025-02-07 09:00:53 - DEBUG - Selected auth type "v4" as "v4" with signing context params: {'region': 'us-east-1', 'signing_name': 's3', 'disableDoubleEncoding': True}
2025-02-07 09:00:53 - DEBUG - Event before-call.s3.CreateBucket: calling handler <function add_expect_header at 0x7fe6f64b79d0>
2025-02-07 09:00:53 - DEBUG - Event before-call.s3.CreateBucket: calling handler <bound method S3ExpressIdentityResolver.apply_signing_cache_key of <botocore.utils.S3ExpressIdentityResolver object at 0x7fe77d9f4f70>>
2025-02-07 09:00:53 - DEBUG - Event before-call.s3.CreateBucket: calling handler <function add_recursion_detection_header at 0x7fe6f64b70d0>
2025-02-07 09:00:53 - DEBUG - Event before-call.s3.CreateBucket: calling handler <function add_query_compatibility_header at 0x7fe6f64bdb80>
2025-02-07 09:00:53 - DEBUG - Event before-call.s3.CreateBucket: calling handler <function inject_api_version_header_if_needed at 0x7fe6f64b9d30>
2025-02-07 09:00:53 - DEBUG - Making request for OperationModel(name=CreateBucket) with params: {'url_path': '', 'query_string': {}, 'method': 'PUT', 'headers': {'User-Agent': 'Boto3/1.36.15 md/Botocore#1.36.15 ua/2.0 os/linux#5.15.153.1-microsoft-standard-WSL2 md/arch#x86_64 lang/python#3.9.21 md/pyimpl#CPython cfg/retry-mode#legacy Botocore/1.36.15'}, 'body': b'', 'auth_path': '/data-face-register-employee-images/', 'url': 'http://minio:9000/data-face-register-employee-images', 'context': {'client_region': 'us-east-1', 'client_config': <botocore.config.Config object at 0x7fe77daa00a0>, 'has_streaming_input': False, 'auth_type': 'v4', 'unsigned_payload': None, 's3_redirect': {'redirected': False, 'bucket': 'data-face-register-employee-images', 'params': {'Bucket': 'data-face-register-employee-images'}}, 'input_params': {'Bucket': 'data-face-register-employee-images'}, 'signing': {'region': 'us-east-1', 'signing_name': 's3', 'disableDoubleEncoding': True}, 'endpoint_properties': {'authSchemes': [{'disableDoubleEncoding': True, 'name': 'sigv4', 'signingName': 's3', 'signingRegion': 'us-east-1'}]}}}
2025-02-07 09:00:53 - DEBUG - Event request-created.s3.CreateBucket: calling handler <bound method RequestSigner.handler of <botocore.signers.RequestSigner object at 0x7fe77da96d00>>
2025-02-07 09:00:53 - DEBUG - Event choose-signer.s3.CreateBucket: calling handler <bound method ClientCreator._default_s3_presign_to_sigv2 of <botocore.client.ClientCreator object at 0x7fe77eb82ca0>>
2025-02-07 09:00:53 - DEBUG - Event choose-signer.s3.CreateBucket: calling handler <function set_operation_specific_signer at 0x7fe6f64b7310>
2025-02-07 09:00:53 - DEBUG - Event before-sign.s3.CreateBucket: calling handler <function remove_arn_from_signing_path at 0x7fe6f64bd670>
2025-02-07 09:00:53 - DEBUG - Event before-sign.s3.CreateBucket: calling handler <function _set_extra_headers_for_unsigned_request at 0x7fe6f64bdca0>
2025-02-07 09:00:53 - DEBUG - Event before-sign.s3.CreateBucket: calling handler <bound method S3ExpressIdentityResolver.resolve_s3express_identity of <botocore.utils.S3ExpressIdentityResolver object at 0x7fe77d9f4f70>>
2025-02-07 09:00:53 - DEBUG - Calculating signature using v4 auth.
2025-02-07 09:00:53 - DEBUG - CanonicalRequest:
PUT
/data-face-register-employee-images

host:minio:9000
x-amz-content-sha256:e3b0c44298fc1c149afbf4c8996fb92427ae41e4649b934ca495991b7852b855
x-amz-date:20250207T090053Z

host;x-amz-content-sha256;x-amz-date
e3b0c44298fc1c149afbf4c8996fb92427ae41e4649b934ca495991b7852b855
2025-02-07 09:00:53 - DEBUG - StringToSign:
AWS4-HMAC-SHA256
20250207T090053Z
20250207/us-east-1/s3/aws4_request
1da23e24f9b1ad48dff90d42ce6b1aa96a768c8cea2fe9a924590509ca6c3caa
2025-02-07 09:00:53 - DEBUG - Signature:
72e145e2c81130b44c444aa4cd43303f1ff00fe1829cda5bb5ddebcb9cfd4821
2025-02-07 09:00:53 - DEBUG - Event request-created.s3.CreateBucket: calling handler <function add_retry_headers at 0x7fe6f64bd4c0>
2025-02-07 09:00:53 - DEBUG - Sending http request: <AWSPreparedRequest stream_output=False, method=PUT, url=http://minio:9000/data-face-register-employee-images, headers={'User-Agent': b'Boto3/1.36.15 md/Botocore#1.36.15 ua/2.0 os/linux#5.15.153.1-microsoft-standard-WSL2 md/arch#x86_64 lang/python#3.9.21 md/pyimpl#CPython cfg/retry-mode#legacy Botocore/1.36.15', 'X-Amz-Date': b'20250207T090053Z', 'X-Amz-Content-SHA256': b'e3b0c44298fc1c149afbf4c8996fb92427ae41e4649b934ca495991b7852b855', 'Authorization': b'AWS4-HMAC-SHA256 Credential=minioadmin/20250207/us-east-1/s3/aws4_request, SignedHeaders=host;x-amz-content-sha256;x-amz-date, Signature=72e145e2c81130b44c444aa4cd43303f1ff00fe1829cda5bb5ddebcb9cfd4821', 'amz-sdk-invocation-id': b'32c78ec7-472a-4352-a1a6-99f2aa7620c3', 'amz-sdk-request': b'attempt=1', 'Content-Length': '0'}>
2025-02-07 09:00:53 - DEBUG - Event before-parse.s3.CreateBucket: calling handler <function _handle_200_error at 0x7fe6f64bd9d0>
2025-02-07 09:00:53 - DEBUG - Event before-parse.s3.CreateBucket: calling handler <function handle_expires_header at 0x7fe6f64bd820>
2025-02-07 09:00:53 - DEBUG - Response headers: {'Accept-Ranges': 'bytes', 'Content-Length': '0', 'Location': '/data-face-register-employee-images', 'Server': 'MinIO', 'Strict-Transport-Security': 'max-age=31536000; includeSubDomains', 'Vary': 'Origin, Accept-Encoding', 'X-Amz-Id-2': 'dd9025bab4ad464b049177c95eb6ebf374d3b3fd1af9251148b658df7ac2e3e8', 'X-Amz-Request-Id': '1821E17BFC776AF0', 'X-Content-Type-Options': 'nosniff', 'X-Ratelimit-Limit': '1919', 'X-Ratelimit-Remaining': '1919', 'X-Xss-Protection': '1; mode=block', 'Date': 'Fri, 07 Feb 2025 09:00:53 GMT'}
2025-02-07 09:00:53 - DEBUG - Response body:
b''
2025-02-07 09:00:53 - DEBUG - Event needs-retry.s3.CreateBucket: calling handler <function _update_status_code at 0x7fe6f64bdaf0>
2025-02-07 09:00:53 - DEBUG - Event needs-retry.s3.CreateBucket: calling handler <botocore.retryhandler.RetryHandler object at 0x7fe77d9f4e80>
2025-02-07 09:00:53 - DEBUG - No retry needed.
2025-02-07 09:00:53 - DEBUG - Event needs-retry.s3.CreateBucket: calling handler <bound method S3RegionRedirectorv2.redirect_from_error of <botocore.utils.S3RegionRedirectorv2 object at 0x7fe77d9f4f40>>
2025-02-07 09:00:53 - INFO - Bucket data-face-register-employee-images created
2025-02-07 09:00:53 - DEBUG - Opting out of CRT Transfer Manager. Preferred client: auto, CRT available: False, Instance Optimized: False.
2025-02-07 09:00:53 - DEBUG - Using default client. pid: 12, thread: 140632447404928
2025-02-07 09:00:53 - DEBUG - Acquiring 0
2025-02-07 09:00:53 - DEBUG - UploadSubmissionTask(transfer_id=0, {'transfer_future': <s3transfer.futures.TransferFuture object at 0x7fe6252c7820>}) about to wait for the following futures []
2025-02-07 09:00:53 - DEBUG - UploadSubmissionTask(transfer_id=0, {'transfer_future': <s3transfer.futures.TransferFuture object at 0x7fe6252c7820>}) done waiting for dependent futures
2025-02-07 09:00:53 - DEBUG - Executing task UploadSubmissionTask(transfer_id=0, {'transfer_future': <s3transfer.futures.TransferFuture object at 0x7fe6252c7820>}) with kwargs {'client': <botocore.client.S3 object at 0x7fe77da96d60>, 'config': <boto3.s3.transfer.TransferConfig object at 0x7fe625370820>, 'osutil': <s3transfer.utils.OSUtils object at 0x7fe625370550>, 'request_executor': <s3transfer.futures.BoundedExecutor object at 0x7fe625370850>, 'transfer_future': <s3transfer.futures.TransferFuture object at 0x7fe6252c7820>}
2025-02-07 09:00:53 - DEBUG - Submitting task PutObjectTask(transfer_id=0, {'bucket': 'data-face-register-employee-images', 'key': '1/2025_02_07/test_tam_09_00_53.jpg', 'extra_args': {'ContentType': 'image/jpeg', 'ChecksumAlgorithm': 'CRC32'}}) to executor <s3transfer.futures.BoundedExecutor object at 0x7fe625370850> for transfer request: 0.
2025-02-07 09:00:53 - DEBUG - Acquiring 0
2025-02-07 09:00:53 - DEBUG - PutObjectTask(transfer_id=0, {'bucket': 'data-face-register-employee-images', 'key': '1/2025_02_07/test_tam_09_00_53.jpg', 'extra_args': {'ContentType': 'image/jpeg', 'ChecksumAlgorithm': 'CRC32'}}) about to wait for the following futures []
2025-02-07 09:00:53 - DEBUG - Releasing acquire 0/None
2025-02-07 09:00:53 - DEBUG - PutObjectTask(transfer_id=0, {'bucket': 'data-face-register-employee-images', 'key': '1/2025_02_07/test_tam_09_00_53.jpg', 'extra_args': {'ContentType': 'image/jpeg', 'ChecksumAlgorithm': 'CRC32'}}) done waiting for dependent futures
2025-02-07 09:00:53 - DEBUG - Executing task PutObjectTask(transfer_id=0, {'bucket': 'data-face-register-employee-images', 'key': '1/2025_02_07/test_tam_09_00_53.jpg', 'extra_args': {'ContentType': 'image/jpeg', 'ChecksumAlgorithm': 'CRC32'}}) with kwargs {'client': <botocore.client.S3 object at 0x7fe77da96d60>, 'fileobj': <s3transfer.utils.ReadFileChunk object at 0x7fe6252c7370>, 'bucket': 'data-face-register-employee-images', 'key': '1/2025_02_07/test_tam_09_00_53.jpg', 'extra_args': {'ContentType': 'image/jpeg', 'ChecksumAlgorithm': 'CRC32'}}
2025-02-07 09:00:53 - DEBUG - Event before-parameter-build.s3.PutObject: calling handler <function validate_ascii_metadata at 0x7fe6f64b9310>
2025-02-07 09:00:53 - DEBUG - Event before-parameter-build.s3.PutObject: calling handler <function sse_md5 at 0x7fe6f64b7700>
2025-02-07 09:00:53 - DEBUG - Event before-parameter-build.s3.PutObject: calling handler <function convert_body_to_file_like_object at 0x7fe6f64b9c10>
2025-02-07 09:00:53 - DEBUG - Event before-parameter-build.s3.PutObject: calling handler <function validate_bucket_name at 0x7fe6f64b7670>
2025-02-07 09:00:53 - DEBUG - Event before-parameter-build.s3.PutObject: calling handler <function remove_bucket_from_url_paths_from_model at 0x7fe6f64bd550>
2025-02-07 09:00:53 - DEBUG - Event before-parameter-build.s3.PutObject: calling handler <bound method S3RegionRedirectorv2.annotate_request_context of <botocore.utils.S3RegionRedirectorv2 object at 0x7fe77d9f4f40>>
2025-02-07 09:00:53 - DEBUG - Event before-parameter-build.s3.PutObject: calling handler <bound method ClientCreator._inject_s3_input_parameters of <botocore.client.ClientCreator object at 0x7fe77eb82ca0>>
2025-02-07 09:00:53 - DEBUG - Event before-parameter-build.s3.PutObject: calling handler <function generate_idempotent_uuid at 0x7fe6f64b74c0>
2025-02-07 09:00:53 - DEBUG - Event before-parameter-build.s3.PutObject: calling handler <function _handle_request_validation_mode_member at 0x7fe6f64bdc10>
2025-02-07 09:00:53 - DEBUG - Event before-endpoint-resolution.s3: calling handler <function customize_endpoint_resolver_builtins at 0x7fe6f64bd700>
2025-02-07 09:00:53 - DEBUG - Event before-endpoint-resolution.s3: calling handler <bound method S3RegionRedirectorv2.redirect_from_cache of <botocore.utils.S3RegionRedirectorv2 object at 0x7fe77d9f4f40>>
2025-02-07 09:00:53 - DEBUG - Calling endpoint provider with parameters: {'Bucket': 'data-face-register-employee-images', 'Region': 'us-east-1', 'UseFIPS': False, 'UseDualStack': False, 'Endpoint': 'http://minio:9000', 'ForcePathStyle': True, 'Accelerate': False, 'UseGlobalEndpoint': True, 'Key': '1/2025_02_07/test_tam_09_00_53.jpg', 'DisableMultiRegionAccessPoints': False, 'UseArnRegion': True}
2025-02-07 09:00:53 - DEBUG - Endpoint provider result: http://minio:9000/data-face-register-employee-images
2025-02-07 09:00:53 - DEBUG - Selecting from endpoint provider's list of auth schemes: "sigv4". User selected auth scheme is: "None"
2025-02-07 09:00:53 - DEBUG - Selected auth type "v4" as "v4" with signing context params: {'region': 'us-east-1', 'signing_name': 's3', 'disableDoubleEncoding': True}
2025-02-07 09:00:53 - DEBUG - Event before-call.s3.PutObject: calling handler <function add_expect_header at 0x7fe6f64b79d0>
2025-02-07 09:00:53 - DEBUG - Adding expect 100 continue header to request.
2025-02-07 09:00:53 - DEBUG - Event before-call.s3.PutObject: calling handler <bound method S3ExpressIdentityResolver.apply_signing_cache_key of <botocore.utils.S3ExpressIdentityResolver object at 0x7fe77d9f4f70>>
2025-02-07 09:00:53 - DEBUG - Event before-call.s3.PutObject: calling handler <function add_recursion_detection_header at 0x7fe6f64b70d0>
2025-02-07 09:00:53 - DEBUG - Event before-call.s3.PutObject: calling handler <function add_query_compatibility_header at 0x7fe6f64bdb80>
2025-02-07 09:00:53 - DEBUG - Event before-call.s3.PutObject: calling handler <function inject_api_version_header_if_needed at 0x7fe6f64b9d30>
2025-02-07 09:00:53 - DEBUG - Making request for OperationModel(name=PutObject) with params: {'url_path': '/1/2025_02_07/test_tam_09_00_53.jpg', 'query_string': {}, 'method': 'PUT', 'headers': {'Content-Type': 'image/jpeg', 'x-amz-sdk-checksum-algorithm': 'CRC32', 'User-Agent': 'Boto3/1.36.15 md/Botocore#1.36.15 ua/2.0 os/linux#5.15.153.1-microsoft-standard-WSL2 md/arch#x86_64 lang/python#3.9.21 md/pyimpl#CPython cfg/retry-mode#legacy Botocore/1.36.15', 'Expect': '100-continue', 'x-amz-checksum-crc32': 'c8Efkg=='}, 'body': <s3transfer.utils.ReadFileChunk object at 0x7fe6252c7370>, 'auth_path': '/data-face-register-employee-images/1/2025_02_07/test_tam_09_00_53.jpg', 'url': 'http://minio:9000/data-face-register-employee-images/1/2025_02_07/test_tam_09_00_53.jpg', 'context': {'client_region': 'us-east-1', 'client_config': <botocore.config.Config object at 0x7fe77daa00a0>, 'has_streaming_input': True, 'auth_type': 'v4', 'unsigned_payload': None, 's3_redirect': {'redirected': False, 'bucket': 'data-face-register-employee-images', 'params': {'Bucket': 'data-face-register-employee-images', 'Key': '1/2025_02_07/test_tam_09_00_53.jpg', 'Body': <s3transfer.utils.ReadFileChunk object at 0x7fe6252c7370>, 'ContentType': 'image/jpeg', 'ChecksumAlgorithm': 'CRC32'}}, 'input_params': {'Bucket': 'data-face-register-employee-images', 'Key': '1/2025_02_07/test_tam_09_00_53.jpg'}, 'signing': {'region': 'us-east-1', 'signing_name': 's3', 'disableDoubleEncoding': True}, 'endpoint_properties': {'authSchemes': [{'disableDoubleEncoding': True, 'name': 'sigv4', 'signingName': 's3', 'signingRegion': 'us-east-1'}]}, 'checksum': {'request_algorithm': {'algorithm': 'crc32', 'in': 'header', 'name': 'x-amz-checksum-crc32'}}}}
2025-02-07 09:00:53 - DEBUG - Event request-created.s3.PutObject: calling handler <function signal_not_transferring at 0x7fe77da68dc0>
2025-02-07 09:00:53 - DEBUG - Event request-created.s3.PutObject: calling handler <bound method RequestSigner.handler of <botocore.signers.RequestSigner object at 0x7fe77da96d00>>
2025-02-07 09:00:53 - DEBUG - Event choose-signer.s3.PutObject: calling handler <bound method ClientCreator._default_s3_presign_to_sigv2 of <botocore.client.ClientCreator object at 0x7fe77eb82ca0>>
2025-02-07 09:00:53 - DEBUG - Event choose-signer.s3.PutObject: calling handler <function set_operation_specific_signer at 0x7fe6f64b7310>
2025-02-07 09:00:53 - DEBUG - Event before-sign.s3.PutObject: calling handler <function remove_arn_from_signing_path at 0x7fe6f64bd670>
2025-02-07 09:00:53 - DEBUG - Event before-sign.s3.PutObject: calling handler <function _set_extra_headers_for_unsigned_request at 0x7fe6f64bdca0>
2025-02-07 09:00:53 - DEBUG - Event before-sign.s3.PutObject: calling handler <bound method S3ExpressIdentityResolver.resolve_s3express_identity of <botocore.utils.S3ExpressIdentityResolver object at 0x7fe77d9f4f70>>
2025-02-07 09:00:53 - DEBUG - Calculating signature using v4 auth.
2025-02-07 09:00:53 - DEBUG - CanonicalRequest:
PUT
/data-face-register-employee-images/1/2025_02_07/test_tam_09_00_53.jpg

content-type:image/jpeg
host:minio:9000
x-amz-checksum-crc32:c8Efkg==
x-amz-content-sha256:59fa7656957e5b391e74bf0fcda457a96650c1b73828501e28fa867c119d91b3
x-amz-date:20250207T090053Z
x-amz-sdk-checksum-algorithm:CRC32

content-type;host;x-amz-checksum-crc32;x-amz-content-sha256;x-amz-date;x-amz-sdk-checksum-algorithm
59fa7656957e5b391e74bf0fcda457a96650c1b73828501e28fa867c119d91b3
2025-02-07 09:00:53 - DEBUG - StringToSign:
AWS4-HMAC-SHA256
20250207T090053Z
20250207/us-east-1/s3/aws4_request
ca0989ca79af13fb46cf2b02c2fffd6fd488767984678d10ce219c3b94c6a09f
2025-02-07 09:00:53 - DEBUG - Signature:
dd46341672c108f7189b0813c6c243d88670da7c00e47441c8c8c613d7370ce3
2025-02-07 09:00:53 - DEBUG - Event request-created.s3.PutObject: calling handler <function signal_transferring at 0x7fe77da68e50>
2025-02-07 09:00:53 - DEBUG - Event request-created.s3.PutObject: calling handler <function add_retry_headers at 0x7fe6f64bd4c0>
2025-02-07 09:00:53 - DEBUG - Sending http request: <AWSPreparedRequest stream_output=False, method=PUT, url=http://minio:9000/data-face-register-employee-images/1/2025_02_07/test_tam_09_00_53.jpg, headers={'Content-Type': b'image/jpeg', 'x-amz-sdk-checksum-algorithm': b'CRC32', 'User-Agent': b'Boto3/1.36.15 md/Botocore#1.36.15 ua/2.0 os/linux#5.15.153.1-microsoft-standard-WSL2 md/arch#x86_64 lang/python#3.9.21 md/pyimpl#CPython cfg/retry-mode#legacy Botocore/1.36.15', 'Expect': b'100-continue', 'x-amz-checksum-crc32': b'c8Efkg==', 'X-Amz-Date': b'20250207T090053Z', 'X-Amz-Content-SHA256': b'59fa7656957e5b391e74bf0fcda457a96650c1b73828501e28fa867c119d91b3', 'Authorization': b'AWS4-HMAC-SHA256 Credential=minioadmin/20250207/us-east-1/s3/aws4_request, SignedHeaders=content-type;host;x-amz-checksum-crc32;x-amz-content-sha256;x-amz-date;x-amz-sdk-checksum-algorithm, Signature=dd46341672c108f7189b0813c6c243d88670da7c00e47441c8c8c613d7370ce3', 'amz-sdk-invocation-id': b'2b0098c3-16a3-4e33-81d9-7280a94b845d', 'amz-sdk-request': b'attempt=1', 'Content-Length': '107879'}>
2025-02-07 09:00:53 - DEBUG - Waiting for 100 Continue response.
2025-02-07 09:00:53 - DEBUG - 100 Continue response seen, now sending request body.
2025-02-07 09:00:53 - DEBUG - Event before-parse.s3.PutObject: calling handler <function _handle_200_error at 0x7fe6f64bd9d0>
2025-02-07 09:00:53 - DEBUG - Event before-parse.s3.PutObject: calling handler <function handle_expires_header at 0x7fe6f64bd820>
2025-02-07 09:00:53 - DEBUG - Response headers: {'Accept-Ranges': 'bytes', 'Content-Length': '0', 'ETag': '"45c885b4c29b6b38f8026ebfccb97646"', 'Server': 'MinIO', 'Strict-Transport-Security': 'max-age=31536000; includeSubDomains', 'Vary': 'Origin, Accept-Encoding', 'X-Amz-Checksum-Crc32': 'c8Efkg==', 'X-Amz-Id-2': 'dd9025bab4ad464b049177c95eb6ebf374d3b3fd1af9251148b658df7ac2e3e8', 'X-Amz-Request-Id': '1821E17C014BAFAE', 'X-Content-Type-Options': 'nosniff', 'X-Ratelimit-Limit': '1919', 'X-Ratelimit-Remaining': '1919', 'X-Xss-Protection': '1; mode=block', 'Date': 'Fri, 07 Feb 2025 09:00:53 GMT'}
2025-02-07 09:00:53 - DEBUG - Response body:
b''
2025-02-07 09:00:53 - DEBUG - Event needs-retry.s3.PutObject: calling handler <function _update_status_code at 0x7fe6f64bdaf0>
2025-02-07 09:00:53 - DEBUG - Event needs-retry.s3.PutObject: calling handler <botocore.retryhandler.RetryHandler object at 0x7fe77d9f4e80>
2025-02-07 09:00:53 - DEBUG - No retry needed.
2025-02-07 09:00:53 - DEBUG - Event needs-retry.s3.PutObject: calling handler <bound method S3RegionRedirectorv2.redirect_from_error of <botocore.utils.S3RegionRedirectorv2 object at 0x7fe77d9f4f40>>
2025-02-07 09:00:53 - DEBUG - Releasing acquire 0/None
2025-02-07 09:00:53 - INFO - Uploaded image to MinIO: data-face-register-employee-images - 1/2025_02_07/test_tam_09_00_53.jpg
2025-02-07 09:00:53 - INFO - create_face_img_base64 - 1 - Create face tam with id test successfully without embedding
2025-02-07 09:10:31 - INFO - create_face_img_base64 - Create face tam with id test from store 1
2025-02-07 09:10:31 - INFO - Image decoded successfully from store 1
2025-02-07 09:10:31 - WARNING - 1 - Face is not detected
2025-02-07 09:10:31 - DEBUG - Event before-parameter-build.s3.HeadBucket: calling handler <function validate_bucket_name at 0x7fac32056670>
2025-02-07 09:10:31 - DEBUG - Event before-parameter-build.s3.HeadBucket: calling handler <function remove_bucket_from_url_paths_from_model at 0x7fac3205c550>
2025-02-07 09:10:31 - DEBUG - Event before-parameter-build.s3.HeadBucket: calling handler <bound method S3RegionRedirectorv2.annotate_request_context of <botocore.utils.S3RegionRedirectorv2 object at 0x7facb97822b0>>
2025-02-07 09:10:31 - DEBUG - Event before-parameter-build.s3.HeadBucket: calling handler <bound method ClientCreator._inject_s3_input_parameters of <botocore.client.ClientCreator object at 0x7facba9bec40>>
2025-02-07 09:10:31 - DEBUG - Event before-parameter-build.s3.HeadBucket: calling handler <function generate_idempotent_uuid at 0x7fac320564c0>
2025-02-07 09:10:31 - DEBUG - Event before-parameter-build.s3.HeadBucket: calling handler <function _handle_request_validation_mode_member at 0x7fac3205cc10>
2025-02-07 09:10:31 - DEBUG - Event before-endpoint-resolution.s3: calling handler <function customize_endpoint_resolver_builtins at 0x7fac3205c700>
2025-02-07 09:10:31 - DEBUG - Event before-endpoint-resolution.s3: calling handler <bound method S3RegionRedirectorv2.redirect_from_cache of <botocore.utils.S3RegionRedirectorv2 object at 0x7facb97822b0>>
2025-02-07 09:10:31 - DEBUG - Calling endpoint provider with parameters: {'Bucket': 'data-face-register-employee-images', 'Region': 'us-east-1', 'UseFIPS': False, 'UseDualStack': False, 'Endpoint': 'http://minio:9000', 'ForcePathStyle': True, 'Accelerate': False, 'UseGlobalEndpoint': True, 'DisableMultiRegionAccessPoints': False, 'UseArnRegion': True}
2025-02-07 09:10:31 - DEBUG - Endpoint provider result: http://minio:9000/data-face-register-employee-images
2025-02-07 09:10:31 - DEBUG - Selecting from endpoint provider's list of auth schemes: "sigv4". User selected auth scheme is: "None"
2025-02-07 09:10:31 - DEBUG - Selected auth type "v4" as "v4" with signing context params: {'region': 'us-east-1', 'signing_name': 's3', 'disableDoubleEncoding': True}
2025-02-07 09:10:31 - DEBUG - Event before-call.s3.HeadBucket: calling handler <function add_expect_header at 0x7fac320569d0>
2025-02-07 09:10:31 - DEBUG - Event before-call.s3.HeadBucket: calling handler <bound method S3ExpressIdentityResolver.apply_signing_cache_key of <botocore.utils.S3ExpressIdentityResolver object at 0x7facb97822e0>>
2025-02-07 09:10:31 - DEBUG - Event before-call.s3.HeadBucket: calling handler <function add_recursion_detection_header at 0x7fac320560d0>
2025-02-07 09:10:31 - DEBUG - Event before-call.s3.HeadBucket: calling handler <function add_query_compatibility_header at 0x7fac3205cb80>
2025-02-07 09:10:31 - DEBUG - Event before-call.s3.HeadBucket: calling handler <function inject_api_version_header_if_needed at 0x7fac32058d30>
2025-02-07 09:10:31 - DEBUG - Making request for OperationModel(name=HeadBucket) with params: {'url_path': '', 'query_string': {}, 'method': 'HEAD', 'headers': {'User-Agent': 'Boto3/1.36.15 md/Botocore#1.36.15 ua/2.0 os/linux#5.15.153.1-microsoft-standard-WSL2 md/arch#x86_64 lang/python#3.9.21 md/pyimpl#CPython cfg/retry-mode#legacy Botocore/1.36.15'}, 'body': b'', 'auth_path': '/data-face-register-employee-images/', 'url': 'http://minio:9000/data-face-register-employee-images', 'context': {'client_region': 'us-east-1', 'client_config': <botocore.config.Config object at 0x7facb989f3d0>, 'has_streaming_input': False, 'auth_type': 'v4', 'unsigned_payload': None, 's3_redirect': {'redirected': False, 'bucket': 'data-face-register-employee-images', 'params': {'Bucket': 'data-face-register-employee-images'}}, 'input_params': {'Bucket': 'data-face-register-employee-images'}, 'signing': {'region': 'us-east-1', 'signing_name': 's3', 'disableDoubleEncoding': True}, 'endpoint_properties': {'authSchemes': [{'disableDoubleEncoding': True, 'name': 'sigv4', 'signingName': 's3', 'signingRegion': 'us-east-1'}]}}}
2025-02-07 09:10:31 - DEBUG - Event request-created.s3.HeadBucket: calling handler <bound method RequestSigner.handler of <botocore.signers.RequestSigner object at 0x7facb989f1f0>>
2025-02-07 09:10:31 - DEBUG - Event choose-signer.s3.HeadBucket: calling handler <bound method ClientCreator._default_s3_presign_to_sigv2 of <botocore.client.ClientCreator object at 0x7facba9bec40>>
2025-02-07 09:10:31 - DEBUG - Event choose-signer.s3.HeadBucket: calling handler <function set_operation_specific_signer at 0x7fac32056310>
2025-02-07 09:10:31 - DEBUG - Event before-sign.s3.HeadBucket: calling handler <function remove_arn_from_signing_path at 0x7fac3205c670>
2025-02-07 09:10:31 - DEBUG - Event before-sign.s3.HeadBucket: calling handler <function _set_extra_headers_for_unsigned_request at 0x7fac3205cca0>
2025-02-07 09:10:31 - DEBUG - Event before-sign.s3.HeadBucket: calling handler <bound method S3ExpressIdentityResolver.resolve_s3express_identity of <botocore.utils.S3ExpressIdentityResolver object at 0x7facb97822e0>>
2025-02-07 09:10:31 - DEBUG - Calculating signature using v4 auth.
2025-02-07 09:10:31 - DEBUG - CanonicalRequest:
HEAD
/data-face-register-employee-images

host:minio:9000
x-amz-content-sha256:e3b0c44298fc1c149afbf4c8996fb92427ae41e4649b934ca495991b7852b855
x-amz-date:20250207T091031Z

host;x-amz-content-sha256;x-amz-date
e3b0c44298fc1c149afbf4c8996fb92427ae41e4649b934ca495991b7852b855
2025-02-07 09:10:31 - DEBUG - StringToSign:
AWS4-HMAC-SHA256
20250207T091031Z
20250207/us-east-1/s3/aws4_request
07c8b3a153a3f860d7f992f527c790cb7bab3b104bd1820c17c19fc659fe3500
2025-02-07 09:10:31 - DEBUG - Signature:
8bd5b15687679dda0769d58b9b4d158d20bd1f7cfbe6033f06c1fd6be3f95440
2025-02-07 09:10:31 - DEBUG - Event request-created.s3.HeadBucket: calling handler <function add_retry_headers at 0x7fac3205c4c0>
2025-02-07 09:10:31 - DEBUG - Sending http request: <AWSPreparedRequest stream_output=False, method=HEAD, url=http://minio:9000/data-face-register-employee-images, headers={'User-Agent': b'Boto3/1.36.15 md/Botocore#1.36.15 ua/2.0 os/linux#5.15.153.1-microsoft-standard-WSL2 md/arch#x86_64 lang/python#3.9.21 md/pyimpl#CPython cfg/retry-mode#legacy Botocore/1.36.15', 'X-Amz-Date': b'20250207T091031Z', 'X-Amz-Content-SHA256': b'e3b0c44298fc1c149afbf4c8996fb92427ae41e4649b934ca495991b7852b855', 'Authorization': b'AWS4-HMAC-SHA256 Credential=minioadmin/20250207/us-east-1/s3/aws4_request, SignedHeaders=host;x-amz-content-sha256;x-amz-date, Signature=8bd5b15687679dda0769d58b9b4d158d20bd1f7cfbe6033f06c1fd6be3f95440', 'amz-sdk-invocation-id': b'983419d0-99d2-41b6-81f4-939c09c5b611', 'amz-sdk-request': b'attempt=1'}>
2025-02-07 09:10:31 - DEBUG - Event before-parse.s3.HeadBucket: calling handler <function _handle_200_error at 0x7fac3205c9d0>
2025-02-07 09:10:31 - DEBUG - Event before-parse.s3.HeadBucket: calling handler <function handle_expires_header at 0x7fac3205c820>
2025-02-07 09:10:31 - DEBUG - Response headers: {'Accept-Ranges': 'bytes', 'Content-Length': '0', 'Content-Type': 'application/xml', 'Server': 'MinIO', 'Strict-Transport-Security': 'max-age=31536000; includeSubDomains', 'Vary': 'Origin, Accept-Encoding', 'X-Amz-Id-2': 'dd9025bab4ad464b049177c95eb6ebf374d3b3fd1af9251148b658df7ac2e3e8', 'X-Amz-Request-Id': '1821E202926FFAB4', 'X-Content-Type-Options': 'nosniff', 'X-Ratelimit-Limit': '1919', 'X-Ratelimit-Remaining': '1919', 'X-Xss-Protection': '1; mode=block', 'Date': 'Fri, 07 Feb 2025 09:10:31 GMT'}
2025-02-07 09:10:31 - DEBUG - Response body:
b''
2025-02-07 09:10:31 - DEBUG - Event needs-retry.s3.HeadBucket: calling handler <function _update_status_code at 0x7fac3205caf0>
2025-02-07 09:10:31 - DEBUG - Event needs-retry.s3.HeadBucket: calling handler <botocore.retryhandler.RetryHandler object at 0x7facb97821f0>
2025-02-07 09:10:31 - DEBUG - No retry needed.
2025-02-07 09:10:31 - DEBUG - Event needs-retry.s3.HeadBucket: calling handler <bound method S3RegionRedirectorv2.redirect_from_error of <botocore.utils.S3RegionRedirectorv2 object at 0x7facb97822b0>>
2025-02-07 09:10:31 - INFO - Bucket data-face-register-employee-images already exists
2025-02-07 09:10:31 - DEBUG - Opting out of CRT Transfer Manager. Preferred client: auto, CRT available: False, Instance Optimized: False.
2025-02-07 09:10:31 - DEBUG - Using default client. pid: 11, thread: 140380046371712
2025-02-07 09:10:31 - DEBUG - Acquiring 0
2025-02-07 09:10:31 - DEBUG - UploadSubmissionTask(transfer_id=0, {'transfer_future': <s3transfer.futures.TransferFuture object at 0x7fab60ffa3a0>}) about to wait for the following futures []
2025-02-07 09:10:31 - DEBUG - UploadSubmissionTask(transfer_id=0, {'transfer_future': <s3transfer.futures.TransferFuture object at 0x7fab60ffa3a0>}) done waiting for dependent futures
2025-02-07 09:10:31 - DEBUG - Executing task UploadSubmissionTask(transfer_id=0, {'transfer_future': <s3transfer.futures.TransferFuture object at 0x7fab60ffa3a0>}) with kwargs {'client': <botocore.client.S3 object at 0x7facb989f370>, 'config': <boto3.s3.transfer.TransferConfig object at 0x7fab60f2e130>, 'osutil': <s3transfer.utils.OSUtils object at 0x7fab60f2e310>, 'request_executor': <s3transfer.futures.BoundedExecutor object at 0x7fab60f2e9d0>, 'transfer_future': <s3transfer.futures.TransferFuture object at 0x7fab60ffa3a0>}
2025-02-07 09:10:31 - DEBUG - Submitting task PutObjectTask(transfer_id=0, {'bucket': 'data-face-register-employee-images', 'key': '1/2025_02_07/test_tam_09_10_31.jpg', 'extra_args': {'ContentType': 'image/jpeg', 'ChecksumAlgorithm': 'CRC32'}}) to executor <s3transfer.futures.BoundedExecutor object at 0x7fab60f2e9d0> for transfer request: 0.
2025-02-07 09:10:31 - DEBUG - Acquiring 0
2025-02-07 09:10:31 - DEBUG - PutObjectTask(transfer_id=0, {'bucket': 'data-face-register-employee-images', 'key': '1/2025_02_07/test_tam_09_10_31.jpg', 'extra_args': {'ContentType': 'image/jpeg', 'ChecksumAlgorithm': 'CRC32'}}) about to wait for the following futures []
2025-02-07 09:10:31 - DEBUG - Releasing acquire 0/None
2025-02-07 09:10:31 - DEBUG - PutObjectTask(transfer_id=0, {'bucket': 'data-face-register-employee-images', 'key': '1/2025_02_07/test_tam_09_10_31.jpg', 'extra_args': {'ContentType': 'image/jpeg', 'ChecksumAlgorithm': 'CRC32'}}) done waiting for dependent futures
2025-02-07 09:10:31 - DEBUG - Executing task PutObjectTask(transfer_id=0, {'bucket': 'data-face-register-employee-images', 'key': '1/2025_02_07/test_tam_09_10_31.jpg', 'extra_args': {'ContentType': 'image/jpeg', 'ChecksumAlgorithm': 'CRC32'}}) with kwargs {'client': <botocore.client.S3 object at 0x7facb989f370>, 'fileobj': <s3transfer.utils.ReadFileChunk object at 0x7fab6101b610>, 'bucket': 'data-face-register-employee-images', 'key': '1/2025_02_07/test_tam_09_10_31.jpg', 'extra_args': {'ContentType': 'image/jpeg', 'ChecksumAlgorithm': 'CRC32'}}
2025-02-07 09:10:31 - DEBUG - Event before-parameter-build.s3.PutObject: calling handler <function validate_ascii_metadata at 0x7fac32058310>
2025-02-07 09:10:31 - DEBUG - Event before-parameter-build.s3.PutObject: calling handler <function sse_md5 at 0x7fac32056700>
2025-02-07 09:10:31 - DEBUG - Event before-parameter-build.s3.PutObject: calling handler <function convert_body_to_file_like_object at 0x7fac32058c10>
2025-02-07 09:10:31 - DEBUG - Event before-parameter-build.s3.PutObject: calling handler <function validate_bucket_name at 0x7fac32056670>
2025-02-07 09:10:31 - DEBUG - Event before-parameter-build.s3.PutObject: calling handler <function remove_bucket_from_url_paths_from_model at 0x7fac3205c550>
2025-02-07 09:10:31 - DEBUG - Event before-parameter-build.s3.PutObject: calling handler <bound method S3RegionRedirectorv2.annotate_request_context of <botocore.utils.S3RegionRedirectorv2 object at 0x7facb97822b0>>
2025-02-07 09:10:31 - DEBUG - Event before-parameter-build.s3.PutObject: calling handler <bound method ClientCreator._inject_s3_input_parameters of <botocore.client.ClientCreator object at 0x7facba9bec40>>
2025-02-07 09:10:31 - DEBUG - Event before-parameter-build.s3.PutObject: calling handler <function generate_idempotent_uuid at 0x7fac320564c0>
2025-02-07 09:10:31 - DEBUG - Event before-parameter-build.s3.PutObject: calling handler <function _handle_request_validation_mode_member at 0x7fac3205cc10>
2025-02-07 09:10:31 - DEBUG - Event before-endpoint-resolution.s3: calling handler <function customize_endpoint_resolver_builtins at 0x7fac3205c700>
2025-02-07 09:10:31 - DEBUG - Event before-endpoint-resolution.s3: calling handler <bound method S3RegionRedirectorv2.redirect_from_cache of <botocore.utils.S3RegionRedirectorv2 object at 0x7facb97822b0>>
2025-02-07 09:10:31 - DEBUG - Calling endpoint provider with parameters: {'Bucket': 'data-face-register-employee-images', 'Region': 'us-east-1', 'UseFIPS': False, 'UseDualStack': False, 'Endpoint': 'http://minio:9000', 'ForcePathStyle': True, 'Accelerate': False, 'UseGlobalEndpoint': True, 'Key': '1/2025_02_07/test_tam_09_10_31.jpg', 'DisableMultiRegionAccessPoints': False, 'UseArnRegion': True}
2025-02-07 09:10:31 - DEBUG - Endpoint provider result: http://minio:9000/data-face-register-employee-images
2025-02-07 09:10:31 - DEBUG - Selecting from endpoint provider's list of auth schemes: "sigv4". User selected auth scheme is: "None"
2025-02-07 09:10:31 - DEBUG - Selected auth type "v4" as "v4" with signing context params: {'region': 'us-east-1', 'signing_name': 's3', 'disableDoubleEncoding': True}
2025-02-07 09:10:31 - DEBUG - Event before-call.s3.PutObject: calling handler <function add_expect_header at 0x7fac320569d0>
2025-02-07 09:10:31 - DEBUG - Adding expect 100 continue header to request.
2025-02-07 09:10:31 - DEBUG - Event before-call.s3.PutObject: calling handler <bound method S3ExpressIdentityResolver.apply_signing_cache_key of <botocore.utils.S3ExpressIdentityResolver object at 0x7facb97822e0>>
2025-02-07 09:10:31 - DEBUG - Event before-call.s3.PutObject: calling handler <function add_recursion_detection_header at 0x7fac320560d0>
2025-02-07 09:10:31 - DEBUG - Event before-call.s3.PutObject: calling handler <function add_query_compatibility_header at 0x7fac3205cb80>
2025-02-07 09:10:31 - DEBUG - Event before-call.s3.PutObject: calling handler <function inject_api_version_header_if_needed at 0x7fac32058d30>
2025-02-07 09:10:31 - DEBUG - Making request for OperationModel(name=PutObject) with params: {'url_path': '/1/2025_02_07/test_tam_09_10_31.jpg', 'query_string': {}, 'method': 'PUT', 'headers': {'Content-Type': 'image/jpeg', 'x-amz-sdk-checksum-algorithm': 'CRC32', 'User-Agent': 'Boto3/1.36.15 md/Botocore#1.36.15 ua/2.0 os/linux#5.15.153.1-microsoft-standard-WSL2 md/arch#x86_64 lang/python#3.9.21 md/pyimpl#CPython cfg/retry-mode#legacy Botocore/1.36.15', 'Expect': '100-continue', 'x-amz-checksum-crc32': 'c8Efkg=='}, 'body': <s3transfer.utils.ReadFileChunk object at 0x7fab6101b610>, 'auth_path': '/data-face-register-employee-images/1/2025_02_07/test_tam_09_10_31.jpg', 'url': 'http://minio:9000/data-face-register-employee-images/1/2025_02_07/test_tam_09_10_31.jpg', 'context': {'client_region': 'us-east-1', 'client_config': <botocore.config.Config object at 0x7facb989f3d0>, 'has_streaming_input': True, 'auth_type': 'v4', 'unsigned_payload': None, 's3_redirect': {'redirected': False, 'bucket': 'data-face-register-employee-images', 'params': {'Bucket': 'data-face-register-employee-images', 'Key': '1/2025_02_07/test_tam_09_10_31.jpg', 'Body': <s3transfer.utils.ReadFileChunk object at 0x7fab6101b610>, 'ContentType': 'image/jpeg', 'ChecksumAlgorithm': 'CRC32'}}, 'input_params': {'Bucket': 'data-face-register-employee-images', 'Key': '1/2025_02_07/test_tam_09_10_31.jpg'}, 'signing': {'region': 'us-east-1', 'signing_name': 's3', 'disableDoubleEncoding': True}, 'endpoint_properties': {'authSchemes': [{'disableDoubleEncoding': True, 'name': 'sigv4', 'signingName': 's3', 'signingRegion': 'us-east-1'}]}, 'checksum': {'request_algorithm': {'algorithm': 'crc32', 'in': 'header', 'name': 'x-amz-checksum-crc32'}}}}
2025-02-07 09:10:31 - DEBUG - Event request-created.s3.PutObject: calling handler <function signal_not_transferring at 0x7facb9868dc0>
2025-02-07 09:10:31 - DEBUG - Event request-created.s3.PutObject: calling handler <bound method RequestSigner.handler of <botocore.signers.RequestSigner object at 0x7facb989f1f0>>
2025-02-07 09:10:31 - DEBUG - Event choose-signer.s3.PutObject: calling handler <bound method ClientCreator._default_s3_presign_to_sigv2 of <botocore.client.ClientCreator object at 0x7facba9bec40>>
2025-02-07 09:10:31 - DEBUG - Event choose-signer.s3.PutObject: calling handler <function set_operation_specific_signer at 0x7fac32056310>
2025-02-07 09:10:31 - DEBUG - Event before-sign.s3.PutObject: calling handler <function remove_arn_from_signing_path at 0x7fac3205c670>
2025-02-07 09:10:31 - DEBUG - Event before-sign.s3.PutObject: calling handler <function _set_extra_headers_for_unsigned_request at 0x7fac3205cca0>
2025-02-07 09:10:31 - DEBUG - Event before-sign.s3.PutObject: calling handler <bound method S3ExpressIdentityResolver.resolve_s3express_identity of <botocore.utils.S3ExpressIdentityResolver object at 0x7facb97822e0>>
2025-02-07 09:10:31 - DEBUG - Calculating signature using v4 auth.
2025-02-07 09:10:31 - DEBUG - CanonicalRequest:
PUT
/data-face-register-employee-images/1/2025_02_07/test_tam_09_10_31.jpg

content-type:image/jpeg
host:minio:9000
x-amz-checksum-crc32:c8Efkg==
x-amz-content-sha256:59fa7656957e5b391e74bf0fcda457a96650c1b73828501e28fa867c119d91b3
x-amz-date:20250207T091031Z
x-amz-sdk-checksum-algorithm:CRC32

content-type;host;x-amz-checksum-crc32;x-amz-content-sha256;x-amz-date;x-amz-sdk-checksum-algorithm
59fa7656957e5b391e74bf0fcda457a96650c1b73828501e28fa867c119d91b3
2025-02-07 09:10:31 - DEBUG - StringToSign:
AWS4-HMAC-SHA256
20250207T091031Z
20250207/us-east-1/s3/aws4_request
5fca0be721b788afe3e1b87e4ba9730293a1f789d42057bb642bfb783ecf0f37
2025-02-07 09:10:31 - DEBUG - Signature:
7d3c6e81328a7f4b311d87701d24a4818f4281ee4011c987787e3894e4c35898
2025-02-07 09:10:31 - DEBUG - Event request-created.s3.PutObject: calling handler <function signal_transferring at 0x7facb9868e50>
2025-02-07 09:10:31 - DEBUG - Event request-created.s3.PutObject: calling handler <function add_retry_headers at 0x7fac3205c4c0>
2025-02-07 09:10:31 - DEBUG - Sending http request: <AWSPreparedRequest stream_output=False, method=PUT, url=http://minio:9000/data-face-register-employee-images/1/2025_02_07/test_tam_09_10_31.jpg, headers={'Content-Type': b'image/jpeg', 'x-amz-sdk-checksum-algorithm': b'CRC32', 'User-Agent': b'Boto3/1.36.15 md/Botocore#1.36.15 ua/2.0 os/linux#5.15.153.1-microsoft-standard-WSL2 md/arch#x86_64 lang/python#3.9.21 md/pyimpl#CPython cfg/retry-mode#legacy Botocore/1.36.15', 'Expect': b'100-continue', 'x-amz-checksum-crc32': b'c8Efkg==', 'X-Amz-Date': b'20250207T091031Z', 'X-Amz-Content-SHA256': b'59fa7656957e5b391e74bf0fcda457a96650c1b73828501e28fa867c119d91b3', 'Authorization': b'AWS4-HMAC-SHA256 Credential=minioadmin/20250207/us-east-1/s3/aws4_request, SignedHeaders=content-type;host;x-amz-checksum-crc32;x-amz-content-sha256;x-amz-date;x-amz-sdk-checksum-algorithm, Signature=7d3c6e81328a7f4b311d87701d24a4818f4281ee4011c987787e3894e4c35898', 'amz-sdk-invocation-id': b'2229e0e1-3730-4e16-8d9c-990476280847', 'amz-sdk-request': b'attempt=1', 'Content-Length': '107879'}>
2025-02-07 09:10:31 - DEBUG - Waiting for 100 Continue response.
2025-02-07 09:10:31 - DEBUG - 100 Continue response seen, now sending request body.
2025-02-07 09:10:31 - DEBUG - Event before-parse.s3.PutObject: calling handler <function _handle_200_error at 0x7fac3205c9d0>
2025-02-07 09:10:31 - DEBUG - Event before-parse.s3.PutObject: calling handler <function handle_expires_header at 0x7fac3205c820>
2025-02-07 09:10:31 - DEBUG - Response headers: {'Accept-Ranges': 'bytes', 'Content-Length': '0', 'ETag': '"45c885b4c29b6b38f8026ebfccb97646"', 'Server': 'MinIO', 'Strict-Transport-Security': 'max-age=31536000; includeSubDomains', 'Vary': 'Origin, Accept-Encoding', 'X-Amz-Checksum-Crc32': 'c8Efkg==', 'X-Amz-Id-2': 'dd9025bab4ad464b049177c95eb6ebf374d3b3fd1af9251148b658df7ac2e3e8', 'X-Amz-Request-Id': '1821E2029567155A', 'X-Content-Type-Options': 'nosniff', 'X-Ratelimit-Limit': '1919', 'X-Ratelimit-Remaining': '1919', 'X-Xss-Protection': '1; mode=block', 'Date': 'Fri, 07 Feb 2025 09:10:31 GMT'}
2025-02-07 09:10:31 - DEBUG - Response body:
b''
2025-02-07 09:10:31 - DEBUG - Event needs-retry.s3.PutObject: calling handler <function _update_status_code at 0x7fac3205caf0>
2025-02-07 09:10:31 - DEBUG - Event needs-retry.s3.PutObject: calling handler <botocore.retryhandler.RetryHandler object at 0x7facb97821f0>
2025-02-07 09:10:31 - DEBUG - No retry needed.
2025-02-07 09:10:31 - DEBUG - Event needs-retry.s3.PutObject: calling handler <bound method S3RegionRedirectorv2.redirect_from_error of <botocore.utils.S3RegionRedirectorv2 object at 0x7facb97822b0>>
2025-02-07 09:10:31 - DEBUG - Releasing acquire 0/None
2025-02-07 09:10:31 - INFO - Uploaded image to MinIO: data-face-register-employee-images - 1/2025_02_07/test_tam_09_10_31.jpg
2025-02-07 09:10:31 - INFO - create_face_img_base64 - 1 - Create face tam with id test successfully without embedding
2025-02-07 09:12:01 - INFO - Image decoded successfully from store 1
2025-02-07 09:12:01 - INFO - 1 - Check face left right: True
2025-02-07 09:12:02 - INFO - 1 - Check eyes open: True
2025-02-07 09:12:02 - WARNING - 1 - Error when detecting face! Please try again
2025-02-07 09:12:02 - WARNING - face_recog_img_base64 - 1 - <starlette.responses.JSONResponse object at 0x7fe6254bad90>
2025-02-07 09:14:54 - INFO - Image decoded successfully from store 1
2025-02-07 09:14:54 - INFO - 1 - Check face left right: False
2025-02-07 09:14:54 - WARNING - 1 - Face is not aligned properly: Face not detected! Please try again
2025-02-07 09:14:54 - WARNING - face_recog_img_base64 - 1 - <starlette.responses.JSONResponse object at 0x7f40d8599c40>
2025-02-07 09:14:57 - INFO - Image decoded successfully from store 1
2025-02-07 09:14:57 - INFO - 1 - Check face left right: False
2025-02-07 09:14:57 - WARNING - 1 - Face is not aligned properly: Face not detected! Please try again
2025-02-07 09:14:57 - WARNING - face_recog_img_base64 - 1 - <starlette.responses.JSONResponse object at 0x7f40d85993a0>
2025-02-07 09:14:58 - INFO - Image decoded successfully from store 1
2025-02-07 09:14:58 - INFO - 1 - Check face left right: False
2025-02-07 09:14:58 - WARNING - 1 - Face is not aligned properly: Face not detected! Please try again
2025-02-07 09:14:58 - WARNING - face_recog_img_base64 - 1 - <starlette.responses.JSONResponse object at 0x7f40d85a1fa0>
2025-02-07 09:15:52 - INFO - Image decoded successfully from store 1
2025-02-07 09:15:52 - INFO - 1 - Check face left right: True
2025-02-07 09:15:52 - INFO - 1 - Check eyes open: True
2025-02-07 09:15:52 - WARNING - 1 - Error when detecting face! Please try again
2025-02-07 09:15:52 - WARNING - face_recog_img_base64 - 1 - <starlette.responses.JSONResponse object at 0x7fe6252c7760>
2025-02-07 09:21:20 - INFO - Image decoded successfully from store 1
2025-02-07 09:21:20 - INFO - 1 - Check face left right: True
2025-02-07 09:21:20 - INFO - 1 - Check eyes open: True
2025-02-07 09:21:20 - WARNING - 1 - Error when detecting face! Please try again
2025-02-07 09:21:20 - WARNING - face_recog_img_base64 - 1 - <starlette.responses.JSONResponse object at 0x7fdfaadc2d30>
2025-02-07 09:29:10 - DEBUG - Changing event name from creating-client-class.iot-data to creating-client-class.iot-data-plane
2025-02-07 09:29:10 - DEBUG - Changing event name from creating-client-class.iot-data to creating-client-class.iot-data-plane
2025-02-07 09:29:10 - DEBUG - Changing event name from creating-client-class.iot-data to creating-client-class.iot-data-plane
2025-02-07 09:29:10 - DEBUG - Changing event name from creating-client-class.iot-data to creating-client-class.iot-data-plane
2025-02-07 09:29:10 - DEBUG - Changing event name from creating-client-class.iot-data to creating-client-class.iot-data-plane
2025-02-07 09:29:10 - DEBUG - Changing event name from creating-client-class.iot-data to creating-client-class.iot-data-plane
2025-02-07 09:29:10 - DEBUG - Changing event name from creating-client-class.iot-data to creating-client-class.iot-data-plane
2025-02-07 09:29:10 - DEBUG - Changing event name from creating-client-class.iot-data to creating-client-class.iot-data-plane
2025-02-07 09:29:10 - DEBUG - Changing event name from before-call.apigateway to before-call.api-gateway
2025-02-07 09:29:10 - DEBUG - Changing event name from before-call.apigateway to before-call.api-gateway
2025-02-07 09:29:10 - DEBUG - Changing event name from request-created.machinelearning.Predict to request-created.machine-learning.Predict
2025-02-07 09:29:10 - DEBUG - Changing event name from before-call.apigateway to before-call.api-gateway
2025-02-07 09:29:10 - DEBUG - Changing event name from request-created.machinelearning.Predict to request-created.machine-learning.Predict
2025-02-07 09:29:10 - DEBUG - Changing event name from before-call.apigateway to before-call.api-gateway
2025-02-07 09:29:10 - DEBUG - Changing event name from before-call.apigateway to before-call.api-gateway
2025-02-07 09:29:10 - DEBUG - Changing event name from request-created.machinelearning.Predict to request-created.machine-learning.Predict
2025-02-07 09:29:10 - DEBUG - Changing event name from before-call.apigateway to before-call.api-gateway
2025-02-07 09:29:10 - DEBUG - Changing event name from before-call.apigateway to before-call.api-gateway
2025-02-07 09:29:10 - DEBUG - Changing event name from request-created.machinelearning.Predict to request-created.machine-learning.Predict
2025-02-07 09:29:10 - DEBUG - Changing event name from before-call.apigateway to before-call.api-gateway
2025-02-07 09:29:10 - DEBUG - Changing event name from request-created.machinelearning.Predict to request-created.machine-learning.Predict
2025-02-07 09:29:10 - DEBUG - Changing event name from before-parameter-build.autoscaling.CreateLaunchConfiguration to before-parameter-build.auto-scaling.CreateLaunchConfiguration
2025-02-07 09:29:10 - DEBUG - Changing event name from request-created.machinelearning.Predict to request-created.machine-learning.Predict
2025-02-07 09:29:10 - DEBUG - Changing event name from before-parameter-build.route53 to before-parameter-build.route-53
2025-02-07 09:29:10 - DEBUG - Changing event name from request-created.machinelearning.Predict to request-created.machine-learning.Predict
2025-02-07 09:29:10 - DEBUG - Changing event name from before-parameter-build.autoscaling.CreateLaunchConfiguration to before-parameter-build.auto-scaling.CreateLaunchConfiguration
2025-02-07 09:29:10 - DEBUG - Changing event name from before-parameter-build.route53 to before-parameter-build.route-53
2025-02-07 09:29:10 - DEBUG - Changing event name from request-created.machinelearning.Predict to request-created.machine-learning.Predict
2025-02-07 09:29:10 - DEBUG - Changing event name from before-parameter-build.autoscaling.CreateLaunchConfiguration to before-parameter-build.auto-scaling.CreateLaunchConfiguration
2025-02-07 09:29:10 - DEBUG - Changing event name from before-parameter-build.autoscaling.CreateLaunchConfiguration to before-parameter-build.auto-scaling.CreateLaunchConfiguration
2025-02-07 09:29:10 - DEBUG - Changing event name from before-parameter-build.route53 to before-parameter-build.route-53
2025-02-07 09:29:10 - DEBUG - Changing event name from before-parameter-build.route53 to before-parameter-build.route-53
2025-02-07 09:29:10 - DEBUG - Changing event name from before-parameter-build.autoscaling.CreateLaunchConfiguration to before-parameter-build.auto-scaling.CreateLaunchConfiguration
2025-02-07 09:29:10 - DEBUG - Changing event name from before-parameter-build.autoscaling.CreateLaunchConfiguration to before-parameter-build.auto-scaling.CreateLaunchConfiguration
2025-02-07 09:29:10 - DEBUG - Changing event name from before-parameter-build.route53 to before-parameter-build.route-53
2025-02-07 09:29:10 - DEBUG - Changing event name from before-parameter-build.autoscaling.CreateLaunchConfiguration to before-parameter-build.auto-scaling.CreateLaunchConfiguration
2025-02-07 09:29:10 - DEBUG - Changing event name from request-created.cloudsearchdomain.Search to request-created.cloudsearch-domain.Search
2025-02-07 09:29:10 - DEBUG - Changing event name from before-parameter-build.route53 to before-parameter-build.route-53
2025-02-07 09:29:10 - DEBUG - Changing event name from request-created.cloudsearchdomain.Search to request-created.cloudsearch-domain.Search
2025-02-07 09:29:10 - DEBUG - Changing event name from before-parameter-build.route53 to before-parameter-build.route-53
2025-02-07 09:29:10 - DEBUG - Changing event name from request-created.cloudsearchdomain.Search to request-created.cloudsearch-domain.Search
2025-02-07 09:29:10 - DEBUG - Changing event name from request-created.cloudsearchdomain.Search to request-created.cloudsearch-domain.Search
2025-02-07 09:29:10 - DEBUG - Changing event name from request-created.cloudsearchdomain.Search to request-created.cloudsearch-domain.Search
2025-02-07 09:29:10 - DEBUG - Changing event name from before-parameter-build.autoscaling.CreateLaunchConfiguration to before-parameter-build.auto-scaling.CreateLaunchConfiguration
2025-02-07 09:29:10 - DEBUG - Changing event name from before-parameter-build.route53 to before-parameter-build.route-53
2025-02-07 09:29:10 - DEBUG - Changing event name from docs.*.autoscaling.CreateLaunchConfiguration.complete-section to docs.*.auto-scaling.CreateLaunchConfiguration.complete-section
2025-02-07 09:29:10 - DEBUG - Changing event name from request-created.cloudsearchdomain.Search to request-created.cloudsearch-domain.Search
2025-02-07 09:29:10 - DEBUG - Changing event name from request-created.cloudsearchdomain.Search to request-created.cloudsearch-domain.Search
2025-02-07 09:29:10 - DEBUG - Changing event name from docs.*.autoscaling.CreateLaunchConfiguration.complete-section to docs.*.auto-scaling.CreateLaunchConfiguration.complete-section
2025-02-07 09:29:10 - DEBUG - Changing event name from docs.*.autoscaling.CreateLaunchConfiguration.complete-section to docs.*.auto-scaling.CreateLaunchConfiguration.complete-section
2025-02-07 09:29:10 - DEBUG - Changing event name from docs.*.autoscaling.CreateLaunchConfiguration.complete-section to docs.*.auto-scaling.CreateLaunchConfiguration.complete-section
2025-02-07 09:29:10 - DEBUG - Changing event name from docs.*.autoscaling.CreateLaunchConfiguration.complete-section to docs.*.auto-scaling.CreateLaunchConfiguration.complete-section
2025-02-07 09:29:10 - DEBUG - Changing event name from request-created.cloudsearchdomain.Search to request-created.cloudsearch-domain.Search
2025-02-07 09:29:10 - DEBUG - Changing event name from docs.*.autoscaling.CreateLaunchConfiguration.complete-section to docs.*.auto-scaling.CreateLaunchConfiguration.complete-section
2025-02-07 09:29:10 - DEBUG - Changing event name from docs.*.autoscaling.CreateLaunchConfiguration.complete-section to docs.*.auto-scaling.CreateLaunchConfiguration.complete-section
2025-02-07 09:29:10 - DEBUG - Changing event name from docs.*.autoscaling.CreateLaunchConfiguration.complete-section to docs.*.auto-scaling.CreateLaunchConfiguration.complete-section
2025-02-07 09:29:10 - DEBUG - Changing event name from before-parameter-build.logs.CreateExportTask to before-parameter-build.cloudwatch-logs.CreateExportTask
2025-02-07 09:29:10 - DEBUG - Changing event name from docs.*.logs.CreateExportTask.complete-section to docs.*.cloudwatch-logs.CreateExportTask.complete-section
2025-02-07 09:29:10 - DEBUG - Changing event name from before-parameter-build.logs.CreateExportTask to before-parameter-build.cloudwatch-logs.CreateExportTask
2025-02-07 09:29:10 - DEBUG - Changing event name from before-parameter-build.cloudsearchdomain.Search to before-parameter-build.cloudsearch-domain.Search
2025-02-07 09:29:10 - DEBUG - Changing event name from docs.*.logs.CreateExportTask.complete-section to docs.*.cloudwatch-logs.CreateExportTask.complete-section
2025-02-07 09:29:10 - DEBUG - Changing event name from before-parameter-build.logs.CreateExportTask to before-parameter-build.cloudwatch-logs.CreateExportTask
2025-02-07 09:29:10 - DEBUG - Changing event name from before-parameter-build.logs.CreateExportTask to before-parameter-build.cloudwatch-logs.CreateExportTask
2025-02-07 09:29:10 - DEBUG - Changing event name from docs.*.cloudsearchdomain.Search.complete-section to docs.*.cloudsearch-domain.Search.complete-section
2025-02-07 09:29:10 - DEBUG - Changing event name from before-parameter-build.logs.CreateExportTask to before-parameter-build.cloudwatch-logs.CreateExportTask
2025-02-07 09:29:10 - DEBUG - Changing event name from docs.*.logs.CreateExportTask.complete-section to docs.*.cloudwatch-logs.CreateExportTask.complete-section
2025-02-07 09:29:10 - DEBUG - Changing event name from before-parameter-build.logs.CreateExportTask to before-parameter-build.cloudwatch-logs.CreateExportTask
2025-02-07 09:29:10 - DEBUG - Changing event name from docs.*.logs.CreateExportTask.complete-section to docs.*.cloudwatch-logs.CreateExportTask.complete-section
2025-02-07 09:29:10 - DEBUG - Changing event name from before-parameter-build.cloudsearchdomain.Search to before-parameter-build.cloudsearch-domain.Search
2025-02-07 09:29:10 - DEBUG - Changing event name from docs.*.cloudsearchdomain.Search.complete-section to docs.*.cloudsearch-domain.Search.complete-section
2025-02-07 09:29:10 - DEBUG - Changing event name from before-parameter-build.cloudsearchdomain.Search to before-parameter-build.cloudsearch-domain.Search
2025-02-07 09:29:10 - DEBUG - Changing event name from before-parameter-build.cloudsearchdomain.Search to before-parameter-build.cloudsearch-domain.Search
2025-02-07 09:29:10 - DEBUG - Changing event name from docs.*.logs.CreateExportTask.complete-section to docs.*.cloudwatch-logs.CreateExportTask.complete-section
2025-02-07 09:29:10 - DEBUG - Changing event name from docs.*.logs.CreateExportTask.complete-section to docs.*.cloudwatch-logs.CreateExportTask.complete-section
2025-02-07 09:29:10 - DEBUG - Changing event name from docs.*.cloudsearchdomain.Search.complete-section to docs.*.cloudsearch-domain.Search.complete-section
2025-02-07 09:29:10 - DEBUG - Changing event name from docs.*.cloudsearchdomain.Search.complete-section to docs.*.cloudsearch-domain.Search.complete-section
2025-02-07 09:29:10 - DEBUG - Changing event name from before-parameter-build.cloudsearchdomain.Search to before-parameter-build.cloudsearch-domain.Search
2025-02-07 09:29:10 - DEBUG - Changing event name from before-parameter-build.logs.CreateExportTask to before-parameter-build.cloudwatch-logs.CreateExportTask
2025-02-07 09:29:10 - DEBUG - Changing event name from before-parameter-build.logs.CreateExportTask to before-parameter-build.cloudwatch-logs.CreateExportTask
2025-02-07 09:29:10 - DEBUG - Changing event name from docs.*.cloudsearchdomain.Search.complete-section to docs.*.cloudsearch-domain.Search.complete-section
2025-02-07 09:29:10 - DEBUG - Changing event name from docs.*.logs.CreateExportTask.complete-section to docs.*.cloudwatch-logs.CreateExportTask.complete-section
2025-02-07 09:29:10 - DEBUG - Changing event name from docs.*.logs.CreateExportTask.complete-section to docs.*.cloudwatch-logs.CreateExportTask.complete-section
2025-02-07 09:29:10 - DEBUG - Changing event name from before-parameter-build.cloudsearchdomain.Search to before-parameter-build.cloudsearch-domain.Search
2025-02-07 09:29:10 - DEBUG - Changing event name from before-parameter-build.cloudsearchdomain.Search to before-parameter-build.cloudsearch-domain.Search
2025-02-07 09:29:10 - DEBUG - Changing event name from before-parameter-build.cloudsearchdomain.Search to before-parameter-build.cloudsearch-domain.Search
2025-02-07 09:29:10 - DEBUG - Changing event name from docs.*.cloudsearchdomain.Search.complete-section to docs.*.cloudsearch-domain.Search.complete-section
2025-02-07 09:29:10 - DEBUG - Changing event name from docs.*.cloudsearchdomain.Search.complete-section to docs.*.cloudsearch-domain.Search.complete-section
2025-02-07 09:29:10 - DEBUG - Changing event name from docs.*.cloudsearchdomain.Search.complete-section to docs.*.cloudsearch-domain.Search.complete-section
2025-02-07 09:29:10 - DEBUG - Loading JSON file: /usr/local/lib/python3.9/site-packages/botocore/data/endpoints.json
2025-02-07 09:29:10 - DEBUG - Loading JSON file: /usr/local/lib/python3.9/site-packages/botocore/data/endpoints.json
2025-02-07 09:29:10 - DEBUG - Loading JSON file: /usr/local/lib/python3.9/site-packages/botocore/data/endpoints.json
2025-02-07 09:29:10 - DEBUG - Loading JSON file: /usr/local/lib/python3.9/site-packages/botocore/data/endpoints.json
2025-02-07 09:29:10 - DEBUG - Loading JSON file: /usr/local/lib/python3.9/site-packages/botocore/data/endpoints.json
2025-02-07 09:29:10 - DEBUG - Loading JSON file: /usr/local/lib/python3.9/site-packages/botocore/data/endpoints.json
2025-02-07 09:29:10 - DEBUG - Loading JSON file: /usr/local/lib/python3.9/site-packages/botocore/data/endpoints.json
2025-02-07 09:29:10 - DEBUG - Loading JSON file: /usr/local/lib/python3.9/site-packages/botocore/data/endpoints.json
2025-02-07 09:29:10 - DEBUG - Loading JSON file: /usr/local/lib/python3.9/site-packages/botocore/data/sdk-default-configuration.json
2025-02-07 09:29:10 - DEBUG - Loading JSON file: /usr/local/lib/python3.9/site-packages/botocore/data/sdk-default-configuration.json
2025-02-07 09:29:10 - DEBUG - Event choose-service-name: calling handler <function handle_service_name_alias at 0x7f5fec3a8160>
2025-02-07 09:29:10 - DEBUG - Loading JSON file: /usr/local/lib/python3.9/site-packages/botocore/data/sdk-default-configuration.json
2025-02-07 09:29:10 - DEBUG - Loading JSON file: /usr/local/lib/python3.9/site-packages/botocore/data/sdk-default-configuration.json
2025-02-07 09:29:10 - DEBUG - Loading JSON file: /usr/local/lib/python3.9/site-packages/botocore/data/sdk-default-configuration.json
2025-02-07 09:29:10 - DEBUG - Loading JSON file: /usr/local/lib/python3.9/site-packages/botocore/data/sdk-default-configuration.json
2025-02-07 09:29:10 - DEBUG - Event choose-service-name: calling handler <function handle_service_name_alias at 0x7f912653b160>
2025-02-07 09:29:10 - DEBUG - Event choose-service-name: calling handler <function handle_service_name_alias at 0x7fc0558bf160>
2025-02-07 09:29:10 - DEBUG - Event choose-service-name: calling handler <function handle_service_name_alias at 0x7f07a30a9160>
2025-02-07 09:29:10 - DEBUG - Event choose-service-name: calling handler <function handle_service_name_alias at 0x7f1e20704160>
2025-02-07 09:29:10 - DEBUG - Event choose-service-name: calling handler <function handle_service_name_alias at 0x7f4dda373160>
2025-02-07 09:29:10 - DEBUG - Loading JSON file: /usr/local/lib/python3.9/site-packages/botocore/data/sdk-default-configuration.json
2025-02-07 09:29:10 - DEBUG - Event choose-service-name: calling handler <function handle_service_name_alias at 0x7ff023172160>
2025-02-07 09:29:10 - DEBUG - Loading JSON file: /usr/local/lib/python3.9/site-packages/botocore/data/sdk-default-configuration.json
2025-02-07 09:29:10 - DEBUG - Event choose-service-name: calling handler <function handle_service_name_alias at 0x7f9c7d5bb160>
2025-02-07 09:29:10 - DEBUG - Loading JSON file: /usr/local/lib/python3.9/site-packages/botocore/data/s3/2006-03-01/service-2.json.gz
2025-02-07 09:29:10 - DEBUG - Loading JSON file: /usr/local/lib/python3.9/site-packages/botocore/data/s3/2006-03-01/service-2.json.gz
2025-02-07 09:29:10 - DEBUG - Loading JSON file: /usr/local/lib/python3.9/site-packages/botocore/data/s3/2006-03-01/service-2.json.gz
2025-02-07 09:29:10 - DEBUG - Loading JSON file: /usr/local/lib/python3.9/site-packages/botocore/data/s3/2006-03-01/service-2.json.gz
2025-02-07 09:29:10 - DEBUG - Loading JSON file: /usr/local/lib/python3.9/site-packages/botocore/data/s3/2006-03-01/service-2.json.gz
2025-02-07 09:29:10 - DEBUG - Loading JSON file: /usr/local/lib/python3.9/site-packages/botocore/data/s3/2006-03-01/service-2.json.gz
2025-02-07 09:29:10 - DEBUG - Loading JSON file: /usr/local/lib/python3.9/site-packages/botocore/data/s3/2006-03-01/service-2.json.gz
2025-02-07 09:29:10 - DEBUG - Loading JSON file: /usr/local/lib/python3.9/site-packages/botocore/data/s3/2006-03-01/service-2.json.gz
2025-02-07 09:29:10 - DEBUG - Loading JSON file: /usr/local/lib/python3.9/site-packages/botocore/data/s3/2006-03-01/service-2.sdk-extras.json
2025-02-07 09:29:10 - DEBUG - Loading JSON file: /usr/local/lib/python3.9/site-packages/botocore/data/s3/2006-03-01/service-2.sdk-extras.json
2025-02-07 09:29:10 - DEBUG - Loading JSON file: /usr/local/lib/python3.9/site-packages/botocore/data/s3/2006-03-01/service-2.sdk-extras.json
2025-02-07 09:29:10 - DEBUG - Loading JSON file: /usr/local/lib/python3.9/site-packages/botocore/data/s3/2006-03-01/service-2.sdk-extras.json
2025-02-07 09:29:10 - DEBUG - Loading JSON file: /usr/local/lib/python3.9/site-packages/botocore/data/s3/2006-03-01/service-2.sdk-extras.json
2025-02-07 09:29:10 - DEBUG - Loading JSON file: /usr/local/lib/python3.9/site-packages/botocore/data/s3/2006-03-01/service-2.sdk-extras.json
2025-02-07 09:29:10 - DEBUG - Loading JSON file: /usr/local/lib/python3.9/site-packages/botocore/data/s3/2006-03-01/service-2.sdk-extras.json
2025-02-07 09:29:10 - DEBUG - Loading JSON file: /usr/local/lib/python3.9/site-packages/botocore/data/s3/2006-03-01/service-2.sdk-extras.json
2025-02-07 09:29:10 - DEBUG - Loading JSON file: /usr/local/lib/python3.9/site-packages/botocore/data/s3/2006-03-01/endpoint-rule-set-1.json.gz
2025-02-07 09:29:10 - DEBUG - Loading JSON file: /usr/local/lib/python3.9/site-packages/botocore/data/s3/2006-03-01/endpoint-rule-set-1.json.gz
2025-02-07 09:29:10 - DEBUG - Loading JSON file: /usr/local/lib/python3.9/site-packages/botocore/data/s3/2006-03-01/endpoint-rule-set-1.json.gz
2025-02-07 09:29:10 - DEBUG - Loading JSON file: /usr/local/lib/python3.9/site-packages/botocore/data/s3/2006-03-01/endpoint-rule-set-1.json.gz
2025-02-07 09:29:10 - DEBUG - Loading JSON file: /usr/local/lib/python3.9/site-packages/botocore/data/s3/2006-03-01/endpoint-rule-set-1.json.gz
2025-02-07 09:29:10 - DEBUG - Loading JSON file: /usr/local/lib/python3.9/site-packages/botocore/data/s3/2006-03-01/endpoint-rule-set-1.json.gz
2025-02-07 09:29:10 - DEBUG - Loading JSON file: /usr/local/lib/python3.9/site-packages/botocore/data/s3/2006-03-01/endpoint-rule-set-1.json.gz
2025-02-07 09:29:10 - DEBUG - Loading JSON file: /usr/local/lib/python3.9/site-packages/botocore/data/s3/2006-03-01/endpoint-rule-set-1.json.gz
2025-02-07 09:29:10 - DEBUG - Loading JSON file: /usr/local/lib/python3.9/site-packages/botocore/data/partitions.json
2025-02-07 09:29:10 - DEBUG - Loading JSON file: /usr/local/lib/python3.9/site-packages/botocore/data/partitions.json
2025-02-07 09:29:10 - DEBUG - Loading JSON file: /usr/local/lib/python3.9/site-packages/botocore/data/partitions.json
2025-02-07 09:29:10 - DEBUG - Loading JSON file: /usr/local/lib/python3.9/site-packages/botocore/data/partitions.json
2025-02-07 09:29:10 - DEBUG - Loading JSON file: /usr/local/lib/python3.9/site-packages/botocore/data/partitions.json
2025-02-07 09:29:10 - DEBUG - Loading JSON file: /usr/local/lib/python3.9/site-packages/botocore/data/partitions.json
2025-02-07 09:29:10 - DEBUG - Loading JSON file: /usr/local/lib/python3.9/site-packages/botocore/data/partitions.json
2025-02-07 09:29:10 - DEBUG - Loading JSON file: /usr/local/lib/python3.9/site-packages/botocore/data/partitions.json
2025-02-07 09:29:10 - DEBUG - Event creating-client-class.s3: calling handler <function add_generate_presigned_post at 0x7f07a2e5d940>
2025-02-07 09:29:10 - DEBUG - Event creating-client-class.s3: calling handler <function add_generate_presigned_post at 0x7fc055673940>
2025-02-07 09:29:10 - DEBUG - Event creating-client-class.s3: calling handler <function add_generate_presigned_post at 0x7f9c7d370940>
2025-02-07 09:29:10 - DEBUG - Event creating-client-class.s3: calling handler <function lazy_call.<locals>._handler at 0x7f082d61ba60>
2025-02-07 09:29:10 - DEBUG - Event creating-client-class.s3: calling handler <function lazy_call.<locals>._handler at 0x7fc0de235a60>
2025-02-07 09:29:10 - DEBUG - Event creating-client-class.s3: calling handler <function lazy_call.<locals>._handler at 0x7f9d05e36a60>
2025-02-07 09:29:10 - DEBUG - Event creating-client-class.s3: calling handler <function add_generate_presigned_post at 0x7f5fec15e940>
2025-02-07 09:29:10 - DEBUG - Event creating-client-class.s3: calling handler <function lazy_call.<locals>._handler at 0x7f6074a35a60>
2025-02-07 09:29:10 - DEBUG - Event creating-client-class.s3: calling handler <function add_generate_presigned_post at 0x7f4dda128940>
2025-02-07 09:29:10 - DEBUG - Event creating-client-class.s3: calling handler <function lazy_call.<locals>._handler at 0x7f4e62c32a60>
2025-02-07 09:29:10 - DEBUG - Event creating-client-class.s3: calling handler <function add_generate_presigned_post at 0x7f1e204b9940>
2025-02-07 09:29:10 - DEBUG - Event creating-client-class.s3: calling handler <function add_generate_presigned_post at 0x7ff022f28940>
2025-02-07 09:29:10 - DEBUG - Event creating-client-class.s3: calling handler <function lazy_call.<locals>._handler at 0x7f1ea40d4a60>
2025-02-07 09:29:10 - DEBUG - Event creating-client-class.s3: calling handler <function add_generate_presigned_post at 0x7f91262ef940>
2025-02-07 09:29:10 - DEBUG - Event creating-client-class.s3: calling handler <function lazy_call.<locals>._handler at 0x7f91aec34a60>
2025-02-07 09:29:10 - DEBUG - Event creating-client-class.s3: calling handler <function lazy_call.<locals>._handler at 0x7ff0ab5baa60>
2025-02-07 09:29:12 - DEBUG - Event creating-client-class.s3: calling handler <function add_generate_presigned_url at 0x7f91262ef700>
2025-02-07 09:29:12 - DEBUG - Event creating-client-class.s3: calling handler <function add_generate_presigned_url at 0x7f1e204b9700>
2025-02-07 09:29:12 - DEBUG - Setting s3 timeout as (60, 60)
2025-02-07 09:29:12 - DEBUG - Event creating-client-class.s3: calling handler <function add_generate_presigned_url at 0x7fc055673700>
2025-02-07 09:29:12 - DEBUG - Event creating-client-class.s3: calling handler <function add_generate_presigned_url at 0x7f5fec15e700>
2025-02-07 09:29:12 - DEBUG - Event creating-client-class.s3: calling handler <function add_generate_presigned_url at 0x7f9c7d370700>
2025-02-07 09:29:12 - DEBUG - Event creating-client-class.s3: calling handler <function add_generate_presigned_url at 0x7f4dda128700>
2025-02-07 09:29:12 - DEBUG - Setting s3 timeout as (60, 60)
2025-02-07 09:29:12 - DEBUG - Loading JSON file: /usr/local/lib/python3.9/site-packages/botocore/data/_retry.json
2025-02-07 09:29:12 - DEBUG - Setting s3 timeout as (60, 60)
2025-02-07 09:29:12 - DEBUG - Setting s3 timeout as (60, 60)
2025-02-07 09:29:12 - DEBUG - Registering retry handlers for service: s3
2025-02-07 09:29:12 - DEBUG - Setting s3 timeout as (60, 60)
2025-02-07 09:29:12 - DEBUG - Registering S3 region redirector handler
2025-02-07 09:29:12 - DEBUG - Registering S3Express Identity Resolver
2025-02-07 09:29:12 - DEBUG - Loading JSON file: /usr/local/lib/python3.9/site-packages/botocore/data/_retry.json
2025-02-07 09:29:12 - DEBUG - Setting s3 timeout as (60, 60)
2025-02-07 09:29:12 - DEBUG - Registering retry handlers for service: s3
2025-02-07 09:29:12 - DEBUG - Registering S3 region redirector handler
2025-02-07 09:29:12 - DEBUG - Registering S3Express Identity Resolver
2025-02-07 09:29:12 - DEBUG - Loading JSON file: /usr/local/lib/python3.9/site-packages/botocore/data/_retry.json
2025-02-07 09:29:12 - DEBUG - Loading JSON file: /usr/local/lib/python3.9/site-packages/botocore/data/_retry.json
2025-02-07 09:29:12 - DEBUG - Loading JSON file: /usr/local/lib/python3.9/site-packages/botocore/data/_retry.json
2025-02-07 09:29:12 - DEBUG - Registering retry handlers for service: s3
2025-02-07 09:29:12 - DEBUG - Registering retry handlers for service: s3
2025-02-07 09:29:12 - DEBUG - Registering retry handlers for service: s3
2025-02-07 09:29:12 - DEBUG - Registering S3 region redirector handler
2025-02-07 09:29:12 - DEBUG - Registering S3 region redirector handler
2025-02-07 09:29:12 - DEBUG - Registering S3Express Identity Resolver
2025-02-07 09:29:12 - DEBUG - Registering S3 region redirector handler
2025-02-07 09:29:12 - DEBUG - Loading JSON file: /usr/local/lib/python3.9/site-packages/botocore/data/_retry.json
2025-02-07 09:29:12 - DEBUG - Event creating-client-class.s3: calling handler <function add_generate_presigned_url at 0x7f07a2e5d700>
2025-02-07 09:29:12 - DEBUG - Registering S3Express Identity Resolver
2025-02-07 09:29:12 - DEBUG - Registering retry handlers for service: s3
2025-02-07 09:29:12 - DEBUG - Registering S3 region redirector handler
2025-02-07 09:29:12 - DEBUG - Registering S3Express Identity Resolver
2025-02-07 09:29:12 - DEBUG - Registering S3Express Identity Resolver
2025-02-07 09:29:12 - DEBUG - Event creating-client-class.s3: calling handler <function add_generate_presigned_url at 0x7ff022f28700>
2025-02-07 09:29:12 - DEBUG - Setting s3 timeout as (60, 60)
2025-02-07 09:29:12 - DEBUG - Setting s3 timeout as (60, 60)
2025-02-07 09:29:12 - DEBUG - Loading JSON file: /usr/local/lib/python3.9/site-packages/botocore/data/_retry.json
2025-02-07 09:29:12 - DEBUG - Registering retry handlers for service: s3
2025-02-07 09:29:12 - DEBUG - Registering S3 region redirector handler
2025-02-07 09:29:12 - DEBUG - Registering S3Express Identity Resolver
2025-02-07 09:29:12 - DEBUG - Loading JSON file: /usr/local/lib/python3.9/site-packages/botocore/data/_retry.json
2025-02-07 09:29:12 - DEBUG - Registering retry handlers for service: s3
2025-02-07 09:29:12 - DEBUG - Registering S3 region redirector handler
2025-02-07 09:29:12 - DEBUG - Registering S3Express Identity Resolver
2025-02-07 09:29:37 - INFO - detect_n_emb_face - Image decoded successfully from store 1
2025-02-07 09:29:37 - INFO - 1 - Check face left right: True
2025-02-07 09:29:37 - INFO - 1 - Check eyes open: True
2025-02-07 09:29:37 - WARNING - detect_n_emb_face - 1 - Error when detecting face: OpenCV(4.11.0) /io/opencv/modules/dnn/src/net_impl.cpp:119: error: (-215:Assertion failed) preferableBackend != DNN_BACKEND_CUDA || IS_DNN_CUDA_TARGET(preferableTarget) in function 'validateBackendAndTarget'

2025-02-07 09:29:37 - WARNING - detect_n_emb_face - 1 - Error when detecting face! Please try again
2025-02-07 09:29:37 - WARNING - face_recog_img_base64 - 1 - <starlette.responses.JSONResponse object at 0x7fef51d71280>
2025-02-07 09:45:12 - DEBUG - Changing event name from creating-client-class.iot-data to creating-client-class.iot-data-plane
2025-02-07 09:45:12 - DEBUG - Changing event name from creating-client-class.iot-data to creating-client-class.iot-data-plane
2025-02-07 09:45:12 - DEBUG - Changing event name from before-call.apigateway to before-call.api-gateway
2025-02-07 09:45:12 - DEBUG - Changing event name from request-created.machinelearning.Predict to request-created.machine-learning.Predict
2025-02-07 09:45:12 - DEBUG - Changing event name from before-call.apigateway to before-call.api-gateway
2025-02-07 09:45:12 - DEBUG - Changing event name from before-parameter-build.autoscaling.CreateLaunchConfiguration to before-parameter-build.auto-scaling.CreateLaunchConfiguration
2025-02-07 09:45:12 - DEBUG - Changing event name from before-parameter-build.route53 to before-parameter-build.route-53
2025-02-07 09:45:12 - DEBUG - Changing event name from request-created.machinelearning.Predict to request-created.machine-learning.Predict
2025-02-07 09:45:12 - DEBUG - Changing event name from creating-client-class.iot-data to creating-client-class.iot-data-plane
2025-02-07 09:45:12 - DEBUG - Changing event name from request-created.cloudsearchdomain.Search to request-created.cloudsearch-domain.Search
2025-02-07 09:45:12 - DEBUG - Changing event name from docs.*.autoscaling.CreateLaunchConfiguration.complete-section to docs.*.auto-scaling.CreateLaunchConfiguration.complete-section
2025-02-07 09:45:12 - DEBUG - Changing event name from before-parameter-build.autoscaling.CreateLaunchConfiguration to before-parameter-build.auto-scaling.CreateLaunchConfiguration
2025-02-07 09:45:12 - DEBUG - Changing event name from creating-client-class.iot-data to creating-client-class.iot-data-plane
2025-02-07 09:45:12 - DEBUG - Changing event name from before-parameter-build.route53 to before-parameter-build.route-53
2025-02-07 09:45:12 - DEBUG - Changing event name from request-created.cloudsearchdomain.Search to request-created.cloudsearch-domain.Search
2025-02-07 09:45:12 - DEBUG - Changing event name from before-call.apigateway to before-call.api-gateway
2025-02-07 09:45:12 - DEBUG - Changing event name from request-created.machinelearning.Predict to request-created.machine-learning.Predict
2025-02-07 09:45:12 - DEBUG - Changing event name from before-parameter-build.logs.CreateExportTask to before-parameter-build.cloudwatch-logs.CreateExportTask
2025-02-07 09:45:13 - DEBUG - Changing event name from docs.*.logs.CreateExportTask.complete-section to docs.*.cloudwatch-logs.CreateExportTask.complete-section
2025-02-07 09:45:13 - DEBUG - Changing event name from before-call.apigateway to before-call.api-gateway
2025-02-07 09:45:13 - DEBUG - Changing event name from docs.*.autoscaling.CreateLaunchConfiguration.complete-section to docs.*.auto-scaling.CreateLaunchConfiguration.complete-section
2025-02-07 09:45:13 - DEBUG - Changing event name from before-parameter-build.cloudsearchdomain.Search to before-parameter-build.cloudsearch-domain.Search
2025-02-07 09:45:13 - DEBUG - Changing event name from docs.*.cloudsearchdomain.Search.complete-section to docs.*.cloudsearch-domain.Search.complete-section
2025-02-07 09:45:13 - DEBUG - Changing event name from request-created.machinelearning.Predict to request-created.machine-learning.Predict
2025-02-07 09:45:13 - DEBUG - Changing event name from before-parameter-build.autoscaling.CreateLaunchConfiguration to before-parameter-build.auto-scaling.CreateLaunchConfiguration
2025-02-07 09:45:13 - DEBUG - Changing event name from before-parameter-build.logs.CreateExportTask to before-parameter-build.cloudwatch-logs.CreateExportTask
2025-02-07 09:45:13 - DEBUG - Changing event name from before-parameter-build.autoscaling.CreateLaunchConfiguration to before-parameter-build.auto-scaling.CreateLaunchConfiguration
2025-02-07 09:45:13 - DEBUG - Changing event name from before-parameter-build.route53 to before-parameter-build.route-53
2025-02-07 09:45:13 - DEBUG - Changing event name from before-parameter-build.route53 to before-parameter-build.route-53
2025-02-07 09:45:13 - DEBUG - Changing event name from docs.*.logs.CreateExportTask.complete-section to docs.*.cloudwatch-logs.CreateExportTask.complete-section
2025-02-07 09:45:13 - DEBUG - Changing event name from before-parameter-build.cloudsearchdomain.Search to before-parameter-build.cloudsearch-domain.Search
2025-02-07 09:45:13 - DEBUG - Changing event name from request-created.cloudsearchdomain.Search to request-created.cloudsearch-domain.Search
2025-02-07 09:45:13 - DEBUG - Changing event name from docs.*.cloudsearchdomain.Search.complete-section to docs.*.cloudsearch-domain.Search.complete-section
2025-02-07 09:45:13 - DEBUG - Loading JSON file: /usr/local/lib/python3.9/site-packages/botocore/data/endpoints.json
2025-02-07 09:45:13 - DEBUG - Changing event name from request-created.cloudsearchdomain.Search to request-created.cloudsearch-domain.Search
2025-02-07 09:45:13 - DEBUG - Changing event name from docs.*.autoscaling.CreateLaunchConfiguration.complete-section to docs.*.auto-scaling.CreateLaunchConfiguration.complete-section
2025-02-07 09:45:13 - DEBUG - Changing event name from docs.*.autoscaling.CreateLaunchConfiguration.complete-section to docs.*.auto-scaling.CreateLaunchConfiguration.complete-section
2025-02-07 09:45:13 - DEBUG - Changing event name from before-parameter-build.logs.CreateExportTask to before-parameter-build.cloudwatch-logs.CreateExportTask
2025-02-07 09:45:13 - DEBUG - Changing event name from docs.*.logs.CreateExportTask.complete-section to docs.*.cloudwatch-logs.CreateExportTask.complete-section
2025-02-07 09:45:13 - DEBUG - Changing event name from before-parameter-build.cloudsearchdomain.Search to before-parameter-build.cloudsearch-domain.Search
2025-02-07 09:45:13 - DEBUG - Loading JSON file: /usr/local/lib/python3.9/site-packages/botocore/data/endpoints.json
2025-02-07 09:45:13 - DEBUG - Changing event name from docs.*.cloudsearchdomain.Search.complete-section to docs.*.cloudsearch-domain.Search.complete-section
2025-02-07 09:45:13 - DEBUG - Changing event name from before-parameter-build.logs.CreateExportTask to before-parameter-build.cloudwatch-logs.CreateExportTask
2025-02-07 09:45:13 - DEBUG - Changing event name from docs.*.logs.CreateExportTask.complete-section to docs.*.cloudwatch-logs.CreateExportTask.complete-section
2025-02-07 09:45:13 - DEBUG - Changing event name from before-parameter-build.cloudsearchdomain.Search to before-parameter-build.cloudsearch-domain.Search
2025-02-07 09:45:13 - DEBUG - Changing event name from docs.*.cloudsearchdomain.Search.complete-section to docs.*.cloudsearch-domain.Search.complete-section
2025-02-07 09:45:13 - DEBUG - Loading JSON file: /usr/local/lib/python3.9/site-packages/botocore/data/endpoints.json
2025-02-07 09:45:13 - DEBUG - Loading JSON file: /usr/local/lib/python3.9/site-packages/botocore/data/endpoints.json
2025-02-07 09:45:13 - DEBUG - Loading JSON file: /usr/local/lib/python3.9/site-packages/botocore/data/sdk-default-configuration.json
2025-02-07 09:45:13 - DEBUG - Event choose-service-name: calling handler <function handle_service_name_alias at 0x7ff5e7fa6040>
2025-02-07 09:45:13 - DEBUG - Loading JSON file: /usr/local/lib/python3.9/site-packages/botocore/data/sdk-default-configuration.json
2025-02-07 09:45:13 - DEBUG - Event choose-service-name: calling handler <function handle_service_name_alias at 0x7f9e078c7040>
2025-02-07 09:45:13 - DEBUG - Loading JSON file: /usr/local/lib/python3.9/site-packages/botocore/data/sdk-default-configuration.json
2025-02-07 09:45:13 - DEBUG - Event choose-service-name: calling handler <function handle_service_name_alias at 0x7fed0853ef70>
2025-02-07 09:45:13 - DEBUG - Loading JSON file: /usr/local/lib/python3.9/site-packages/botocore/data/sdk-default-configuration.json
2025-02-07 09:45:13 - DEBUG - Event choose-service-name: calling handler <function handle_service_name_alias at 0x7f1399bf7040>
2025-02-07 09:45:13 - DEBUG - Changing event name from creating-client-class.iot-data to creating-client-class.iot-data-plane
2025-02-07 09:45:13 - DEBUG - Changing event name from before-call.apigateway to before-call.api-gateway
2025-02-07 09:45:13 - DEBUG - Changing event name from request-created.machinelearning.Predict to request-created.machine-learning.Predict
2025-02-07 09:45:13 - DEBUG - Changing event name from before-parameter-build.autoscaling.CreateLaunchConfiguration to before-parameter-build.auto-scaling.CreateLaunchConfiguration
2025-02-07 09:45:13 - DEBUG - Changing event name from before-parameter-build.route53 to before-parameter-build.route-53
2025-02-07 09:45:13 - DEBUG - Changing event name from request-created.cloudsearchdomain.Search to request-created.cloudsearch-domain.Search
2025-02-07 09:45:13 - DEBUG - Changing event name from docs.*.autoscaling.CreateLaunchConfiguration.complete-section to docs.*.auto-scaling.CreateLaunchConfiguration.complete-section
2025-02-07 09:45:13 - DEBUG - Changing event name from before-parameter-build.logs.CreateExportTask to before-parameter-build.cloudwatch-logs.CreateExportTask
2025-02-07 09:45:13 - DEBUG - Changing event name from docs.*.logs.CreateExportTask.complete-section to docs.*.cloudwatch-logs.CreateExportTask.complete-section
2025-02-07 09:45:13 - DEBUG - Loading JSON file: /usr/local/lib/python3.9/site-packages/botocore/data/s3/2006-03-01/service-2.json.gz
2025-02-07 09:45:13 - DEBUG - Loading JSON file: /usr/local/lib/python3.9/site-packages/botocore/data/s3/2006-03-01/service-2.json.gz
2025-02-07 09:45:13 - DEBUG - Changing event name from before-parameter-build.cloudsearchdomain.Search to before-parameter-build.cloudsearch-domain.Search
2025-02-07 09:45:13 - DEBUG - Changing event name from docs.*.cloudsearchdomain.Search.complete-section to docs.*.cloudsearch-domain.Search.complete-section
2025-02-07 09:45:13 - DEBUG - Loading JSON file: /usr/local/lib/python3.9/site-packages/botocore/data/s3/2006-03-01/service-2.json.gz
2025-02-07 09:45:13 - DEBUG - Loading JSON file: /usr/local/lib/python3.9/site-packages/botocore/data/s3/2006-03-01/service-2.json.gz
2025-02-07 09:45:13 - DEBUG - Loading JSON file: /usr/local/lib/python3.9/site-packages/botocore/data/endpoints.json
2025-02-07 09:45:13 - DEBUG - Loading JSON file: /usr/local/lib/python3.9/site-packages/botocore/data/s3/2006-03-01/service-2.sdk-extras.json
2025-02-07 09:45:13 - DEBUG - Changing event name from creating-client-class.iot-data to creating-client-class.iot-data-plane
2025-02-07 09:45:13 - DEBUG - Loading JSON file: /usr/local/lib/python3.9/site-packages/botocore/data/s3/2006-03-01/service-2.sdk-extras.json
2025-02-07 09:45:13 - DEBUG - Loading JSON file: /usr/local/lib/python3.9/site-packages/botocore/data/s3/2006-03-01/service-2.sdk-extras.json
2025-02-07 09:45:13 - DEBUG - Loading JSON file: /usr/local/lib/python3.9/site-packages/botocore/data/s3/2006-03-01/service-2.sdk-extras.json
2025-02-07 09:45:13 - DEBUG - Changing event name from before-call.apigateway to before-call.api-gateway
2025-02-07 09:45:13 - DEBUG - Changing event name from request-created.machinelearning.Predict to request-created.machine-learning.Predict
2025-02-07 09:45:13 - DEBUG - Changing event name from before-parameter-build.autoscaling.CreateLaunchConfiguration to before-parameter-build.auto-scaling.CreateLaunchConfiguration
2025-02-07 09:45:13 - DEBUG - Changing event name from before-parameter-build.route53 to before-parameter-build.route-53
2025-02-07 09:45:13 - DEBUG - Changing event name from request-created.cloudsearchdomain.Search to request-created.cloudsearch-domain.Search
2025-02-07 09:45:13 - DEBUG - Changing event name from docs.*.autoscaling.CreateLaunchConfiguration.complete-section to docs.*.auto-scaling.CreateLaunchConfiguration.complete-section
2025-02-07 09:45:13 - DEBUG - Changing event name from before-parameter-build.logs.CreateExportTask to before-parameter-build.cloudwatch-logs.CreateExportTask
2025-02-07 09:45:13 - DEBUG - Changing event name from docs.*.logs.CreateExportTask.complete-section to docs.*.cloudwatch-logs.CreateExportTask.complete-section
2025-02-07 09:45:13 - DEBUG - Loading JSON file: /usr/local/lib/python3.9/site-packages/botocore/data/sdk-default-configuration.json
2025-02-07 09:45:13 - DEBUG - Changing event name from before-parameter-build.cloudsearchdomain.Search to before-parameter-build.cloudsearch-domain.Search
2025-02-07 09:45:13 - DEBUG - Changing event name from docs.*.cloudsearchdomain.Search.complete-section to docs.*.cloudsearch-domain.Search.complete-section
2025-02-07 09:45:13 - DEBUG - Event choose-service-name: calling handler <function handle_service_name_alias at 0x7f5e18bde040>
2025-02-07 09:45:13 - DEBUG - Loading JSON file: /usr/local/lib/python3.9/site-packages/botocore/data/endpoints.json
2025-02-07 09:45:13 - DEBUG - Loading JSON file: /usr/local/lib/python3.9/site-packages/botocore/data/s3/2006-03-01/endpoint-rule-set-1.json.gz
2025-02-07 09:45:13 - DEBUG - Loading JSON file: /usr/local/lib/python3.9/site-packages/botocore/data/s3/2006-03-01/endpoint-rule-set-1.json.gz
2025-02-07 09:45:13 - DEBUG - Loading JSON file: /usr/local/lib/python3.9/site-packages/botocore/data/s3/2006-03-01/endpoint-rule-set-1.json.gz
2025-02-07 09:45:13 - DEBUG - Loading JSON file: /usr/local/lib/python3.9/site-packages/botocore/data/s3/2006-03-01/endpoint-rule-set-1.json.gz
2025-02-07 09:45:13 - DEBUG - Loading JSON file: /usr/local/lib/python3.9/site-packages/botocore/data/partitions.json
2025-02-07 09:45:13 - DEBUG - Loading JSON file: /usr/local/lib/python3.9/site-packages/botocore/data/partitions.json
2025-02-07 09:45:13 - DEBUG - Loading JSON file: /usr/local/lib/python3.9/site-packages/botocore/data/partitions.json
2025-02-07 09:45:13 - DEBUG - Loading JSON file: /usr/local/lib/python3.9/site-packages/botocore/data/partitions.json
2025-02-07 09:45:13 - DEBUG - Event creating-client-class.s3: calling handler <function add_generate_presigned_post at 0x7ff5e7d59790>
2025-02-07 09:45:13 - DEBUG - Event creating-client-class.s3: calling handler <function add_generate_presigned_post at 0x7f9e0767c790>
2025-02-07 09:45:13 - DEBUG - Event creating-client-class.s3: calling handler <function lazy_call.<locals>._handler at 0x7ff60cdd8b80>
2025-02-07 09:45:13 - DEBUG - Event creating-client-class.s3: calling handler <function lazy_call.<locals>._handler at 0x7f9e8d1cab80>
2025-02-07 09:45:13 - DEBUG - Event creating-client-class.s3: calling handler <function add_generate_presigned_post at 0x7f13999ab790>
2025-02-07 09:45:13 - DEBUG - Event creating-client-class.s3: calling handler <function lazy_call.<locals>._handler at 0x7f141f845b80>
2025-02-07 09:45:13 - DEBUG - Event creating-client-class.s3: calling handler <function add_generate_presigned_post at 0x7fed08298700>
2025-02-07 09:45:13 - DEBUG - Event creating-client-class.s3: calling handler <function lazy_call.<locals>._handler at 0x7fed8be48a60>
2025-02-07 09:45:13 - DEBUG - Loading JSON file: /usr/local/lib/python3.9/site-packages/botocore/data/s3/2006-03-01/service-2.json.gz
2025-02-07 09:45:13 - DEBUG - Loading JSON file: /usr/local/lib/python3.9/site-packages/botocore/data/sdk-default-configuration.json
2025-02-07 09:45:13 - DEBUG - Event choose-service-name: calling handler <function handle_service_name_alias at 0x7f398a74c040>
2025-02-07 09:45:13 - DEBUG - Loading JSON file: /usr/local/lib/python3.9/site-packages/botocore/data/s3/2006-03-01/service-2.sdk-extras.json
2025-02-07 09:45:13 - DEBUG - Changing event name from creating-client-class.iot-data to creating-client-class.iot-data-plane
2025-02-07 09:45:13 - DEBUG - Event creating-client-class.s3: calling handler <function add_generate_presigned_url at 0x7f9e0767c550>
2025-02-07 09:45:13 - DEBUG - Event creating-client-class.s3: calling handler <function add_generate_presigned_url at 0x7ff5e7d59550>
2025-02-07 09:45:13 - DEBUG - Changing event name from before-call.apigateway to before-call.api-gateway
2025-02-07 09:45:13 - DEBUG - Event creating-client-class.s3: calling handler <function add_generate_presigned_url at 0x7f13999ab550>
2025-02-07 09:45:13 - DEBUG - Changing event name from request-created.machinelearning.Predict to request-created.machine-learning.Predict
2025-02-07 09:45:13 - DEBUG - Changing event name from before-parameter-build.autoscaling.CreateLaunchConfiguration to before-parameter-build.auto-scaling.CreateLaunchConfiguration
2025-02-07 09:45:13 - DEBUG - Setting s3 timeout as (60, 60)
2025-02-07 09:45:13 - DEBUG - Event creating-client-class.s3: calling handler <function add_generate_presigned_url at 0x7fed082984c0>
2025-02-07 09:45:13 - DEBUG - Changing event name from before-parameter-build.route53 to before-parameter-build.route-53
2025-02-07 09:45:13 - DEBUG - Setting s3 timeout as (60, 60)
2025-02-07 09:45:13 - DEBUG - Setting s3 timeout as (60, 60)
2025-02-07 09:45:13 - DEBUG - Changing event name from request-created.cloudsearchdomain.Search to request-created.cloudsearch-domain.Search
2025-02-07 09:45:13 - DEBUG - Changing event name from docs.*.autoscaling.CreateLaunchConfiguration.complete-section to docs.*.auto-scaling.CreateLaunchConfiguration.complete-section
2025-02-07 09:45:13 - DEBUG - Setting s3 timeout as (60, 60)
2025-02-07 09:45:13 - DEBUG - Loading JSON file: /usr/local/lib/python3.9/site-packages/botocore/data/_retry.json
2025-02-07 09:45:13 - DEBUG - Loading JSON file: /usr/local/lib/python3.9/site-packages/botocore/data/s3/2006-03-01/service-2.json.gz
2025-02-07 09:45:13 - DEBUG - Changing event name from before-parameter-build.logs.CreateExportTask to before-parameter-build.cloudwatch-logs.CreateExportTask
2025-02-07 09:45:13 - DEBUG - Changing event name from docs.*.logs.CreateExportTask.complete-section to docs.*.cloudwatch-logs.CreateExportTask.complete-section
2025-02-07 09:45:13 - DEBUG - Loading JSON file: /usr/local/lib/python3.9/site-packages/botocore/data/_retry.json
2025-02-07 09:45:13 - DEBUG - Registering retry handlers for service: s3
2025-02-07 09:45:13 - DEBUG - Changing event name from before-parameter-build.cloudsearchdomain.Search to before-parameter-build.cloudsearch-domain.Search
2025-02-07 09:45:13 - DEBUG - Registering S3 region redirector handler
2025-02-07 09:45:13 - DEBUG - Registering retry handlers for service: s3
2025-02-07 09:45:13 - DEBUG - Changing event name from docs.*.cloudsearchdomain.Search.complete-section to docs.*.cloudsearch-domain.Search.complete-section
2025-02-07 09:45:13 - DEBUG - Registering S3Express Identity Resolver
2025-02-07 09:45:13 - DEBUG - Registering S3 region redirector handler
2025-02-07 09:45:13 - DEBUG - Loading JSON file: /usr/local/lib/python3.9/site-packages/botocore/data/s3/2006-03-01/endpoint-rule-set-1.json.gz
2025-02-07 09:45:13 - DEBUG - Registering S3Express Identity Resolver
2025-02-07 09:45:13 - DEBUG - Loading JSON file: /usr/local/lib/python3.9/site-packages/botocore/data/endpoints.json
2025-02-07 09:45:13 - DEBUG - Loading JSON file: /usr/local/lib/python3.9/site-packages/botocore/data/partitions.json
2025-02-07 09:45:13 - DEBUG - Event creating-client-class.s3: calling handler <function add_generate_presigned_post at 0x7f5e18995790>
2025-02-07 09:45:13 - DEBUG - Event creating-client-class.s3: calling handler <function lazy_call.<locals>._handler at 0x7f5e9e445b80>
2025-02-07 09:45:13 - DEBUG - Loading JSON file: /usr/local/lib/python3.9/site-packages/botocore/data/s3/2006-03-01/service-2.sdk-extras.json
2025-02-07 09:45:13 - DEBUG - Event creating-client-class.s3: calling handler <function add_generate_presigned_url at 0x7f5e18995550>
2025-02-07 09:45:13 - DEBUG - Setting s3 timeout as (60, 60)
2025-02-07 09:45:13 - DEBUG - Loading JSON file: /usr/local/lib/python3.9/site-packages/botocore/data/sdk-default-configuration.json
2025-02-07 09:45:13 - DEBUG - Loading JSON file: /usr/local/lib/python3.9/site-packages/botocore/data/s3/2006-03-01/endpoint-rule-set-1.json.gz
2025-02-07 09:45:13 - DEBUG - Event choose-service-name: calling handler <function handle_service_name_alias at 0x7f85fc801040>
2025-02-07 09:45:13 - DEBUG - Loading JSON file: /usr/local/lib/python3.9/site-packages/botocore/data/_retry.json
2025-02-07 09:45:13 - DEBUG - Loading JSON file: /usr/local/lib/python3.9/site-packages/botocore/data/partitions.json
2025-02-07 09:45:13 - DEBUG - Event creating-client-class.s3: calling handler <function add_generate_presigned_post at 0x7f398a500790>
2025-02-07 09:45:13 - DEBUG - Event creating-client-class.s3: calling handler <function lazy_call.<locals>._handler at 0x7f3a10044b80>
2025-02-07 09:45:13 - DEBUG - Event creating-client-class.s3: calling handler <function add_generate_presigned_url at 0x7f398a500550>
2025-02-07 09:45:13 - DEBUG - Loading JSON file: /usr/local/lib/python3.9/site-packages/botocore/data/s3/2006-03-01/service-2.json.gz
2025-02-07 09:45:13 - DEBUG - Setting s3 timeout as (60, 60)
2025-02-07 09:45:13 - DEBUG - Loading JSON file: /usr/local/lib/python3.9/site-packages/botocore/data/s3/2006-03-01/service-2.sdk-extras.json
2025-02-07 09:45:13 - DEBUG - Loading JSON file: /usr/local/lib/python3.9/site-packages/botocore/data/s3/2006-03-01/endpoint-rule-set-1.json.gz
2025-02-07 09:45:13 - DEBUG - Changing event name from creating-client-class.iot-data to creating-client-class.iot-data-plane
2025-02-07 09:45:13 - DEBUG - Loading JSON file: /usr/local/lib/python3.9/site-packages/botocore/data/partitions.json
2025-02-07 09:45:13 - DEBUG - Changing event name from before-call.apigateway to before-call.api-gateway
2025-02-07 09:45:13 - DEBUG - Changing event name from request-created.machinelearning.Predict to request-created.machine-learning.Predict
2025-02-07 09:45:13 - DEBUG - Changing event name from before-parameter-build.autoscaling.CreateLaunchConfiguration to before-parameter-build.auto-scaling.CreateLaunchConfiguration
2025-02-07 09:45:13 - DEBUG - Event creating-client-class.s3: calling handler <function add_generate_presigned_post at 0x7f85fc5b6790>
2025-02-07 09:45:13 - DEBUG - Event creating-client-class.s3: calling handler <function lazy_call.<locals>._handler at 0x7f8682245b80>
2025-02-07 09:45:13 - DEBUG - Changing event name from before-parameter-build.route53 to before-parameter-build.route-53
2025-02-07 09:45:13 - DEBUG - Changing event name from request-created.cloudsearchdomain.Search to request-created.cloudsearch-domain.Search
2025-02-07 09:45:13 - DEBUG - Changing event name from docs.*.autoscaling.CreateLaunchConfiguration.complete-section to docs.*.auto-scaling.CreateLaunchConfiguration.complete-section
2025-02-07 09:45:13 - DEBUG - Changing event name from before-parameter-build.logs.CreateExportTask to before-parameter-build.cloudwatch-logs.CreateExportTask
2025-02-07 09:45:13 - DEBUG - Changing event name from docs.*.logs.CreateExportTask.complete-section to docs.*.cloudwatch-logs.CreateExportTask.complete-section
2025-02-07 09:45:13 - DEBUG - Changing event name from before-parameter-build.cloudsearchdomain.Search to before-parameter-build.cloudsearch-domain.Search
2025-02-07 09:45:13 - DEBUG - Changing event name from docs.*.cloudsearchdomain.Search.complete-section to docs.*.cloudsearch-domain.Search.complete-section
2025-02-07 09:45:13 - DEBUG - Loading JSON file: /usr/local/lib/python3.9/site-packages/botocore/data/endpoints.json
2025-02-07 09:45:13 - DEBUG - Event creating-client-class.s3: calling handler <function add_generate_presigned_url at 0x7f85fc5b6550>
2025-02-07 09:45:13 - DEBUG - Setting s3 timeout as (60, 60)
2025-02-07 09:45:13 - DEBUG - Loading JSON file: /usr/local/lib/python3.9/site-packages/botocore/data/_retry.json
2025-02-07 09:45:13 - DEBUG - Registering retry handlers for service: s3
2025-02-07 09:45:13 - DEBUG - Registering S3 region redirector handler
2025-02-07 09:45:13 - DEBUG - Registering S3Express Identity Resolver
2025-02-07 09:45:13 - DEBUG - Loading JSON file: /usr/local/lib/python3.9/site-packages/botocore/data/sdk-default-configuration.json
2025-02-07 09:45:13 - DEBUG - Event choose-service-name: calling handler <function handle_service_name_alias at 0x7fe5c6bd6040>
2025-02-07 09:45:14 - DEBUG - Loading JSON file: /usr/local/lib/python3.9/site-packages/botocore/data/s3/2006-03-01/service-2.json.gz
2025-02-07 09:45:14 - DEBUG - Loading JSON file: /usr/local/lib/python3.9/site-packages/botocore/data/s3/2006-03-01/service-2.sdk-extras.json
2025-02-07 09:45:14 - DEBUG - Loading JSON file: /usr/local/lib/python3.9/site-packages/botocore/data/s3/2006-03-01/endpoint-rule-set-1.json.gz
2025-02-07 09:45:14 - DEBUG - Loading JSON file: /usr/local/lib/python3.9/site-packages/botocore/data/partitions.json
2025-02-07 09:45:14 - DEBUG - Event creating-client-class.s3: calling handler <function add_generate_presigned_post at 0x7fe5c6989790>
2025-02-07 09:45:14 - DEBUG - Event creating-client-class.s3: calling handler <function lazy_call.<locals>._handler at 0x7fe64c641b80>
2025-02-07 09:45:14 - DEBUG - Event creating-client-class.s3: calling handler <function add_generate_presigned_url at 0x7fe5c6989550>
2025-02-07 09:45:14 - DEBUG - Setting s3 timeout as (60, 60)
2025-02-07 09:45:14 - DEBUG - Loading JSON file: /usr/local/lib/python3.9/site-packages/botocore/data/_retry.json
2025-02-07 09:45:14 - DEBUG - Loading JSON file: /usr/local/lib/python3.9/site-packages/botocore/data/_retry.json
2025-02-07 09:45:14 - DEBUG - Registering retry handlers for service: s3
2025-02-07 09:45:14 - DEBUG - Registering S3 region redirector handler
2025-02-07 09:45:14 - DEBUG - Registering S3Express Identity Resolver
2025-02-07 09:45:14 - DEBUG - Loading JSON file: /usr/local/lib/python3.9/site-packages/botocore/data/_retry.json
2025-02-07 09:45:15 - DEBUG - Registering retry handlers for service: s3
2025-02-07 09:45:15 - DEBUG - Registering S3 region redirector handler
2025-02-07 09:45:15 - DEBUG - Registering S3Express Identity Resolver
2025-02-07 09:45:15 - DEBUG - Registering retry handlers for service: s3
2025-02-07 09:45:15 - DEBUG - Registering S3 region redirector handler
2025-02-07 09:45:15 - DEBUG - Registering S3Express Identity Resolver
2025-02-07 09:45:15 - DEBUG - Loading JSON file: /usr/local/lib/python3.9/site-packages/botocore/data/_retry.json
2025-02-07 09:45:15 - DEBUG - Registering retry handlers for service: s3
2025-02-07 09:45:15 - DEBUG - Registering S3 region redirector handler
2025-02-07 09:45:15 - DEBUG - Registering S3Express Identity Resolver
2025-02-07 09:45:15 - DEBUG - Registering retry handlers for service: s3
2025-02-07 09:45:15 - DEBUG - Registering S3 region redirector handler
2025-02-07 09:45:15 - DEBUG - Registering S3Express Identity Resolver
2025-02-07 09:46:04 - INFO - detect_n_emb_face - Image decoded successfully from store 1
2025-02-07 09:46:04 - INFO - 1 - Check face left right: True
2025-02-07 09:46:04 - INFO - 1 - Check eyes open: True
2025-02-07 09:46:04 - WARNING - detect_n_emb_face - 1 - Error when detecting face: OpenCV(4.11.0) /io/opencv/modules/dnn/src/net_impl.cpp:119: error: (-215:Assertion failed) preferableBackend != DNN_BACKEND_CUDA || IS_DNN_CUDA_TARGET(preferableTarget) in function 'validateBackendAndTarget'

2025-02-07 09:46:04 - WARNING - detect_n_emb_face - 1 - Error when detecting face! Please try again
2025-02-07 09:46:04 - WARNING - face_recog_img_base64 - 1 - <starlette.responses.JSONResponse object at 0x7f5d1f44e040>
2025-02-07 09:46:05 - INFO - detect_n_emb_face - Image decoded successfully from store 1
2025-02-07 09:46:05 - INFO - 1 - Check face left right: True
2025-02-07 09:46:05 - INFO - 1 - Check eyes open: True
2025-02-07 09:46:05 - WARNING - detect_n_emb_face - 1 - Error when detecting face: OpenCV(4.11.0) /io/opencv/modules/dnn/src/net_impl.cpp:119: error: (-215:Assertion failed) preferableBackend != DNN_BACKEND_CUDA || IS_DNN_CUDA_TARGET(preferableTarget) in function 'validateBackendAndTarget'

2025-02-07 09:46:05 - WARNING - detect_n_emb_face - 1 - Error when detecting face! Please try again
2025-02-07 09:46:05 - WARNING - face_recog_img_base64 - 1 - <starlette.responses.JSONResponse object at 0x7f5d1f454970>
2025-02-07 09:46:06 - INFO - detect_n_emb_face - Image decoded successfully from store 1
2025-02-07 09:46:06 - INFO - 1 - Check face left right: True
2025-02-07 09:46:06 - INFO - 1 - Check eyes open: True
2025-02-07 09:46:07 - WARNING - detect_n_emb_face - 1 - Error when detecting face: OpenCV(4.11.0) /io/opencv/modules/dnn/src/net_impl.cpp:119: error: (-215:Assertion failed) preferableBackend != DNN_BACKEND_CUDA || IS_DNN_CUDA_TARGET(preferableTarget) in function 'validateBackendAndTarget'

2025-02-07 09:46:07 - WARNING - detect_n_emb_face - 1 - Error when detecting face! Please try again
2025-02-07 09:46:07 - WARNING - face_recog_img_base64 - 1 - <starlette.responses.JSONResponse object at 0x7f5d1f591d30>
2025-02-07 10:38:10 - DEBUG - Changing event name from creating-client-class.iot-data to creating-client-class.iot-data-plane
2025-02-07 10:38:10 - DEBUG - Changing event name from creating-client-class.iot-data to creating-client-class.iot-data-plane
2025-02-07 10:38:10 - DEBUG - Changing event name from creating-client-class.iot-data to creating-client-class.iot-data-plane
2025-02-07 10:38:10 - DEBUG - Changing event name from creating-client-class.iot-data to creating-client-class.iot-data-plane
2025-02-07 10:38:10 - DEBUG - Changing event name from creating-client-class.iot-data to creating-client-class.iot-data-plane
2025-02-07 10:38:10 - DEBUG - Changing event name from creating-client-class.iot-data to creating-client-class.iot-data-plane
2025-02-07 10:38:10 - DEBUG - Changing event name from creating-client-class.iot-data to creating-client-class.iot-data-plane
2025-02-07 10:38:10 - DEBUG - Changing event name from before-call.apigateway to before-call.api-gateway
2025-02-07 10:38:10 - DEBUG - Changing event name from before-call.apigateway to before-call.api-gateway
2025-02-07 10:38:10 - DEBUG - Changing event name from request-created.machinelearning.Predict to request-created.machine-learning.Predict
2025-02-07 10:38:10 - DEBUG - Changing event name from before-call.apigateway to before-call.api-gateway
2025-02-07 10:38:10 - DEBUG - Changing event name from request-created.machinelearning.Predict to request-created.machine-learning.Predict
2025-02-07 10:38:10 - DEBUG - Changing event name from before-call.apigateway to before-call.api-gateway
2025-02-07 10:38:10 - DEBUG - Changing event name from before-call.apigateway to before-call.api-gateway
2025-02-07 10:38:10 - DEBUG - Changing event name from request-created.machinelearning.Predict to request-created.machine-learning.Predict
2025-02-07 10:38:10 - DEBUG - Changing event name from before-call.apigateway to before-call.api-gateway
2025-02-07 10:38:10 - DEBUG - Changing event name from before-call.apigateway to before-call.api-gateway
2025-02-07 10:38:10 - DEBUG - Changing event name from request-created.machinelearning.Predict to request-created.machine-learning.Predict
2025-02-07 10:38:10 - DEBUG - Changing event name from before-parameter-build.autoscaling.CreateLaunchConfiguration to before-parameter-build.auto-scaling.CreateLaunchConfiguration
2025-02-07 10:38:10 - DEBUG - Changing event name from before-parameter-build.route53 to before-parameter-build.route-53
2025-02-07 10:38:10 - DEBUG - Changing event name from request-created.machinelearning.Predict to request-created.machine-learning.Predict
2025-02-07 10:38:10 - DEBUG - Changing event name from before-parameter-build.autoscaling.CreateLaunchConfiguration to before-parameter-build.auto-scaling.CreateLaunchConfiguration
2025-02-07 10:38:10 - DEBUG - Changing event name from request-created.machinelearning.Predict to request-created.machine-learning.Predict
2025-02-07 10:38:10 - DEBUG - Changing event name from request-created.machinelearning.Predict to request-created.machine-learning.Predict
2025-02-07 10:38:10 - DEBUG - Changing event name from before-parameter-build.route53 to before-parameter-build.route-53
2025-02-07 10:38:10 - DEBUG - Changing event name from before-parameter-build.autoscaling.CreateLaunchConfiguration to before-parameter-build.auto-scaling.CreateLaunchConfiguration
2025-02-07 10:38:10 - DEBUG - Changing event name from request-created.cloudsearchdomain.Search to request-created.cloudsearch-domain.Search
2025-02-07 10:38:10 - DEBUG - Changing event name from before-parameter-build.route53 to before-parameter-build.route-53
2025-02-07 10:38:10 - DEBUG - Changing event name from creating-client-class.iot-data to creating-client-class.iot-data-plane
2025-02-07 10:38:10 - DEBUG - Changing event name from before-parameter-build.autoscaling.CreateLaunchConfiguration to before-parameter-build.auto-scaling.CreateLaunchConfiguration
2025-02-07 10:38:10 - DEBUG - Changing event name from request-created.cloudsearchdomain.Search to request-created.cloudsearch-domain.Search
2025-02-07 10:38:10 - DEBUG - Changing event name from before-parameter-build.autoscaling.CreateLaunchConfiguration to before-parameter-build.auto-scaling.CreateLaunchConfiguration
2025-02-07 10:38:10 - DEBUG - Changing event name from request-created.cloudsearchdomain.Search to request-created.cloudsearch-domain.Search
2025-02-07 10:38:10 - DEBUG - Changing event name from before-parameter-build.route53 to before-parameter-build.route-53
2025-02-07 10:38:10 - DEBUG - Changing event name from docs.*.autoscaling.CreateLaunchConfiguration.complete-section to docs.*.auto-scaling.CreateLaunchConfiguration.complete-section
2025-02-07 10:38:10 - DEBUG - Changing event name from before-parameter-build.autoscaling.CreateLaunchConfiguration to before-parameter-build.auto-scaling.CreateLaunchConfiguration
2025-02-07 10:38:10 - DEBUG - Changing event name from before-parameter-build.route53 to before-parameter-build.route-53
2025-02-07 10:38:10 - DEBUG - Changing event name from before-parameter-build.route53 to before-parameter-build.route-53
2025-02-07 10:38:10 - DEBUG - Changing event name from before-parameter-build.autoscaling.CreateLaunchConfiguration to before-parameter-build.auto-scaling.CreateLaunchConfiguration
2025-02-07 10:38:10 - DEBUG - Changing event name from docs.*.autoscaling.CreateLaunchConfiguration.complete-section to docs.*.auto-scaling.CreateLaunchConfiguration.complete-section
2025-02-07 10:38:10 - DEBUG - Changing event name from request-created.cloudsearchdomain.Search to request-created.cloudsearch-domain.Search
2025-02-07 10:38:10 - DEBUG - Changing event name from before-parameter-build.route53 to before-parameter-build.route-53
2025-02-07 10:38:10 - DEBUG - Changing event name from docs.*.autoscaling.CreateLaunchConfiguration.complete-section to docs.*.auto-scaling.CreateLaunchConfiguration.complete-section
2025-02-07 10:38:10 - DEBUG - Changing event name from request-created.cloudsearchdomain.Search to request-created.cloudsearch-domain.Search
2025-02-07 10:38:10 - DEBUG - Changing event name from request-created.cloudsearchdomain.Search to request-created.cloudsearch-domain.Search
2025-02-07 10:38:10 - DEBUG - Changing event name from request-created.cloudsearchdomain.Search to request-created.cloudsearch-domain.Search
2025-02-07 10:38:10 - DEBUG - Changing event name from docs.*.autoscaling.CreateLaunchConfiguration.complete-section to docs.*.auto-scaling.CreateLaunchConfiguration.complete-section
2025-02-07 10:38:10 - DEBUG - Changing event name from before-call.apigateway to before-call.api-gateway
2025-02-07 10:38:10 - DEBUG - Changing event name from docs.*.autoscaling.CreateLaunchConfiguration.complete-section to docs.*.auto-scaling.CreateLaunchConfiguration.complete-section
2025-02-07 10:38:10 - DEBUG - Changing event name from docs.*.autoscaling.CreateLaunchConfiguration.complete-section to docs.*.auto-scaling.CreateLaunchConfiguration.complete-section
2025-02-07 10:38:10 - DEBUG - Changing event name from docs.*.autoscaling.CreateLaunchConfiguration.complete-section to docs.*.auto-scaling.CreateLaunchConfiguration.complete-section
2025-02-07 10:38:10 - DEBUG - Changing event name from request-created.machinelearning.Predict to request-created.machine-learning.Predict
2025-02-07 10:38:10 - DEBUG - Changing event name from before-parameter-build.logs.CreateExportTask to before-parameter-build.cloudwatch-logs.CreateExportTask
2025-02-07 10:38:10 - DEBUG - Changing event name from docs.*.logs.CreateExportTask.complete-section to docs.*.cloudwatch-logs.CreateExportTask.complete-section
2025-02-07 10:38:10 - DEBUG - Changing event name from before-parameter-build.logs.CreateExportTask to before-parameter-build.cloudwatch-logs.CreateExportTask
2025-02-07 10:38:10 - DEBUG - Changing event name from before-parameter-build.cloudsearchdomain.Search to before-parameter-build.cloudsearch-domain.Search
2025-02-07 10:38:10 - DEBUG - Changing event name from docs.*.logs.CreateExportTask.complete-section to docs.*.cloudwatch-logs.CreateExportTask.complete-section
2025-02-07 10:38:10 - DEBUG - Changing event name from before-parameter-build.autoscaling.CreateLaunchConfiguration to before-parameter-build.auto-scaling.CreateLaunchConfiguration
2025-02-07 10:38:10 - DEBUG - Changing event name from before-parameter-build.logs.CreateExportTask to before-parameter-build.cloudwatch-logs.CreateExportTask
2025-02-07 10:38:10 - DEBUG - Changing event name from before-parameter-build.logs.CreateExportTask to before-parameter-build.cloudwatch-logs.CreateExportTask
2025-02-07 10:38:10 - DEBUG - Changing event name from before-parameter-build.logs.CreateExportTask to before-parameter-build.cloudwatch-logs.CreateExportTask
2025-02-07 10:38:10 - DEBUG - Changing event name from docs.*.cloudsearchdomain.Search.complete-section to docs.*.cloudsearch-domain.Search.complete-section
2025-02-07 10:38:10 - DEBUG - Changing event name from before-parameter-build.logs.CreateExportTask to before-parameter-build.cloudwatch-logs.CreateExportTask
2025-02-07 10:38:10 - DEBUG - Changing event name from before-parameter-build.cloudsearchdomain.Search to before-parameter-build.cloudsearch-domain.Search
2025-02-07 10:38:10 - DEBUG - Changing event name from before-parameter-build.logs.CreateExportTask to before-parameter-build.cloudwatch-logs.CreateExportTask
2025-02-07 10:38:10 - DEBUG - Changing event name from docs.*.logs.CreateExportTask.complete-section to docs.*.cloudwatch-logs.CreateExportTask.complete-section
2025-02-07 10:38:10 - DEBUG - Changing event name from docs.*.logs.CreateExportTask.complete-section to docs.*.cloudwatch-logs.CreateExportTask.complete-section
2025-02-07 10:38:10 - DEBUG - Changing event name from docs.*.logs.CreateExportTask.complete-section to docs.*.cloudwatch-logs.CreateExportTask.complete-section
2025-02-07 10:38:10 - DEBUG - Changing event name from before-parameter-build.route53 to before-parameter-build.route-53
2025-02-07 10:38:10 - DEBUG - Changing event name from docs.*.logs.CreateExportTask.complete-section to docs.*.cloudwatch-logs.CreateExportTask.complete-section
2025-02-07 10:38:10 - DEBUG - Changing event name from docs.*.logs.CreateExportTask.complete-section to docs.*.cloudwatch-logs.CreateExportTask.complete-section
2025-02-07 10:38:10 - DEBUG - Changing event name from before-parameter-build.cloudsearchdomain.Search to before-parameter-build.cloudsearch-domain.Search
2025-02-07 10:38:10 - DEBUG - Changing event name from before-parameter-build.cloudsearchdomain.Search to before-parameter-build.cloudsearch-domain.Search
2025-02-07 10:38:10 - DEBUG - Changing event name from docs.*.cloudsearchdomain.Search.complete-section to docs.*.cloudsearch-domain.Search.complete-section
2025-02-07 10:38:10 - DEBUG - Changing event name from before-parameter-build.cloudsearchdomain.Search to before-parameter-build.cloudsearch-domain.Search
2025-02-07 10:38:10 - DEBUG - Changing event name from before-parameter-build.cloudsearchdomain.Search to before-parameter-build.cloudsearch-domain.Search
2025-02-07 10:38:10 - DEBUG - Changing event name from before-parameter-build.cloudsearchdomain.Search to before-parameter-build.cloudsearch-domain.Search
2025-02-07 10:38:10 - DEBUG - Changing event name from docs.*.cloudsearchdomain.Search.complete-section to docs.*.cloudsearch-domain.Search.complete-section
2025-02-07 10:38:10 - DEBUG - Changing event name from docs.*.cloudsearchdomain.Search.complete-section to docs.*.cloudsearch-domain.Search.complete-section
2025-02-07 10:38:10 - DEBUG - Changing event name from docs.*.cloudsearchdomain.Search.complete-section to docs.*.cloudsearch-domain.Search.complete-section
2025-02-07 10:38:10 - DEBUG - Changing event name from docs.*.cloudsearchdomain.Search.complete-section to docs.*.cloudsearch-domain.Search.complete-section
2025-02-07 10:38:10 - DEBUG - Changing event name from docs.*.cloudsearchdomain.Search.complete-section to docs.*.cloudsearch-domain.Search.complete-section
2025-02-07 10:38:10 - DEBUG - Changing event name from request-created.cloudsearchdomain.Search to request-created.cloudsearch-domain.Search
2025-02-07 10:38:10 - DEBUG - Changing event name from docs.*.autoscaling.CreateLaunchConfiguration.complete-section to docs.*.auto-scaling.CreateLaunchConfiguration.complete-section
2025-02-07 10:38:10 - DEBUG - Loading JSON file: /usr/local/lib/python3.9/site-packages/botocore/data/endpoints.json
2025-02-07 10:38:10 - DEBUG - Loading JSON file: /usr/local/lib/python3.9/site-packages/botocore/data/endpoints.json
2025-02-07 10:38:10 - DEBUG - Loading JSON file: /usr/local/lib/python3.9/site-packages/botocore/data/endpoints.json
2025-02-07 10:38:10 - DEBUG - Loading JSON file: /usr/local/lib/python3.9/site-packages/botocore/data/endpoints.json
2025-02-07 10:38:10 - DEBUG - Loading JSON file: /usr/local/lib/python3.9/site-packages/botocore/data/endpoints.json
2025-02-07 10:38:10 - DEBUG - Loading JSON file: /usr/local/lib/python3.9/site-packages/botocore/data/endpoints.json
2025-02-07 10:38:10 - DEBUG - Changing event name from before-parameter-build.logs.CreateExportTask to before-parameter-build.cloudwatch-logs.CreateExportTask
2025-02-07 10:38:10 - DEBUG - Loading JSON file: /usr/local/lib/python3.9/site-packages/botocore/data/endpoints.json
2025-02-07 10:38:10 - DEBUG - Changing event name from docs.*.logs.CreateExportTask.complete-section to docs.*.cloudwatch-logs.CreateExportTask.complete-section
2025-02-07 10:38:10 - DEBUG - Changing event name from before-parameter-build.cloudsearchdomain.Search to before-parameter-build.cloudsearch-domain.Search
2025-02-07 10:38:10 - DEBUG - Changing event name from docs.*.cloudsearchdomain.Search.complete-section to docs.*.cloudsearch-domain.Search.complete-section
2025-02-07 10:38:10 - DEBUG - Loading JSON file: /usr/local/lib/python3.9/site-packages/botocore/data/endpoints.json
2025-02-07 10:38:10 - DEBUG - Loading JSON file: /usr/local/lib/python3.9/site-packages/botocore/data/sdk-default-configuration.json
2025-02-07 10:38:10 - DEBUG - Event choose-service-name: calling handler <function handle_service_name_alias at 0x7fb39f299040>
2025-02-07 10:38:10 - DEBUG - Loading JSON file: /usr/local/lib/python3.9/site-packages/botocore/data/sdk-default-configuration.json
2025-02-07 10:38:10 - DEBUG - Loading JSON file: /usr/local/lib/python3.9/site-packages/botocore/data/sdk-default-configuration.json
2025-02-07 10:38:10 - DEBUG - Event choose-service-name: calling handler <function handle_service_name_alias at 0x7f2fb3a65040>
2025-02-07 10:38:10 - DEBUG - Event choose-service-name: calling handler <function handle_service_name_alias at 0x7f201a961040>
2025-02-07 10:38:10 - DEBUG - Loading JSON file: /usr/local/lib/python3.9/site-packages/botocore/data/sdk-default-configuration.json
2025-02-07 10:38:10 - DEBUG - Event choose-service-name: calling handler <function handle_service_name_alias at 0x7fc637476f70>
2025-02-07 10:38:10 - DEBUG - Loading JSON file: /usr/local/lib/python3.9/site-packages/botocore/data/s3/2006-03-01/service-2.json.gz
2025-02-07 10:38:10 - DEBUG - Loading JSON file: /usr/local/lib/python3.9/site-packages/botocore/data/s3/2006-03-01/service-2.json.gz
2025-02-07 10:38:10 - DEBUG - Loading JSON file: /usr/local/lib/python3.9/site-packages/botocore/data/s3/2006-03-01/service-2.json.gz
2025-02-07 10:38:10 - DEBUG - Loading JSON file: /usr/local/lib/python3.9/site-packages/botocore/data/s3/2006-03-01/service-2.json.gz
2025-02-07 10:38:10 - DEBUG - Loading JSON file: /usr/local/lib/python3.9/site-packages/botocore/data/s3/2006-03-01/service-2.sdk-extras.json
2025-02-07 10:38:10 - DEBUG - Loading JSON file: /usr/local/lib/python3.9/site-packages/botocore/data/s3/2006-03-01/service-2.sdk-extras.json
2025-02-07 10:38:10 - DEBUG - Loading JSON file: /usr/local/lib/python3.9/site-packages/botocore/data/s3/2006-03-01/service-2.sdk-extras.json
2025-02-07 10:38:10 - DEBUG - Loading JSON file: /usr/local/lib/python3.9/site-packages/botocore/data/s3/2006-03-01/service-2.sdk-extras.json
2025-02-07 10:38:10 - DEBUG - Loading JSON file: /usr/local/lib/python3.9/site-packages/botocore/data/s3/2006-03-01/endpoint-rule-set-1.json.gz
2025-02-07 10:38:10 - DEBUG - Loading JSON file: /usr/local/lib/python3.9/site-packages/botocore/data/s3/2006-03-01/endpoint-rule-set-1.json.gz
2025-02-07 10:38:10 - DEBUG - Loading JSON file: /usr/local/lib/python3.9/site-packages/botocore/data/s3/2006-03-01/endpoint-rule-set-1.json.gz
2025-02-07 10:38:10 - DEBUG - Loading JSON file: /usr/local/lib/python3.9/site-packages/botocore/data/s3/2006-03-01/endpoint-rule-set-1.json.gz
2025-02-07 10:38:10 - DEBUG - Loading JSON file: /usr/local/lib/python3.9/site-packages/botocore/data/partitions.json
2025-02-07 10:38:10 - DEBUG - Loading JSON file: /usr/local/lib/python3.9/site-packages/botocore/data/partitions.json
2025-02-07 10:38:10 - DEBUG - Loading JSON file: /usr/local/lib/python3.9/site-packages/botocore/data/partitions.json
2025-02-07 10:38:11 - DEBUG - Loading JSON file: /usr/local/lib/python3.9/site-packages/botocore/data/sdk-default-configuration.json
2025-02-07 10:38:11 - DEBUG - Loading JSON file: /usr/local/lib/python3.9/site-packages/botocore/data/sdk-default-configuration.json
2025-02-07 10:38:11 - DEBUG - Event choose-service-name: calling handler <function handle_service_name_alias at 0x7f20299270d0>
2025-02-07 10:38:11 - DEBUG - Event choose-service-name: calling handler <function handle_service_name_alias at 0x7fd746442040>
2025-02-07 10:38:11 - DEBUG - Loading JSON file: /usr/local/lib/python3.9/site-packages/botocore/data/sdk-default-configuration.json
2025-02-07 10:38:11 - DEBUG - Event choose-service-name: calling handler <function handle_service_name_alias at 0x7fc194809040>
2025-02-07 10:38:11 - DEBUG - Loading JSON file: /usr/local/lib/python3.9/site-packages/botocore/data/sdk-default-configuration.json
2025-02-07 10:38:11 - DEBUG - Event choose-service-name: calling handler <function handle_service_name_alias at 0x7fcd9a146040>
2025-02-07 10:38:11 - DEBUG - Loading JSON file: /usr/local/lib/python3.9/site-packages/botocore/data/s3/2006-03-01/service-2.json.gz
2025-02-07 10:38:11 - DEBUG - Loading JSON file: /usr/local/lib/python3.9/site-packages/botocore/data/s3/2006-03-01/service-2.json.gz
2025-02-07 10:38:11 - DEBUG - Loading JSON file: /usr/local/lib/python3.9/site-packages/botocore/data/s3/2006-03-01/service-2.json.gz
2025-02-07 10:38:11 - DEBUG - Loading JSON file: /usr/local/lib/python3.9/site-packages/botocore/data/s3/2006-03-01/service-2.json.gz
2025-02-07 10:38:11 - DEBUG - Loading JSON file: /usr/local/lib/python3.9/site-packages/botocore/data/s3/2006-03-01/service-2.sdk-extras.json
2025-02-07 10:38:11 - DEBUG - Loading JSON file: /usr/local/lib/python3.9/site-packages/botocore/data/s3/2006-03-01/service-2.sdk-extras.json
2025-02-07 10:38:11 - DEBUG - Loading JSON file: /usr/local/lib/python3.9/site-packages/botocore/data/s3/2006-03-01/service-2.sdk-extras.json
2025-02-07 10:38:11 - DEBUG - Loading JSON file: /usr/local/lib/python3.9/site-packages/botocore/data/s3/2006-03-01/service-2.sdk-extras.json
2025-02-07 10:38:11 - DEBUG - Loading JSON file: /usr/local/lib/python3.9/site-packages/botocore/data/s3/2006-03-01/endpoint-rule-set-1.json.gz
2025-02-07 10:38:11 - DEBUG - Loading JSON file: /usr/local/lib/python3.9/site-packages/botocore/data/s3/2006-03-01/endpoint-rule-set-1.json.gz
2025-02-07 10:38:11 - DEBUG - Loading JSON file: /usr/local/lib/python3.9/site-packages/botocore/data/partitions.json
2025-02-07 10:38:11 - DEBUG - Loading JSON file: /usr/local/lib/python3.9/site-packages/botocore/data/partitions.json
2025-02-07 10:38:11 - DEBUG - Loading JSON file: /usr/local/lib/python3.9/site-packages/botocore/data/s3/2006-03-01/endpoint-rule-set-1.json.gz
2025-02-07 10:38:11 - DEBUG - Loading JSON file: /usr/local/lib/python3.9/site-packages/botocore/data/s3/2006-03-01/endpoint-rule-set-1.json.gz
2025-02-07 10:38:11 - DEBUG - Loading JSON file: /usr/local/lib/python3.9/site-packages/botocore/data/partitions.json
2025-02-07 10:38:11 - DEBUG - Loading JSON file: /usr/local/lib/python3.9/site-packages/botocore/data/partitions.json
2025-02-07 10:38:11 - DEBUG - Event creating-client-class.s3: calling handler <function add_generate_presigned_post at 0x7f20296db820>
2025-02-07 10:38:11 - DEBUG - Event creating-client-class.s3: calling handler <function lazy_call.<locals>._handler at 0x7f20a7d37700>
2025-02-07 10:38:11 - DEBUG - Event creating-client-class.s3: calling handler <function add_generate_presigned_post at 0x7fd7461f5790>
2025-02-07 10:38:11 - DEBUG - Event creating-client-class.s3: calling handler <function lazy_call.<locals>._handler at 0x7fd7c727c670>
2025-02-07 10:38:11 - DEBUG - Event creating-client-class.s3: calling handler <function add_generate_presigned_post at 0x7fc1945bd790>
2025-02-07 10:38:11 - DEBUG - Event creating-client-class.s3: calling handler <function lazy_call.<locals>._handler at 0x7fc2172c1670>
2025-02-07 10:38:11 - DEBUG - Event creating-client-class.s3: calling handler <function add_generate_presigned_post at 0x7fcd99efa790>
2025-02-07 10:38:11 - DEBUG - Event creating-client-class.s3: calling handler <function lazy_call.<locals>._handler at 0x7fce18f3b670>
2025-02-07 10:38:11 - DEBUG - Event creating-client-class.s3: calling handler <function add_generate_presigned_post at 0x7f201a713790>
2025-02-07 10:38:11 - DEBUG - Loading JSON file: /usr/local/lib/python3.9/site-packages/botocore/data/partitions.json
2025-02-07 10:38:11 - DEBUG - Event creating-client-class.s3: calling handler <function add_generate_presigned_url at 0x7f20296db5e0>
2025-02-07 10:38:11 - DEBUG - Event creating-client-class.s3: calling handler <function add_generate_presigned_url at 0x7fd7461f5550>
2025-02-07 10:38:11 - DEBUG - Event creating-client-class.s3: calling handler <function add_generate_presigned_url at 0x7fc1945bd550>
2025-02-07 10:38:11 - DEBUG - Event creating-client-class.s3: calling handler <function lazy_call.<locals>._handler at 0x7f209767e5e0>
2025-02-07 10:38:11 - DEBUG - Event creating-client-class.s3: calling handler <function add_generate_presigned_post at 0x7fb39f04c790>
2025-02-07 10:38:11 - DEBUG - Event creating-client-class.s3: calling handler <function add_generate_presigned_url at 0x7fcd99efa550>
2025-02-07 10:38:11 - DEBUG - Event creating-client-class.s3: calling handler <function lazy_call.<locals>._handler at 0x7fb4240c45e0>
2025-02-07 10:38:11 - DEBUG - Setting s3 timeout as (60, 60)
2025-02-07 10:38:11 - DEBUG - Setting s3 timeout as (60, 60)
2025-02-07 10:38:11 - DEBUG - Setting s3 timeout as (60, 60)
2025-02-07 10:38:11 - DEBUG - Setting s3 timeout as (60, 60)
2025-02-07 10:38:11 - DEBUG - Event creating-client-class.s3: calling handler <function add_generate_presigned_post at 0x7fc6371cc700>
2025-02-07 10:38:11 - DEBUG - Event creating-client-class.s3: calling handler <function lazy_call.<locals>._handler at 0x7fc6b60795e0>
2025-02-07 10:38:11 - DEBUG - Loading JSON file: /usr/local/lib/python3.9/site-packages/botocore/data/_retry.json
2025-02-07 10:38:11 - DEBUG - Loading JSON file: /usr/local/lib/python3.9/site-packages/botocore/data/_retry.json
2025-02-07 10:38:11 - DEBUG - Loading JSON file: /usr/local/lib/python3.9/site-packages/botocore/data/_retry.json
2025-02-07 10:38:11 - DEBUG - Registering retry handlers for service: s3
2025-02-07 10:38:11 - DEBUG - Registering retry handlers for service: s3
2025-02-07 10:38:11 - DEBUG - Registering S3 region redirector handler
2025-02-07 10:38:11 - DEBUG - Registering retry handlers for service: s3
2025-02-07 10:38:11 - DEBUG - Registering S3 region redirector handler
2025-02-07 10:38:11 - DEBUG - Registering S3 region redirector handler
2025-02-07 10:38:11 - DEBUG - Registering S3Express Identity Resolver
2025-02-07 10:38:11 - DEBUG - Event creating-client-class.s3: calling handler <function add_generate_presigned_post at 0x7f2fb381a790>
2025-02-07 10:38:11 - DEBUG - Event creating-client-class.s3: calling handler <function lazy_call.<locals>._handler at 0x7f303873c670>
2025-02-07 10:38:11 - DEBUG - Registering S3Express Identity Resolver
2025-02-07 10:38:11 - DEBUG - Loading JSON file: /usr/local/lib/python3.9/site-packages/botocore/data/_retry.json
2025-02-07 10:38:11 - DEBUG - Registering S3Express Identity Resolver
2025-02-07 10:38:11 - DEBUG - Registering retry handlers for service: s3
2025-02-07 10:38:11 - DEBUG - Event creating-client-class.s3: calling handler <function add_generate_presigned_url at 0x7f201a713550>
2025-02-07 10:38:11 - DEBUG - Registering S3 region redirector handler
2025-02-07 10:38:11 - DEBUG - Registering S3Express Identity Resolver
2025-02-07 10:38:11 - DEBUG - Setting s3 timeout as (60, 60)
2025-02-07 10:38:11 - DEBUG - Event creating-client-class.s3: calling handler <function add_generate_presigned_url at 0x7fb39f04c550>
2025-02-07 10:38:11 - DEBUG - Setting s3 timeout as (60, 60)
2025-02-07 10:38:11 - DEBUG - Loading JSON file: /usr/local/lib/python3.9/site-packages/botocore/data/_retry.json
2025-02-07 10:38:11 - DEBUG - Registering retry handlers for service: s3
2025-02-07 10:38:11 - DEBUG - Event creating-client-class.s3: calling handler <function add_generate_presigned_url at 0x7fc6371cc4c0>
2025-02-07 10:38:11 - DEBUG - Registering S3 region redirector handler
2025-02-07 10:38:11 - DEBUG - Registering S3Express Identity Resolver
2025-02-07 10:38:11 - DEBUG - Loading JSON file: /usr/local/lib/python3.9/site-packages/botocore/data/_retry.json
2025-02-07 10:38:11 - DEBUG - Setting s3 timeout as (60, 60)
2025-02-07 10:38:11 - DEBUG - Event creating-client-class.s3: calling handler <function add_generate_presigned_url at 0x7f2fb381a550>
2025-02-07 10:38:11 - DEBUG - Registering retry handlers for service: s3
2025-02-07 10:38:11 - DEBUG - Registering S3 region redirector handler
2025-02-07 10:38:11 - DEBUG - Registering S3Express Identity Resolver
2025-02-07 10:38:11 - DEBUG - Loading JSON file: /usr/local/lib/python3.9/site-packages/botocore/data/_retry.json
2025-02-07 10:38:11 - DEBUG - Setting s3 timeout as (60, 60)
2025-02-07 10:38:11 - DEBUG - Registering retry handlers for service: s3
2025-02-07 10:38:11 - DEBUG - Registering S3 region redirector handler
2025-02-07 10:38:11 - DEBUG - Registering S3Express Identity Resolver
2025-02-07 10:38:11 - DEBUG - Loading JSON file: /usr/local/lib/python3.9/site-packages/botocore/data/_retry.json
2025-02-07 10:38:11 - DEBUG - Registering retry handlers for service: s3
2025-02-07 10:38:11 - DEBUG - Registering S3 region redirector handler
2025-02-07 10:38:11 - DEBUG - Registering S3Express Identity Resolver
2025-02-07 10:39:53 - INFO - detect_n_emb_face - Image decoded successfully from store 1
2025-02-07 10:39:54 - INFO - 1 - Check face left right: True
2025-02-07 10:39:54 - INFO - 1 - Check eyes open: True
2025-02-07 10:39:54 - INFO - 1 - Face detected successfully
2025-02-07 10:39:54 - INFO - 1 - Distance from face to camera: 43.83141762452108
2025-02-07 10:39:54 - INFO - 1 - Check full face: True
2025-02-07 10:39:54 - INFO - 1 - Check face blur: True
2025-02-07 10:40:37 - DEBUG - Creating converter from 3 to 5
2025-02-07 10:40:42 - INFO - 1 - Face is real
2025-02-07 10:40:42 - WARNING - face_recog_img_base64 - 1 - Face is not existed! Please register your face or checkin again
2025-02-07 10:41:30 - INFO - create_face_img_base64 - Create face chau with id test1 from store 1
2025-02-07 10:41:30 - INFO - detect_n_emb_face - Image decoded successfully from store 1
2025-02-07 10:41:31 - INFO - 1 - Face detected successfully
2025-02-07 10:41:32 - INFO - 1 - Face is real
2025-02-07 10:41:32 - DEBUG - Event before-parameter-build.s3.HeadBucket: calling handler <function validate_bucket_name at 0x7fc637158430>
2025-02-07 10:41:32 - DEBUG - Event before-parameter-build.s3.HeadBucket: calling handler <function remove_bucket_from_url_paths_from_model at 0x7fc63715f310>
2025-02-07 10:41:32 - DEBUG - Event before-parameter-build.s3.HeadBucket: calling handler <bound method S3RegionRedirectorv2.annotate_request_context of <botocore.utils.S3RegionRedirectorv2 object at 0x7fc56ff0e730>>
2025-02-07 10:41:32 - DEBUG - Event before-parameter-build.s3.HeadBucket: calling handler <bound method ClientCreator._inject_s3_input_parameters of <botocore.client.ClientCreator object at 0x7fc6457aeb80>>
2025-02-07 10:41:32 - DEBUG - Event before-parameter-build.s3.HeadBucket: calling handler <function generate_idempotent_uuid at 0x7fc637158280>
2025-02-07 10:41:32 - DEBUG - Event before-parameter-build.s3.HeadBucket: calling handler <function _handle_request_validation_mode_member at 0x7fc63715f9d0>
2025-02-07 10:41:32 - DEBUG - Event before-endpoint-resolution.s3: calling handler <function customize_endpoint_resolver_builtins at 0x7fc63715f4c0>
2025-02-07 10:41:32 - DEBUG - Event before-endpoint-resolution.s3: calling handler <bound method S3RegionRedirectorv2.redirect_from_cache of <botocore.utils.S3RegionRedirectorv2 object at 0x7fc56ff0e730>>
2025-02-07 10:41:32 - DEBUG - Calling endpoint provider with parameters: {'Bucket': 'data-face-register-employee-images', 'Region': 'us-east-1', 'UseFIPS': False, 'UseDualStack': False, 'Endpoint': 'http://minio:9000', 'ForcePathStyle': True, 'Accelerate': False, 'UseGlobalEndpoint': True, 'DisableMultiRegionAccessPoints': False, 'UseArnRegion': True}
2025-02-07 10:41:32 - DEBUG - Endpoint provider result: http://minio:9000/data-face-register-employee-images
2025-02-07 10:41:32 - DEBUG - Selecting from endpoint provider's list of auth schemes: "sigv4". User selected auth scheme is: "None"
2025-02-07 10:41:32 - DEBUG - Selected auth type "v4" as "v4" with signing context params: {'region': 'us-east-1', 'signing_name': 's3', 'disableDoubleEncoding': True}
2025-02-07 10:41:32 - DEBUG - Event before-call.s3.HeadBucket: calling handler <function add_expect_header at 0x7fc637158790>
2025-02-07 10:41:32 - DEBUG - Event before-call.s3.HeadBucket: calling handler <bound method S3ExpressIdentityResolver.apply_signing_cache_key of <botocore.utils.S3ExpressIdentityResolver object at 0x7fc56ff0e760>>
2025-02-07 10:41:32 - DEBUG - Event before-call.s3.HeadBucket: calling handler <function add_recursion_detection_header at 0x7fc637155e50>
2025-02-07 10:41:32 - DEBUG - Event before-call.s3.HeadBucket: calling handler <function add_query_compatibility_header at 0x7fc63715f940>
2025-02-07 10:41:32 - DEBUG - Event before-call.s3.HeadBucket: calling handler <function inject_api_version_header_if_needed at 0x7fc63715caf0>
2025-02-07 10:41:32 - DEBUG - Making request for OperationModel(name=HeadBucket) with params: {'url_path': '', 'query_string': {}, 'method': 'HEAD', 'headers': {'User-Agent': 'Boto3/1.36.15 md/Botocore#1.36.15 ua/2.0 os/linux#5.15.153.1-microsoft-standard-WSL2 md/arch#x86_64 lang/python#3.9.21 md/pyimpl#CPython cfg/retry-mode#legacy Botocore/1.36.15'}, 'body': b'', 'auth_path': '/data-face-register-employee-images/', 'url': 'http://minio:9000/data-face-register-employee-images', 'context': {'client_region': 'us-east-1', 'client_config': <botocore.config.Config object at 0x7fc64579bd60>, 'has_streaming_input': False, 'auth_type': 'v4', 'unsigned_payload': None, 's3_redirect': {'redirected': False, 'bucket': 'data-face-register-employee-images', 'params': {'Bucket': 'data-face-register-employee-images'}}, 'input_params': {'Bucket': 'data-face-register-employee-images'}, 'signing': {'region': 'us-east-1', 'signing_name': 's3', 'disableDoubleEncoding': True}, 'endpoint_properties': {'authSchemes': [{'disableDoubleEncoding': True, 'name': 'sigv4', 'signingName': 's3', 'signingRegion': 'us-east-1'}]}}}
2025-02-07 10:41:32 - DEBUG - Event request-created.s3.HeadBucket: calling handler <bound method RequestSigner.handler of <botocore.signers.RequestSigner object at 0x7fc64579b7f0>>
2025-02-07 10:41:32 - DEBUG - Event choose-signer.s3.HeadBucket: calling handler <bound method ClientCreator._default_s3_presign_to_sigv2 of <botocore.client.ClientCreator object at 0x7fc6457aeb80>>
2025-02-07 10:41:32 - DEBUG - Event choose-signer.s3.HeadBucket: calling handler <function set_operation_specific_signer at 0x7fc6371580d0>
2025-02-07 10:41:32 - DEBUG - Event before-sign.s3.HeadBucket: calling handler <function remove_arn_from_signing_path at 0x7fc63715f430>
2025-02-07 10:41:32 - DEBUG - Event before-sign.s3.HeadBucket: calling handler <function _set_extra_headers_for_unsigned_request at 0x7fc63715fa60>
2025-02-07 10:41:32 - DEBUG - Event before-sign.s3.HeadBucket: calling handler <bound method S3ExpressIdentityResolver.resolve_s3express_identity of <botocore.utils.S3ExpressIdentityResolver object at 0x7fc56ff0e760>>
2025-02-07 10:41:32 - DEBUG - Calculating signature using v4 auth.
2025-02-07 10:41:32 - DEBUG - CanonicalRequest:
HEAD
/data-face-register-employee-images

host:minio:9000
x-amz-content-sha256:e3b0c44298fc1c149afbf4c8996fb92427ae41e4649b934ca495991b7852b855
x-amz-date:20250207T104132Z

host;x-amz-content-sha256;x-amz-date
e3b0c44298fc1c149afbf4c8996fb92427ae41e4649b934ca495991b7852b855
2025-02-07 10:41:32 - DEBUG - StringToSign:
AWS4-HMAC-SHA256
20250207T104132Z
20250207/us-east-1/s3/aws4_request
104130a0934a59eac4acb960a69a1574198002326789286af3a317f59f2d0ca2
2025-02-07 10:41:32 - DEBUG - Signature:
b879b7c8277cfe9d9adfd26af7130eb8ba8eeca294fbe5a457d423f6402b43a6
2025-02-07 10:41:32 - DEBUG - Event request-created.s3.HeadBucket: calling handler <function add_retry_headers at 0x7fc63715f280>
2025-02-07 10:41:32 - DEBUG - Sending http request: <AWSPreparedRequest stream_output=False, method=HEAD, url=http://minio:9000/data-face-register-employee-images, headers={'User-Agent': b'Boto3/1.36.15 md/Botocore#1.36.15 ua/2.0 os/linux#5.15.153.1-microsoft-standard-WSL2 md/arch#x86_64 lang/python#3.9.21 md/pyimpl#CPython cfg/retry-mode#legacy Botocore/1.36.15', 'X-Amz-Date': b'20250207T104132Z', 'X-Amz-Content-SHA256': b'e3b0c44298fc1c149afbf4c8996fb92427ae41e4649b934ca495991b7852b855', 'Authorization': b'AWS4-HMAC-SHA256 Credential=minioadmin/20250207/us-east-1/s3/aws4_request, SignedHeaders=host;x-amz-content-sha256;x-amz-date, Signature=b879b7c8277cfe9d9adfd26af7130eb8ba8eeca294fbe5a457d423f6402b43a6', 'amz-sdk-invocation-id': b'6872b47d-99f9-46ed-b991-f4396d0851a6', 'amz-sdk-request': b'attempt=1'}>
2025-02-07 10:41:32 - DEBUG - Event before-parse.s3.HeadBucket: calling handler <function _handle_200_error at 0x7fc63715f790>
2025-02-07 10:41:32 - DEBUG - Event before-parse.s3.HeadBucket: calling handler <function handle_expires_header at 0x7fc63715f5e0>
2025-02-07 10:41:32 - DEBUG - Response headers: {'Accept-Ranges': 'bytes', 'Content-Length': '0', 'Content-Type': 'application/xml', 'Server': 'MinIO', 'Strict-Transport-Security': 'max-age=31536000; includeSubDomains', 'Vary': 'Origin, Accept-Encoding', 'X-Amz-Id-2': 'dd9025bab4ad464b049177c95eb6ebf374d3b3fd1af9251148b658df7ac2e3e8', 'X-Amz-Request-Id': '1821E6FA1914810C', 'X-Content-Type-Options': 'nosniff', 'X-Ratelimit-Limit': '2010', 'X-Ratelimit-Remaining': '2010', 'X-Xss-Protection': '1; mode=block', 'Date': 'Fri, 07 Feb 2025 10:41:32 GMT'}
2025-02-07 10:41:32 - DEBUG - Response body:
b''
2025-02-07 10:41:33 - DEBUG - Event needs-retry.s3.HeadBucket: calling handler <function _update_status_code at 0x7fc63715f8b0>
2025-02-07 10:41:33 - DEBUG - Event needs-retry.s3.HeadBucket: calling handler <botocore.retryhandler.RetryHandler object at 0x7fc56ff0e670>
2025-02-07 10:41:33 - DEBUG - No retry needed.
2025-02-07 10:41:33 - DEBUG - Event needs-retry.s3.HeadBucket: calling handler <bound method S3RegionRedirectorv2.redirect_from_error of <botocore.utils.S3RegionRedirectorv2 object at 0x7fc56ff0e730>>
2025-02-07 10:41:33 - INFO - Bucket data-face-register-employee-images already exists
2025-02-07 10:41:33 - DEBUG - Opting out of CRT Transfer Manager. Preferred client: auto, CRT available: False, Instance Optimized: False.
2025-02-07 10:41:33 - DEBUG - Using default client. pid: 15, thread: 140491784694656
2025-02-07 10:41:33 - DEBUG - Acquiring 0
2025-02-07 10:41:33 - DEBUG - UploadSubmissionTask(transfer_id=0, {'transfer_future': <s3transfer.futures.TransferFuture object at 0x7fc5205a16d0>}) about to wait for the following futures []
2025-02-07 10:41:33 - DEBUG - UploadSubmissionTask(transfer_id=0, {'transfer_future': <s3transfer.futures.TransferFuture object at 0x7fc5205a16d0>}) done waiting for dependent futures
2025-02-07 10:41:33 - DEBUG - Executing task UploadSubmissionTask(transfer_id=0, {'transfer_future': <s3transfer.futures.TransferFuture object at 0x7fc5205a16d0>}) with kwargs {'client': <botocore.client.S3 object at 0x7fc64579b730>, 'config': <boto3.s3.transfer.TransferConfig object at 0x7fc54f3de310>, 'osutil': <s3transfer.utils.OSUtils object at 0x7fc54f3de370>, 'request_executor': <s3transfer.futures.BoundedExecutor object at 0x7fc54f3de490>, 'transfer_future': <s3transfer.futures.TransferFuture object at 0x7fc5205a16d0>}
2025-02-07 10:41:33 - DEBUG - Submitting task PutObjectTask(transfer_id=0, {'bucket': 'data-face-register-employee-images', 'key': '1/2025_02_07/test1_chau_10_41_33.jpg', 'extra_args': {'ContentType': 'image/jpeg', 'ChecksumAlgorithm': 'CRC32'}}) to executor <s3transfer.futures.BoundedExecutor object at 0x7fc54f3de490> for transfer request: 0.
2025-02-07 10:41:33 - DEBUG - Acquiring 0
2025-02-07 10:41:33 - DEBUG - PutObjectTask(transfer_id=0, {'bucket': 'data-face-register-employee-images', 'key': '1/2025_02_07/test1_chau_10_41_33.jpg', 'extra_args': {'ContentType': 'image/jpeg', 'ChecksumAlgorithm': 'CRC32'}}) about to wait for the following futures []
2025-02-07 10:41:33 - DEBUG - Releasing acquire 0/None
2025-02-07 10:41:33 - DEBUG - PutObjectTask(transfer_id=0, {'bucket': 'data-face-register-employee-images', 'key': '1/2025_02_07/test1_chau_10_41_33.jpg', 'extra_args': {'ContentType': 'image/jpeg', 'ChecksumAlgorithm': 'CRC32'}}) done waiting for dependent futures
2025-02-07 10:41:33 - DEBUG - Executing task PutObjectTask(transfer_id=0, {'bucket': 'data-face-register-employee-images', 'key': '1/2025_02_07/test1_chau_10_41_33.jpg', 'extra_args': {'ContentType': 'image/jpeg', 'ChecksumAlgorithm': 'CRC32'}}) with kwargs {'client': <botocore.client.S3 object at 0x7fc64579b730>, 'fileobj': <s3transfer.utils.ReadFileChunk object at 0x7fc5205a1c70>, 'bucket': 'data-face-register-employee-images', 'key': '1/2025_02_07/test1_chau_10_41_33.jpg', 'extra_args': {'ContentType': 'image/jpeg', 'ChecksumAlgorithm': 'CRC32'}}
2025-02-07 10:41:33 - DEBUG - Event before-parameter-build.s3.PutObject: calling handler <function validate_ascii_metadata at 0x7fc63715c0d0>
2025-02-07 10:41:33 - DEBUG - Event before-parameter-build.s3.PutObject: calling handler <function sse_md5 at 0x7fc6371584c0>
2025-02-07 10:41:33 - DEBUG - Event before-parameter-build.s3.PutObject: calling handler <function convert_body_to_file_like_object at 0x7fc63715c9d0>
2025-02-07 10:41:33 - DEBUG - Event before-parameter-build.s3.PutObject: calling handler <function validate_bucket_name at 0x7fc637158430>
2025-02-07 10:41:33 - DEBUG - Event before-parameter-build.s3.PutObject: calling handler <function remove_bucket_from_url_paths_from_model at 0x7fc63715f310>
2025-02-07 10:41:33 - DEBUG - Event before-parameter-build.s3.PutObject: calling handler <bound method S3RegionRedirectorv2.annotate_request_context of <botocore.utils.S3RegionRedirectorv2 object at 0x7fc56ff0e730>>
2025-02-07 10:41:33 - DEBUG - Event before-parameter-build.s3.PutObject: calling handler <bound method ClientCreator._inject_s3_input_parameters of <botocore.client.ClientCreator object at 0x7fc6457aeb80>>
2025-02-07 10:41:33 - DEBUG - Event before-parameter-build.s3.PutObject: calling handler <function generate_idempotent_uuid at 0x7fc637158280>
2025-02-07 10:41:33 - DEBUG - Event before-parameter-build.s3.PutObject: calling handler <function _handle_request_validation_mode_member at 0x7fc63715f9d0>
2025-02-07 10:41:33 - DEBUG - Event before-endpoint-resolution.s3: calling handler <function customize_endpoint_resolver_builtins at 0x7fc63715f4c0>
2025-02-07 10:41:33 - DEBUG - Event before-endpoint-resolution.s3: calling handler <bound method S3RegionRedirectorv2.redirect_from_cache of <botocore.utils.S3RegionRedirectorv2 object at 0x7fc56ff0e730>>
2025-02-07 10:41:33 - DEBUG - Calling endpoint provider with parameters: {'Bucket': 'data-face-register-employee-images', 'Region': 'us-east-1', 'UseFIPS': False, 'UseDualStack': False, 'Endpoint': 'http://minio:9000', 'ForcePathStyle': True, 'Accelerate': False, 'UseGlobalEndpoint': True, 'Key': '1/2025_02_07/test1_chau_10_41_33.jpg', 'DisableMultiRegionAccessPoints': False, 'UseArnRegion': True}
2025-02-07 10:41:33 - DEBUG - Endpoint provider result: http://minio:9000/data-face-register-employee-images
2025-02-07 10:41:33 - DEBUG - Selecting from endpoint provider's list of auth schemes: "sigv4". User selected auth scheme is: "None"
2025-02-07 10:41:33 - DEBUG - Selected auth type "v4" as "v4" with signing context params: {'region': 'us-east-1', 'signing_name': 's3', 'disableDoubleEncoding': True}
2025-02-07 10:41:33 - DEBUG - Event before-call.s3.PutObject: calling handler <function add_expect_header at 0x7fc637158790>
2025-02-07 10:41:33 - DEBUG - Adding expect 100 continue header to request.
2025-02-07 10:41:33 - DEBUG - Event before-call.s3.PutObject: calling handler <bound method S3ExpressIdentityResolver.apply_signing_cache_key of <botocore.utils.S3ExpressIdentityResolver object at 0x7fc56ff0e760>>
2025-02-07 10:41:33 - DEBUG - Event before-call.s3.PutObject: calling handler <function add_recursion_detection_header at 0x7fc637155e50>
2025-02-07 10:41:33 - DEBUG - Event before-call.s3.PutObject: calling handler <function add_query_compatibility_header at 0x7fc63715f940>
2025-02-07 10:41:33 - DEBUG - Event before-call.s3.PutObject: calling handler <function inject_api_version_header_if_needed at 0x7fc63715caf0>
2025-02-07 10:41:33 - DEBUG - Making request for OperationModel(name=PutObject) with params: {'url_path': '/1/2025_02_07/test1_chau_10_41_33.jpg', 'query_string': {}, 'method': 'PUT', 'headers': {'Content-Type': 'image/jpeg', 'x-amz-sdk-checksum-algorithm': 'CRC32', 'User-Agent': 'Boto3/1.36.15 md/Botocore#1.36.15 ua/2.0 os/linux#5.15.153.1-microsoft-standard-WSL2 md/arch#x86_64 lang/python#3.9.21 md/pyimpl#CPython cfg/retry-mode#legacy Botocore/1.36.15', 'Expect': '100-continue', 'x-amz-checksum-crc32': 'Y6jg5g=='}, 'body': <s3transfer.utils.ReadFileChunk object at 0x7fc5205a1c70>, 'auth_path': '/data-face-register-employee-images/1/2025_02_07/test1_chau_10_41_33.jpg', 'url': 'http://minio:9000/data-face-register-employee-images/1/2025_02_07/test1_chau_10_41_33.jpg', 'context': {'client_region': 'us-east-1', 'client_config': <botocore.config.Config object at 0x7fc64579bd60>, 'has_streaming_input': True, 'auth_type': 'v4', 'unsigned_payload': None, 's3_redirect': {'redirected': False, 'bucket': 'data-face-register-employee-images', 'params': {'Bucket': 'data-face-register-employee-images', 'Key': '1/2025_02_07/test1_chau_10_41_33.jpg', 'Body': <s3transfer.utils.ReadFileChunk object at 0x7fc5205a1c70>, 'ContentType': 'image/jpeg', 'ChecksumAlgorithm': 'CRC32'}}, 'input_params': {'Bucket': 'data-face-register-employee-images', 'Key': '1/2025_02_07/test1_chau_10_41_33.jpg'}, 'signing': {'region': 'us-east-1', 'signing_name': 's3', 'disableDoubleEncoding': True}, 'endpoint_properties': {'authSchemes': [{'disableDoubleEncoding': True, 'name': 'sigv4', 'signingName': 's3', 'signingRegion': 'us-east-1'}]}, 'checksum': {'request_algorithm': {'algorithm': 'crc32', 'in': 'header', 'name': 'x-amz-checksum-crc32'}}}}
2025-02-07 10:41:33 - DEBUG - Event request-created.s3.PutObject: calling handler <function signal_not_transferring at 0x7fc56fff3820>
2025-02-07 10:41:33 - DEBUG - Event request-created.s3.PutObject: calling handler <bound method RequestSigner.handler of <botocore.signers.RequestSigner object at 0x7fc64579b7f0>>
2025-02-07 10:41:33 - DEBUG - Event choose-signer.s3.PutObject: calling handler <bound method ClientCreator._default_s3_presign_to_sigv2 of <botocore.client.ClientCreator object at 0x7fc6457aeb80>>
2025-02-07 10:41:33 - DEBUG - Event choose-signer.s3.PutObject: calling handler <function set_operation_specific_signer at 0x7fc6371580d0>
2025-02-07 10:41:33 - DEBUG - Event before-sign.s3.PutObject: calling handler <function remove_arn_from_signing_path at 0x7fc63715f430>
2025-02-07 10:41:33 - DEBUG - Event before-sign.s3.PutObject: calling handler <function _set_extra_headers_for_unsigned_request at 0x7fc63715fa60>
2025-02-07 10:41:33 - DEBUG - Event before-sign.s3.PutObject: calling handler <bound method S3ExpressIdentityResolver.resolve_s3express_identity of <botocore.utils.S3ExpressIdentityResolver object at 0x7fc56ff0e760>>
2025-02-07 10:41:33 - DEBUG - Calculating signature using v4 auth.
2025-02-07 10:41:33 - DEBUG - CanonicalRequest:
PUT
/data-face-register-employee-images/1/2025_02_07/test1_chau_10_41_33.jpg

content-type:image/jpeg
host:minio:9000
x-amz-checksum-crc32:Y6jg5g==
x-amz-content-sha256:3c2e06aaa8f7700f519668991bbe4e332f5ebe9285ccbeb0f92710361e04c6a7
x-amz-date:20250207T104133Z
x-amz-sdk-checksum-algorithm:CRC32

content-type;host;x-amz-checksum-crc32;x-amz-content-sha256;x-amz-date;x-amz-sdk-checksum-algorithm
3c2e06aaa8f7700f519668991bbe4e332f5ebe9285ccbeb0f92710361e04c6a7
2025-02-07 10:41:33 - DEBUG - StringToSign:
AWS4-HMAC-SHA256
20250207T104133Z
20250207/us-east-1/s3/aws4_request
6abad1198bb099477fab7df37b293895cbd3a282a9c8d4ced0f14bab5e3054fe
2025-02-07 10:41:33 - DEBUG - Signature:
a46e74905a87b8f5ebef5bc9397009fe56d99bd75cdcc6c66702f2e61b89c647
2025-02-07 10:41:33 - DEBUG - Event request-created.s3.PutObject: calling handler <function signal_transferring at 0x7fc56fff38b0>
2025-02-07 10:41:33 - DEBUG - Event request-created.s3.PutObject: calling handler <function add_retry_headers at 0x7fc63715f280>
2025-02-07 10:41:33 - DEBUG - Sending http request: <AWSPreparedRequest stream_output=False, method=PUT, url=http://minio:9000/data-face-register-employee-images/1/2025_02_07/test1_chau_10_41_33.jpg, headers={'Content-Type': b'image/jpeg', 'x-amz-sdk-checksum-algorithm': b'CRC32', 'User-Agent': b'Boto3/1.36.15 md/Botocore#1.36.15 ua/2.0 os/linux#5.15.153.1-microsoft-standard-WSL2 md/arch#x86_64 lang/python#3.9.21 md/pyimpl#CPython cfg/retry-mode#legacy Botocore/1.36.15', 'Expect': b'100-continue', 'x-amz-checksum-crc32': b'Y6jg5g==', 'X-Amz-Date': b'20250207T104133Z', 'X-Amz-Content-SHA256': b'3c2e06aaa8f7700f519668991bbe4e332f5ebe9285ccbeb0f92710361e04c6a7', 'Authorization': b'AWS4-HMAC-SHA256 Credential=minioadmin/20250207/us-east-1/s3/aws4_request, SignedHeaders=content-type;host;x-amz-checksum-crc32;x-amz-content-sha256;x-amz-date;x-amz-sdk-checksum-algorithm, Signature=a46e74905a87b8f5ebef5bc9397009fe56d99bd75cdcc6c66702f2e61b89c647', 'amz-sdk-invocation-id': b'eccc477b-f4e1-47d6-bebd-d5c5c7a58062', 'amz-sdk-request': b'attempt=1', 'Content-Length': '121704'}>
2025-02-07 10:41:33 - DEBUG - Waiting for 100 Continue response.
2025-02-07 10:41:33 - DEBUG - 100 Continue response seen, now sending request body.
2025-02-07 10:41:33 - DEBUG - Event before-parse.s3.PutObject: calling handler <function _handle_200_error at 0x7fc63715f790>
2025-02-07 10:41:33 - DEBUG - Event before-parse.s3.PutObject: calling handler <function handle_expires_header at 0x7fc63715f5e0>
2025-02-07 10:41:33 - DEBUG - Response headers: {'Accept-Ranges': 'bytes', 'Content-Length': '0', 'ETag': '"b0470bd489579d652e3a489981eaf3e6"', 'Server': 'MinIO', 'Strict-Transport-Security': 'max-age=31536000; includeSubDomains', 'Vary': 'Origin, Accept-Encoding', 'X-Amz-Checksum-Crc32': 'Y6jg5g==', 'X-Amz-Id-2': 'dd9025bab4ad464b049177c95eb6ebf374d3b3fd1af9251148b658df7ac2e3e8', 'X-Amz-Request-Id': '1821E6FA1CA03FBB', 'X-Content-Type-Options': 'nosniff', 'X-Ratelimit-Limit': '2010', 'X-Ratelimit-Remaining': '2010', 'X-Xss-Protection': '1; mode=block', 'Date': 'Fri, 07 Feb 2025 10:41:33 GMT'}
2025-02-07 10:41:33 - DEBUG - Response body:
b''
2025-02-07 10:41:33 - DEBUG - Event needs-retry.s3.PutObject: calling handler <function _update_status_code at 0x7fc63715f8b0>
2025-02-07 10:41:33 - DEBUG - Event needs-retry.s3.PutObject: calling handler <botocore.retryhandler.RetryHandler object at 0x7fc56ff0e670>
2025-02-07 10:41:33 - DEBUG - No retry needed.
2025-02-07 10:41:33 - DEBUG - Event needs-retry.s3.PutObject: calling handler <bound method S3RegionRedirectorv2.redirect_from_error of <botocore.utils.S3RegionRedirectorv2 object at 0x7fc56ff0e730>>
2025-02-07 10:41:33 - DEBUG - Releasing acquire 0/None
2025-02-07 10:41:33 - INFO - Uploaded image to MinIO: data-face-register-employee-images - 1/2025_02_07/test1_chau_10_41_33.jpg
2025-02-07 10:41:33 - INFO - create_face_img_base64 - 1 - Create face chau with id test1 successfully
